2	-3.296225	0
3	-3.392947	1
4	-3.522053	2
5	-3.753580	3
6	-3.754819	9
7	-3.761433	5
8	-3.795236	4
9	-3.840726	6
10	-3.853297	7
11	-3.861984	8
12	-4.194577	s
13	-4.306944	e
14	-4.426971	a
15	-4.523789	de
16	-5.024719	en
17	-5.137910	i
18	-5.203506	the
19	-5.207206	p
20	-5.208211	d
21	-5.269985	n
22	-5.276835	in
23	-5.327167	to
24	-5.340410	la
25	-5.419702	t
26	-5.436938	di
27	-5.538759	c
28	-5.608775	b
29	-5.625082	l
30	-5.678136	and
31	-5.750553	com
32	-5.761214	is
33	-5.842450	f
34	-5.844344	y
35	-5.884169	le
36	-5.914249	of
37	-5.926390	o
38	-5.955914	for
39	-5.961418	m
40	-5.994053	il
41	-6.019822	on
42	-6.157471	h
43	-6.181223	un
44	-6.192635	number
45	-6.198550	per
46	-6.205312	r
47	-6.320580	es
48	-6.332862	at
49	-6.336048	id
50	-6.371379	el
51	-6.403784	be
52	-6.429738	re
53	-6.429745	k
54	-6.433922	your
55	-6.435634	u
56	-6.442890	an
57	-6.462502	li
58	-6.484941	te
59	-6.524003	hai
60	-6.526604	you
61	-6.551402	die
62	-6.557596	à
63	-6.579888	con
64	-6.581643	pour
65	-6.595894	les
66	-6.616085	me
67	-6.634162	et
68	-6.642222	al
69	-6.657063	we
70	-6.660301	er
71	-6.668759	है
72	-6.682768	g
73	-6.697146	with
74	-6.711586	name
75	-6.712726	se
76	-6.717817	it
77	-6.719913	sie
78	-6.729951	je
79	-6.775050	date
80	-6.775478	der
81	-6.779825	z
82	-6.794090	br
83	-6.807525	und
84	-6.811366	des
85	-6.815784	j
86	-6.817572	email
87	-6.821751	que
88	-6.827485	x
89	-6.842822	del
90	-6.847678	address
91	-6.874445	no
92	-6.882458	van
93	-6.909522	v
94	-6.958472	do
95	-6.966898	am
96	-6.971170	du
97	-6.972973	our
98	-6.974766	ip
99	-7.006124	da
100	-7.009465	für
101	-7.014447	or
102	-7.028109	para
103	-7.036965	ka
104	-7.042409	su
105	-7.056581	ing
106	-7.085862	zu
107	-7.091693	vous
108	-7.094761	as
109	-7.112954	please
110	-7.123231	th
111	-7.133091	votre
112	-7.162527	this
113	-7.164133	è
114	-7.173452	are
115	-7.205778	tu
116	-7.223200	nous
117	-7.226009	ti
118	-7.245374	w
119	-7.252338	ich
120	-7.260606	information
121	-7.266078	adresse
122	-7.271705	my
123	-7.272051	by
124	-7.283549	ha
125	-7.291885	si
126	-7.298885	est
127	-7.309169	che
128	-7.326035	mi
129	-7.334286	wir
130	-7.354561	details
131	-7.361761	ta
132	-7.365295	ge
133	-7.366786	um
134	-7.372863	time
135	-7.375837	voor
136	-7.378320	that
137	-7.380073	bitte
138	-7.383441	data
139	-7.401183	के
140	-7.402118	ed
141	-7.405647	strong
142	-7.417740	ce
143	-7.419255	all
144	-7.420156	von
145	-7.420576	contact
146	-7.422152	na
147	-7.423651	ne
148	-7.426989	gmail
149	-7.431818	us
150	-7.439470	sur
151	-7.442235	can
152	-7.443072	ihre
153	-7.452421	account
154	-7.456119	ch
155	-7.468358	ki
156	-7.491473	co
157	-7.492292	het
158	-7.500125	will
159	-7.502261	mit
160	-7.518612	ho
161	-7.520281	lo
162	-7.525534	છે
163	-7.527433	op
164	-7.535672	una
165	-7.539855	den
166	-7.557697	plan
167	-7.562326	ver
168	-7.587354	par
169	-7.606800	आहे
170	-7.612447	hi
171	-7.612723	met
172	-7.614683	au
173	-7.625912	vi
174	-7.627982	ar
175	-7.655022	ist
176	-7.655923	om
177	-7.656794	im
178	-7.657879	ko
179	-7.666029	have
180	-7.672993	from
181	-7.674405	में
182	-7.680403	so
183	-7.684231	ci
184	-7.694397	card
185	-7.696235	नंबर
186	-7.696424	ik
187	-7.697324	los
188	-7.699524	ke
189	-7.700776	via
190	-7.701331	numero
191	-7.710842	das
192	-7.729684	ہے
193	-7.729782	een
194	-7.735151	ri
195	-7.743097	ma
196	-7.754297	ca
197	-7.756014	social
198	-7.766640	patient
199	-7.767513	ve
200	-7.767883	une
201	-7.788630	నా
202	-7.800475	html
203	-7.803998	por
204	-7.805795	nummer
205	-7.807089	was
206	-7.815396	auf
207	-7.816216	road
208	-7.841684	q
209	-7.845910	ipv
210	-7.852441	notre
211	-7.853411	ab
212	-7.857107	é
213	-7.864262	hallo
214	-7.870119	https
215	-7.880791	pin
216	-7.884654	numéro
217	-7.884655	আমার
218	-7.887384	team
219	-7.889780	yahoo
220	-7.904353	tuo
221	-7.914084	main
222	-7.920491	any
223	-7.928496	ein
224	-7.929240	ai
225	-7.936382	he
226	-7.941112	ਹੈ
227	-7.941626	pm
228	-7.951803	ನನ್ನ
229	-7.952561	indirizzo
230	-7.960332	street
231	-7.962799	mail
232	-7.964214	password
233	-7.965992	title
234	-7.967872	ra
235	-7.968374	ro
236	-7.969529	ba
237	-7.975737	alle
238	-7.992601	tom
239	-7.993283	pe
240	-7.993784	का
241	-7.999732	dans
242	-8.001039	della
243	-8.002051	call
244	-8.006267	എന്റെ
245	-8.013495	को
246	-8.013659	not
247	-8.018296	eine
248	-8.019426	http
249	-8.022530	bank
250	-8.025391	st
251	-8.026868	non
252	-8.029853	security
253	-8.030250	avec
254	-8.035479	has
255	-8.036576	mein
256	-8.039131	hotmail
257	-8.051090	new
258	-8.052123	body
259	-8.052354	like
260	-8.056487	ja
261	-8.059493	man
262	-8.060639	if
263	-8.060845	ul
264	-8.075154	ly
265	-8.077800	rs
266	-8.082087	की
267	-8.082338	என்
268	-8.090135	passport
269	-8.097347	número
270	-8.097905	otp
271	-8.100006	www
272	-8.107959	code
273	-8.109520	os
274	-8.110950	ll
275	-8.113721	over
276	-8.116152	type
277	-8.118958	mera
278	-8.125914	kar
279	-8.128413	report
280	-8.129811	credit
281	-8.137606	पर
282	-8.146076	मेरा
283	-8.151163	nt
284	-8.153432	up
285	-8.155401	über
286	-8.157044	ga
287	-8.158274	हैं
288	-8.158649	username
289	-8.170459	city
290	-8.171134	org
291	-8.172165	veuillez
292	-8.175442	एक
293	-8.177660	uw
294	-8.178574	ku
295	-8.183000	toh
296	-8.184361	sa
297	-8.185155	out
298	-8.186886	birth
299	-8.194070	ons
300	-8.195707	naam
301	-8.195942	मैं
302	-8.196527	personal
303	-8.196783	outlook
304	-8.201628	mo
305	-8.202955	las
306	-8.211960	bei
307	-8.215543	न
308	-8.218204	medical
309	-8.220208	bonjour
310	-8.221743	license
311	-8.225902	policy
312	-8.229033	ం
313	-8.234033	agreement
314	-8.237970	uns
315	-8.240421	naa
316	-8.246822	support
317	-8.251418	form
318	-8.273382	document
319	-8.275981	state
320	-8.276090	ni
321	-8.289655	aan
322	-8.296177	use
323	-8.296691	dass
324	-8.297282	customer
325	-8.298105	fr
326	-8.301513	ter
327	-8.303654	tua
328	-8.307084	میرا
329	-8.307570	go
330	-8.308979	mac
331	-8.311825	sobre
332	-8.313801	ad
333	-8.315226	dirección
334	-8.316483	protonmail
335	-8.320695	record
336	-8.323078	లో
337	-8.336234	company
338	-8.337817	और
339	-8.338398	don
340	-8.339352	sono
341	-8.341209	qui
342	-8.341520	fa
343	-8.346488	mon
344	-8.349711	phone
345	-8.350392	health
346	-8.350429	thanks
347	-8.351581	share
348	-8.351704	pas
349	-8.354935	eur
350	-8.356038	aol
351	-8.362039	zur
352	-8.375096	त
353	-8.378524	country
354	-8.382228	participant
355	-8.384937	building
356	-8.388114	hey
357	-8.391379	version
358	-8.393615	po
359	-8.395951	what
360	-8.398141	tutanota
361	-8.398932	స్
362	-8.399201	ou
363	-8.399692	ल
364	-8.403138	hain
365	-8.403619	kan
366	-8.403668	ensure
367	-8.404225	ने
368	-8.411993	mir
369	-8.414029	ng
370	-8.421803	ek
371	-8.425602	ok
372	-8.427083	र
373	-8.427428	son
374	-8.427541	nos
375	-8.431050	need
376	-8.431414	nom
377	-8.437164	हूँ
378	-8.438946	माझा
379	-8.442590	కి
380	-8.443795	fecha
381	-8.445301	za
382	-8.450435	va
383	-8.451118	hoon
384	-8.451448	div
385	-8.453489	aur
386	-8.459711	ciao
387	-8.464788	been
388	-8.465780	nostro
389	-8.466965	nel
390	-8.472374	ton
391	-8.472732	postcode
392	-8.473153	ze
393	-8.474488	kya
394	-8.478692	haben
395	-8.480139	location
396	-8.480367	ला
397	-8.481505	cu
398	-8.482244	years
399	-8.483329	bhi
400	-8.485822	ation
401	-8.492785	लिए
402	-8.493486	av
403	-8.493708	student
404	-8.499660	payment
405	-8.500316	से
406	-8.501157	dr
407	-8.503281	her
408	-8.503635	నంబర్
409	-8.503771	just
410	-8.505591	ten
411	-8.506207	iban
412	-8.512103	land
413	-8.517237	gi
414	-8.519185	lu
415	-8.519800	स
416	-8.522939	unter
417	-8.523875	come
418	-8.524213	about
419	-8.526995	র
420	-8.527050	med
421	-8.527930	access
422	-8.531676	last
423	-8.540810	informations
424	-8.544165	sich
425	-8.546780	service
426	-8.550717	their
427	-8.550771	ac
428	-8.553320	services
429	-8.554119	user
430	-8.555532	may
431	-8.557692	hola
432	-8.561890	example
433	-8.564205	dat
434	-8.565102	mozilla
435	-8.566077	apt
436	-8.568127	old
437	-8.568161	pro
438	-8.569447	क्या
439	-8.570006	net
440	-8.570447	pay
441	-8.572790	info
442	-8.572913	zijn
443	-8.575248	compliance
444	-8.578851	vos
445	-8.578926	financial
446	-8.580112	har
447	-8.585822	क
448	-8.587081	driver
449	-8.588151	amount
450	-8.589081	project
451	-8.590549	provide
452	-8.591990	individual
453	-8.597230	hat
454	-8.597872	adres
455	-8.597940	ਮੇਰਾ
456	-8.598134	jo
457	-8.599201	informazioni
458	-8.600291	legal
459	-8.602320	cher
460	-8.602702	wie
461	-8.602743	ff
462	-8.605143	ment
463	-8.614820	assessment
464	-8.615056	tr
465	-8.616544	att
466	-8.619174	nombre
467	-8.632454	online
468	-8.635619	cm
469	-8.638658	fe
470	-8.641664	dell
471	-8.642587	help
472	-8.642909	ம்
473	-8.644516	management
474	-8.646152	ी
475	-8.652803	bij
476	-8.652950	avons
477	-8.653446	loan
478	-8.656373	favor
479	-8.656571	ber
480	-8.657161	vin
481	-8.657923	க
482	-8.660352	নম্বর
483	-8.661139	more
484	-8.663839	எண்
485	-8.664128	ya
486	-8.666318	alla
487	-8.667366	dei
488	-8.668773	delle
489	-8.669072	्
490	-8.670611	tra
491	-8.672277	documento
492	-8.673862	आ
493	-8.675135	ung
494	-8.675635	ं
495	-8.677360	nl
496	-8.685273	mio
497	-8.687653	party
498	-8.689795	af
499	-8.695331	मी
500	-8.705772	sch
501	-8.706497	я
502	-8.708037	fi
503	-8.708241	em
504	-8.708721	nome
505	-8.708729	ut
506	-8.712331	کے
507	-8.712721	sind
508	-8.713207	pan
509	-8.713577	dettagli
510	-8.714566	review
511	-8.715874	update
512	-8.715944	send
513	-8.716614	cross
514	-8.717513	compte
515	-8.718187	car
516	-8.720750	datum
517	-8.721477	employee
518	-8.723619	dear
519	-8.723912	లు
520	-8.726438	sex
521	-8.727421	session
522	-8.728888	als
523	-8.731716	ন
524	-8.732525	before
525	-8.734792	werden
526	-8.735214	zione
527	-8.744286	bar
528	-8.744641	pouvez
529	-8.748025	ck
530	-8.748988	mar
531	-8.750006	క్
532	-8.751164	ihr
533	-8.751859	ré
534	-8.753804	male
535	-8.754080	información
536	-8.754975	person
537	-8.756245	bo
538	-8.760723	મારો
539	-8.761909	ت
540	-8.763492	check
541	-8.764584	system
542	-8.765954	salut
543	-8.768195	lastname
544	-8.769370	ని
545	-8.770490	order
546	-8.771081	మరియు
547	-8.771159	aa
548	-8.771584	är
549	-8.772292	م
550	-8.774034	mu
551	-8.775218	onze
552	-8.775616	stato
553	-8.776280	female
554	-8.777561	ل
555	-8.777716	program
556	-8.779552	ओटीपी
557	-8.780052	description
558	-8.780911	maza
559	-8.782696	deine
560	-8.783891	but
561	-8.784147	habe
562	-8.785934	well
563	-8.786410	besoin
564	-8.790250	été
565	-8.796163	var
566	-8.798479	ের
567	-8.801328	sociale
568	-8.802216	unsere
569	-8.807827	using
570	-8.809643	one
571	-8.810699	risk
572	-8.811453	ದ
573	-8.812110	gecko
574	-8.814340	confirm
575	-8.814688	daten
576	-8.817943	för
577	-8.822492	कर
578	-8.823808	great
579	-8.824065	let
580	-8.825663	aus
581	-8.826933	och
582	-8.828886	ndo
583	-8.830470	windows
584	-8.832006	ب
585	-8.839356	client
586	-8.839881	feedback
587	-8.840150	link
588	-8.840537	ssn
589	-8.844881	carte
590	-8.846812	können
591	-8.848441	abbiamo
592	-8.853162	sehr
593	-8.853862	han
594	-8.854467	bic
595	-8.854877	including
596	-8.855412	ఈ
597	-8.855639	under
598	-8.857070	ം
599	-8.857734	ర్
600	-8.858006	aux
601	-8.859320	wa
602	-8.863765	ਨ
603	-8.865670	ల
604	-8.865743	school
605	-8.867024	records
606	-8.867296	mijn
607	-8.869060	ਰ
608	-8.869205	ru
609	-8.869678	there
610	-8.873777	carta
611	-8.873855	kal
612	-8.874388	க்
613	-8.876691	usuario
614	-8.877793	sécurité
615	-8.880039	ਸ
616	-8.880578	నేను
617	-8.883072	raha
618	-8.883455	ry
619	-8.885196	gli
620	-8.886854	test
621	-8.886998	bb
622	-8.887477	న్
623	-8.887704	naar
624	-8.888950	दो
625	-8.891332	کی
626	-8.892373	व
627	-8.893995	ਲ
628	-8.894440	suite
629	-8.894737	ir
630	-8.895060	ஒரு
631	-8.896180	rent
632	-8.896635	plus
633	-8.897496	sulla
634	-8.898422	age
635	-8.899246	dati
636	-8.899557	നമ്പർ
637	-8.902784	station
638	-8.903091	ag
639	-8.903823	label
640	-8.904713	cc
641	-8.906156	ન
642	-8.907060	प
643	-8.907427	ட்
644	-8.908651	nagar
645	-8.908710	ರ
646	-8.909582	transaction
647	-8.917572	room
648	-8.918033	training
649	-8.918700	வ
650	-8.919729	в
651	-8.920123	ப்
652	-8.921387	میں
653	-8.922873	shall
654	-8.923136	ger
655	-8.923151	ben
656	-8.924125	value
657	-8.924697	background
658	-8.925785	fra
659	-8.926318	ನ
660	-8.928712	qu
661	-8.932922	near
662	-8.933981	zo
663	-8.936034	log
664	-8.936228	work
665	-8.936533	bin
666	-8.936711	ના
667	-8.936724	bu
668	-8.936847	io
669	-8.937024	vor
670	-8.940522	म
671	-8.941132	ה
672	-8.944030	postal
673	-8.945892	total
674	-8.951073	vo
675	-8.951983	ன்
676	-8.953852	chi
677	-8.957750	gegevens
678	-8.958108	pls
679	-8.958156	anyone
680	-8.959758	asap
681	-8.961634	న
682	-8.962601	application
683	-8.964224	ا
684	-8.964242	flat
685	-8.968039	wird
686	-8.968489	telefono
687	-8.968607	know
688	-8.969563	என்ன
689	-8.971626	nicht
690	-8.972022	see
691	-8.975772	नाम
692	-8.976876	с
693	-8.978699	este
694	-8.979983	how
695	-8.980400	ર
696	-8.981450	hora
697	-8.981502	amar
698	-8.985896	xbrli
699	-8.986756	cuenta
700	-8.988373	bus
701	-8.988402	upi
702	-8.989935	ant
703	-8.990472	door
704	-8.991755	identifier
705	-8.995187	pre
706	-8.996970	merci
707	-8.997374	key
708	-8.997414	meeting
709	-8.998380	text
710	-9.000325	other
711	-9.002681	sul
712	-9.003510	insurance
713	-9.006426	make
714	-9.006882	impact
715	-9.007491	ner
716	-9.009159	bitcoin
717	-9.011165	ਕ
718	-9.014548	gu
719	-9.015003	men
720	-9.016506	তে
721	-9.018607	á
722	-9.019964	ను
723	-9.022467	ਨੰਬਰ
724	-9.022491	product
725	-9.022500	balance
726	-9.026096	માં
727	-9.026511	sont
728	-9.027098	suis
729	-9.028225	should
730	-9.028829	आधार
731	-9.031975	ಸ್
732	-9.034577	nie
733	-9.036140	san
734	-9.036575	ट
735	-9.036609	sector
736	-9.036613	could
737	-9.037688	live
738	-9.038887	détails
739	-9.039193	kg
740	-9.039845	heeft
741	-9.040012	santé
742	-9.041207	не
743	-9.043749	ora
744	-9.045057	ن
745	-9.047198	baje
746	-9.048508	train
747	-9.049015	கள்
748	-9.049390	group
749	-9.050637	request
750	-9.050971	être
751	-9.051710	art
752	-9.052969	incident
753	-9.052989	ji
754	-9.053004	ল
755	-9.053062	zz
756	-9.055038	telephone
757	-9.055144	such
758	-9.055994	vehicle
759	-9.057334	ihnen
760	-9.057955	identificati
761	-9.058280	ju
762	-9.058691	mr
763	-9.058947	dem
764	-9.059224	best
765	-9.059466	nostra
766	-9.059477	mat
767	-9.059505	market
768	-9.060941	ब
769	-9.061335	tax
770	-9.061606	first
771	-9.061622	ना
772	-9.065434	rapport
773	-9.065955	nahi
774	-9.067484	subject
775	-9.067741	ای
776	-9.069513	here
777	-9.070966	ont
778	-9.071069	wurde
779	-9.071702	rv
780	-9.073514	jour
781	-9.074228	programma
782	-9.074319	dé
783	-9.074570	through
784	-9.074944	late
785	-9.075565	therapy
786	-9.076865	mich
787	-9.076910	agent
788	-9.077188	include
789	-9.077255	ల్
790	-9.078574	ஸ்
791	-9.078931	fpml
792	-9.081802	ਦੇ
793	-9.085289	ó
794	-9.085450	head
795	-9.086844	val
796	-9.086865	wil
797	-9.090043	ట్
798	-9.094236	ों
799	-9.094553	अपने
800	-9.096145	fb
801	-9.097814	ser
802	-9.098351	bi
803	-9.099624	ক
804	-9.100622	bien
805	-9.101770	note
806	-9.102788	ler
807	-9.104033	ಂ
808	-9.104421	able
809	-9.110307	beste
810	-9.111885	education
811	-9.113548	sta
812	-9.113792	স
813	-9.114918	സ്
814	-9.115581	mente
815	-9.115760	cf
816	-9.117082	ال
817	-9.118082	sab
818	-9.118316	deze
819	-9.118617	aahe
820	-9.119788	ে
821	-9.120264	nu
822	-9.120854	más
823	-9.120939	पैसे
824	-9.121024	dob
825	-9.121418	క
826	-9.122348	मुझे
827	-9.122726	case
828	-9.125758	must
829	-9.127271	datos
830	-9.128714	નંબર
831	-9.128716	mujhe
832	-9.129814	uk
833	-9.132154	senden
834	-9.132448	db
835	-9.134233	ல்
836	-9.136152	mrn
837	-9.136554	ఏమిటి
838	-9.138380	meet
839	-9.138930	்
840	-9.140582	programme
841	-9.140847	મારું
842	-9.141492	good
843	-9.142321	gen
844	-9.142554	process
845	-9.143993	ef
846	-9.144470	téléphone
847	-9.144852	due
848	-9.145653	వ
849	-9.145945	gb
850	-9.146059	hebben
851	-9.146609	teléfono
852	-9.146745	td
853	-9.148643	ob
854	-9.151678	straße
855	-9.151957	set
856	-9.152078	ig
857	-9.153863	safari
858	-9.154835	वर
859	-9.156528	zi
860	-9.156541	ક
861	-9.156794	heb
862	-9.156835	following
863	-9.157281	ken
864	-9.157437	pass
865	-9.158124	presso
866	-9.158217	nanna
867	-9.158319	zeit
868	-9.160638	niet
869	-9.161156	அ
870	-9.162830	ज
871	-9.167718	на
872	-9.168026	ർ
873	-9.168864	transactions
874	-9.169269	मेरी
875	-9.170556	ol
876	-9.171269	ty
877	-9.172606	uit
878	-9.172613	cb
879	-9.173141	ي
880	-9.174856	ph
881	-9.175953	further
882	-9.177675	meri
883	-9.178779	ಯ
884	-9.180753	ಗೆ
885	-9.181580	്
886	-9.184456	મ
887	-9.185329	wi
888	-9.185425	line
889	-9.185514	पता
890	-9.186758	ர்
891	-9.187950	get
892	-9.190022	भेज
893	-9.190633	bf
894	-9.192698	yeh
895	-9.193945	parties
896	-9.194023	exam
897	-9.194519	mot
898	-9.194626	या
899	-9.195261	konto
900	-9.196674	sek
901	-9.197333	bc
902	-9.197362	khtml
903	-9.197374	correo
904	-9.197600	जी
905	-9.197805	ref
906	-9.198750	status
907	-9.198836	vérifier
908	-9.199917	по
909	-9.201463	données
910	-9.202362	part
911	-9.202464	ر
912	-9.202744	च
913	-9.202834	س
914	-9.204234	గా
915	-9.205410	മ
916	-9.206198	hello
917	-9.208261	analyse
918	-9.210171	fd
919	-9.211380	ಕ
920	-9.211511	would
921	-9.213055	community
922	-9.213346	ur
923	-9.213685	ा
924	-9.214025	fc
925	-9.214403	रहा
926	-9.216631	ನ್
927	-9.219022	rate
928	-9.219665	dit
929	-9.220839	event
930	-9.221256	informatie
931	-9.222334	some
932	-9.222739	ই
933	-9.225786	secure
934	-9.226406	വ
935	-9.226926	questo
936	-9.227826	applewebkit
937	-9.228853	rupees
938	-9.229408	ethereum
939	-9.229410	property
940	-9.229923	rue
941	-9.230849	thank
942	-9.231118	dar
943	-9.231504	mer
944	-9.232678	follow
945	-9.232919	ता
946	-9.234397	نام
947	-9.235648	passe
948	-9.236482	aadhaar
949	-9.236487	performance
950	-9.237498	کا
951	-9.238647	కు
952	-9.238801	message
953	-9.238822	weg
954	-9.238959	documents
955	-9.241323	day
956	-9.241448	अ
957	-9.241686	ന
958	-9.242534	kuch
959	-9.242944	provided
960	-9.242973	verifica
961	-9.243223	ny
962	-9.243866	essere
963	-9.244414	ਵਿੱਚ
964	-9.245109	unser
965	-9.245252	safety
966	-9.245302	ak
967	-9.246171	hu
968	-9.246195	analysis
969	-9.246919	benötigen
970	-9.246941	sh
971	-9.247286	ez
972	-9.249254	ത
973	-9.249313	देना
974	-9.252246	य
975	-9.253565	gar
976	-9.254496	evaluation
977	-9.255021	wij
978	-9.255980	ర
979	-9.256433	bisogno
980	-9.256569	ு
981	-9.257240	treatment
982	-9.257559	bhej
983	-9.258599	trans
984	-9.259855	ম
985	-9.259882	einen
986	-9.260742	kann
987	-9.261511	hr
988	-9.261933	க்கு
989	-9.262367	ación
990	-9.263764	mia
991	-9.263945	used
992	-9.264426	dan
993	-9.264820	લ
994	-9.267451	mis
995	-9.267948	where
996	-9.268363	favore
997	-9.268620	audit
998	-9.271316	df
999	-9.271361	nach
1000	-9.272731	gr
1001	-9.273523	tramite
1002	-9.275148	privacy
1003	-9.275720	nieuwe
1004	-9.277761	west
1005	-9.278425	app
1006	-9.278461	terms
1007	-9.279560	ड
1008	-9.279683	ec
1009	-9.281178	बोल
1010	-9.282213	business
1011	-9.285592	و
1012	-9.285884	hum
1013	-9.286528	kun
1014	-9.289234	कि
1015	-9.289344	war
1016	-9.290044	sicurezza
1017	-9.291096	investment
1018	-9.291712	litecoin
1019	-9.291770	सा
1020	-9.292553	nascita
1021	-9.292737	jan
1022	-9.294536	dd
1023	-9.298085	ਮ
1024	-9.298720	imei
1025	-9.299963	tha
1026	-9.301383	questions
1027	-9.302132	ع
1028	-9.302501	ग
1029	-9.303755	erhalten
1030	-9.305522	ते
1031	-9.306701	meine
1032	-9.306862	teilnehmer
1033	-9.307116	ക
1034	-9.307760	wo
1035	-9.308084	स्
1036	-9.309411	pagamento
1037	-9.311975	codice
1038	-9.314239	у
1039	-9.315030	nella
1040	-9.315384	energy
1041	-9.315775	gender
1042	-9.317593	दे
1043	-9.318042	سے
1044	-9.318240	naissance
1045	-9.318604	ہیں
1046	-9.318722	ની
1047	-9.319091	ici
1048	-9.320864	care
1049	-9.321400	bis
1050	-9.326464	sent
1051	-9.328149	utilisateur
1052	-9.328205	research
1053	-9.329597	hier
1054	-9.330237	tickets
1055	-9.334783	county
1056	-9.334933	fournir
1057	-9.334951	ven
1058	-9.335252	bd
1059	-9.335293	ले
1060	-9.335351	stress
1061	-9.336166	ک
1062	-9.336178	இந்த
1063	-9.336394	रा
1064	-9.336419	input
1065	-9.336510	these
1066	-9.336530	year
1067	-9.337854	passwort
1068	-9.338195	azione
1069	-9.340280	cd
1070	-9.342982	neue
1071	-9.345366	está
1072	-9.345597	gesundheits
1073	-9.346825	tijd
1074	-9.346838	త
1075	-9.347463	द
1076	-9.347493	ല
1077	-9.348140	demande
1078	-9.348948	bestätigen
1079	-9.349882	oder
1080	-9.350353	real
1081	-9.350452	ಗಳು
1082	-9.350620	united
1083	-9.351059	nacimiento
1084	-9.351716	post
1085	-9.351889	nh
1086	-9.352191	into
1087	-9.352797	రి
1088	-9.353397	து
1089	-9.353758	த
1090	-9.354555	geben
1091	-9.355169	ren
1092	-9.355527	web
1093	-9.358200	opp
1094	-9.358507	ville
1095	-9.359416	í
1096	-9.360295	అ
1097	-9.360614	mos
1098	-9.360748	cas
1099	-9.360933	eng
1100	-9.361750	projekt
1101	-9.362606	digital
1102	-9.363355	media
1103	-9.363402	confirmer
1104	-9.365663	સ
1105	-9.366238	pasaporte
1106	-9.366240	nederland
1107	-9.366241	ഒരു
1108	-9.366644	kabhi
1109	-9.367146	contacter
1110	-9.367555	ன
1111	-9.368028	کیا
1112	-9.368082	period
1113	-9.368311	home
1114	-9.368526	unserer
1115	-9.370430	میل
1116	-9.370502	bir
1117	-9.371508	delivery
1118	-9.372582	grazie
1119	-9.372610	now
1120	-9.373219	really
1121	-9.373505	usa
1122	-9.373673	వి
1123	-9.375277	progetto
1124	-9.375303	secondary
1125	-9.375668	ह
1126	-9.375680	url
1127	-9.376184	electrónico
1128	-9.377351	pr
1129	-9.377815	ட
1130	-9.378195	ప
1131	-9.379081	tag
1132	-9.379251	tracking
1133	-9.379990	नाव
1134	-9.380762	durante
1135	-9.381004	erungsnummer
1136	-9.381197	contract
1137	-9.381462	visit
1138	-9.381651	identità
1139	-9.381863	participants
1140	-9.381904	way
1141	-9.382396	ఏ
1142	-9.383162	effective
1143	-9.383614	પર
1144	-9.384397	envoyer
1145	-9.384398	மற்றும்
1146	-9.386374	next
1147	-9.386981	ఒక
1148	-9.387148	نمبر
1149	-9.388079	licencia
1150	-9.389062	quality
1151	-9.390413	ો
1152	-9.390553	enter
1153	-9.390831	paziente
1154	-9.390937	ರ್
1155	-9.391872	ਦੀ
1156	-9.392839	progress
1157	-9.394042	required
1158	-9.394233	ਕੀ
1159	-9.394532	ಮತ್ತು
1160	-9.394650	made
1161	-9.395269	calle
1162	-9.397331	ozialversich
1163	-9.400273	heure
1164	-9.402190	givenname
1165	-9.402761	geehrte
1166	-9.402901	ada
1167	-9.403321	lekin
1168	-9.403888	cette
1169	-9.404765	verify
1170	-9.405725	utente
1171	-9.406634	చేయండి
1172	-9.407304	ಸ
1173	-9.407545	ൻ
1174	-9.408029	therapie
1175	-9.408504	españa
1176	-9.409222	ini
1177	-9.409628	schedule
1178	-9.409765	ción
1179	-9.412169	rice
1180	-9.412418	ah
1181	-9.413651	इस
1182	-9.414412	during
1183	-9.415222	she
1184	-9.416300	place
1185	-9.416988	family
1186	-9.417253	paiement
1187	-9.417897	full
1188	-9.417943	अपना
1189	-9.418288	യ
1190	-9.418427	ב
1191	-9.419965	detailed
1192	-9.420111	reach
1193	-9.420591	saldo
1194	-9.421315	tel
1195	-9.422733	sistema
1196	-9.423722	gpay
1197	-9.425380	fer
1198	-9.425860	trade
1199	-9.426737	ہ
1200	-9.427046	versicherung
1201	-9.427225	updates
1202	-9.427515	min
1203	-9.429205	dc
1204	-9.429287	design
1205	-9.430157	pu
1206	-9.430373	month
1207	-9.430614	े
1208	-9.431274	நான்
1209	-9.431889	പ
1210	-9.431934	ಲ್
1211	-9.432819	projet
1212	-9.434173	ಹೆಸರು
1213	-9.434178	individuals
1214	-9.434757	gt
1215	-9.435349	auto
1216	-9.436139	tutti
1217	-9.436222	verification
1218	-9.436256	book
1219	-9.436260	کو
1220	-9.436759	vol
1221	-9.436878	transfer
1222	-9.437103	ف
1223	-9.437398	presto
1224	-9.437922	bericht
1225	-9.439161	end
1226	-9.439284	paid
1227	-9.439894	costs
1228	-9.439965	seguridad
1229	-9.440464	saya
1230	-9.440742	ਦਾ
1231	-9.441869	anna
1232	-9.441905	budget
1233	-9.442167	श
1234	-9.442639	additional
1235	-9.443286	ל
1236	-9.443783	usd
1237	-9.445035	parte
1238	-9.445727	individuo
1239	-9.446293	ana
1240	-9.447236	karte
1241	-9.448218	given
1242	-9.448684	born
1243	-9.449142	weitere
1244	-9.449698	código
1245	-9.450122	section
1246	-9.450625	્
1247	-9.450676	क्रमांक
1248	-9.450918	diese
1249	-9.451269	ations
1250	-9.451376	local
1251	-9.451655	potential
1252	-9.452640	terapia
1253	-9.452754	गया
1254	-9.453726	sure
1255	-9.454556	cliente
1256	-9.458538	richiesta
1257	-9.459960	cha
1258	-9.460702	ত
1259	-9.461002	د
1260	-9.461013	bio
1261	-9.462392	ces
1262	-9.462626	yo
1263	-9.463064	কে
1264	-9.463324	interest
1265	-9.463504	guida
1266	-9.464486	happy
1267	-9.464649	unique
1268	-9.464657	confirmed
1269	-9.465469	ಸಂಖ್ಯೆ
1270	-9.466538	port
1271	-9.466609	understand
1272	-9.467188	current
1273	-9.468271	équipe
1274	-9.469475	puoi
1275	-9.469800	who
1276	-9.470098	detalles
1277	-9.470651	regulations
1278	-9.472449	nuovo
1279	-9.472502	xmlns
1280	-9.473680	ப
1281	-9.474319	law
1282	-9.474646	signature
1283	-9.474783	liebe
1284	-9.474850	its
1285	-9.475574	überprüfen
1286	-9.475789	which
1287	-9.477048	க்க
1288	-9.477473	behind
1289	-9.478402	nodig
1290	-9.478470	edificio
1291	-9.479856	ان
1292	-9.480264	bol
1293	-9.480485	मोबाइल
1294	-9.480897	conto
1295	-9.481304	kon
1296	-9.482313	miss
1297	-9.482796	ಕ್
1298	-9.482868	sicher
1299	-9.483850	বা
1300	-9.484009	dena
1301	-9.484182	score
1302	-9.484428	bhai
1303	-9.484443	includes
1304	-9.484527	paspoort
1305	-9.487497	cor
1306	-9.488488	mes
1307	-9.490140	sessions
1308	-9.490281	mental
1309	-9.491179	ద
1310	-9.491220	berg
1311	-9.492348	specific
1312	-9.492755	ق
1313	-9.492994	april
1314	-9.494890	permis
1315	-9.494904	som
1316	-9.495053	paise
1317	-9.495579	want
1318	-9.495812	mann
1319	-9.496080	రా
1320	-9.496097	మా
1321	-9.496258	ring
1322	-9.496268	transport
1323	-9.496496	tz
1324	-9.496911	વ
1325	-9.498975	kh
1326	-9.499598	stand
1327	-9.499835	organisation
1328	-9.500969	passeport
1329	-9.501044	special
1330	-9.501862	т
1331	-9.502938	gentile
1332	-9.503137	ਤੇ
1333	-9.503434	xbrl
1334	-9.503442	ര
1335	-9.503449	ున్నాను
1336	-9.504270	take
1337	-9.504349	elle
1338	-9.504552	zum
1339	-9.504871	था
1340	-9.505287	implement
1341	-9.505745	कोड
1342	-9.506022	passaporto
1343	-9.506273	also
1344	-9.507973	એ
1345	-9.508002	ரி
1346	-9.508488	hy
1347	-9.509440	প
1348	-9.509948	vr
1349	-9.510202	action
1350	-9.510500	neuen
1351	-9.511041	field
1352	-9.511842	development
1353	-9.512248	abc
1354	-9.513293	between
1355	-9.513399	ు
1356	-9.513933	salud
1357	-9.514520	sus
1358	-9.514551	antes
1359	-9.515104	nuestro
1360	-9.515207	col
1361	-9.515392	equipo
1362	-9.516179	plot
1363	-9.516437	একটি
1364	-9.517198	high
1365	-9.518817	ex
1366	-9.518817	kontaktieren
1367	-9.519046	sua
1368	-9.519949	inter
1369	-9.520539	ز
1370	-9.520700	job
1371	-9.521285	anni
1372	-9.521504	ihrer
1373	-9.521681	ಹಣ
1374	-9.521742	engagement
1375	-9.522646	सांग
1376	-9.522806	caso
1377	-9.523265	based
1378	-9.524373	kr
1379	-9.524929	ர
1380	-9.525877	conducir
1381	-9.526571	cap
1382	-9.528586	riverlicense
1383	-9.529048	ഇമെയിൽ
1384	-9.529257	మ
1385	-9.529570	page
1386	-9.530109	ലേക്ക്
1387	-9.531187	assistance
1388	-9.531950	consent
1389	-9.532279	club
1390	-9.533059	ல
1391	-9.534376	ਤ
1392	-9.535666	durch
1393	-9.536487	पैन
1394	-9.536650	suo
1395	-9.536881	birthday
1396	-9.536959	டி
1397	-9.538639	ಟ್
1398	-9.538779	start
1399	-9.539259	নাম
1400	-9.539692	माझे
1401	-9.539696	emergency
1402	-9.540407	ਾਂ
1403	-9.540480	roll
1404	-9.540528	ਟ
1405	-9.540773	geburtsdatum
1406	-9.540891	estimado
1407	-9.542362	long
1408	-9.543097	ting
1409	-9.543714	ç
1410	-9.543769	й
1411	-9.543803	dir
1412	-9.544302	sig
1413	-9.544303	important
1414	-9.544431	dank
1415	-9.545056	এবং
1416	-9.545056	അയക്കൂ
1417	-9.545652	mal
1418	-9.545958	each
1419	-9.546660	ש
1420	-9.546763	ச
1421	-9.547109	gh
1422	-9.547555	ms
1423	-9.548533	seguro
1424	-9.549406	અને
1425	-9.551451	contacto
1426	-9.552148	आप
1427	-9.552674	yeah
1428	-9.553777	aider
1429	-9.553885	സ
1430	-9.554068	ley
1431	-9.555830	ਨਾਮ
1432	-9.555875	schweiz
1433	-9.555921	बारे
1434	-9.556526	lane
1435	-9.556867	france
1436	-9.556873	గ
1437	-9.556962	identité
1438	-9.556966	ഫോൺ
1439	-9.558822	items
1440	-9.559205	ی
1441	-9.559958	communicatio
1442	-9.560233	ulteriori
1443	-9.560252	emp
1444	-9.560652	nuestra
1445	-9.561552	response
1446	-9.561584	notes
1447	-9.561893	dy
1448	-9.563519	paciente
1449	-9.563601	salary
1450	-9.564072	ros
1451	-9.564631	patente
1452	-9.565257	ش
1453	-9.565515	ج
1454	-9.565581	liye
1455	-9.566809	assurance
1456	-9.566809	available
1457	-9.566883	regarding
1458	-9.567320	kl
1459	-9.567908	ಇಮೇಲ್
1460	-9.567914	protection
1461	-9.568399	ria
1462	-9.568945	ക്
1463	-9.569641	avez
1464	-9.569735	जा
1465	-9.570114	येतोय
1466	-9.571363	yu
1467	-9.572019	eu
1468	-9.572429	ans
1469	-9.572615	had
1470	-9.572673	conditions
1471	-9.573449	pending
1472	-9.573670	টি
1473	-9.574084	discuss
1474	-9.574179	laws
1475	-9.574968	como
1476	-9.575023	persona
1477	-9.576720	certificate
1478	-9.577591	xyz
1479	-9.578694	entre
1480	-9.578870	issues
1481	-9.579293	park
1482	-9.579398	were
1483	-9.580256	ghar
1484	-9.580812	confirmation
1485	-9.581205	പേര്
1486	-9.581240	stata
1487	-9.581273	া
1488	-9.582137	never
1489	-9.582322	december
1490	-9.583843	з
1491	-9.583853	तो
1492	-9.584022	ત
1493	-9.584743	salute
1494	-9.585885	regular
1495	-9.586331	nd
1496	-9.587127	mobile
1497	-9.587408	पाठव
1498	-9.587541	కాల్
1499	-9.587920	november
1500	-9.587920	വിലാസം
1501	-9.588052	lagta
1502	-9.588582	iert
1503	-9.588852	peru
1504	-9.589362	ರಿ
1505	-9.589420	jag
1506	-9.590103	sbi
1507	-9.591295	యొక్క
1508	-9.591520	ली
1509	-9.592360	bel
1510	-9.592580	tous
1511	-9.592613	persoon
1512	-9.592642	esta
1513	-9.595760	worden
1514	-9.596411	dal
1515	-9.597324	proposal
1516	-9.599483	color
1517	-9.599645	discuter
1518	-9.600350	ಕಳುಹಿಸಿ
1519	-9.601983	estoy
1520	-9.602186	price
1521	-9.602607	iz
1522	-9.602634	શું
1523	-9.602634	స
1524	-9.603023	learning
1525	-9.603766	ciudad
1526	-9.603766	ఆధార్
1527	-9.603995	needs
1528	-9.604014	േ
1529	-9.604791	д
1530	-9.604908	ನಂಬರ್
1531	-9.606051	ਇੱਕ
1532	-9.606434	block
1533	-9.606810	lt
1534	-9.607309	geboortedatu
1535	-9.607318	పంపు
1536	-9.607325	device
1537	-9.607510	ಮ
1538	-9.607540	આ
1539	-9.608255	mary
1540	-9.608654	unserem
1541	-9.608778	ம
1542	-9.608967	zorg
1543	-9.609279	वि
1544	-9.609297	feel
1545	-9.609970	ய
1546	-9.610152	vu
1547	-9.610345	রা
1548	-9.610896	cours
1549	-9.611785	ಮೊಬೈಲ್
1550	-9.612056	ക്ക
1551	-9.614088	پ
1552	-9.615112	మాట్లాడుత
1553	-9.615455	minutes
1554	-9.615734	gestion
1555	-9.617004	cvv
1556	-9.617026	sollu
1557	-9.617299	yaar
1558	-9.617907	accesso
1559	-9.618275	किया
1560	-9.618931	credito
1561	-9.619874	cheppu
1562	-9.620703	child
1563	-9.621861	era
1564	-9.621973	idcard
1565	-9.622248	करें
1566	-9.622632	anti
1567	-9.623353	पत्ता
1568	-9.624231	đ
1569	-9.624384	conferma
1570	-9.625836	sha
1571	-9.626237	வி
1572	-9.626465	august
1573	-9.627527	experience
1574	-9.627623	bl
1575	-9.628123	pannu
1576	-9.628298	कल
1577	-9.628360	workshop
1578	-9.628499	march
1579	-9.628695	lot
1580	-9.629553	आपका
1581	-9.631530	appointment
1582	-9.632245	lang
1583	-9.632324	ö
1584	-9.632338	updated
1585	-9.632867	ти
1586	-9.633678	mai
1587	-9.635050	right
1588	-9.635620	ி
1589	-9.635653	tar
1590	-9.635893	பி
1591	-9.636086	কী
1592	-9.636242	programm
1593	-9.636477	pur
1594	-9.636682	video
1595	-9.637328	degli
1596	-9.637333	nya
1597	-9.637444	related
1598	-9.637473	necesitamos
1599	-9.637486	વા
1600	-9.638336	ਹਨ
1601	-9.638847	కా
1602	-9.639078	proyecto
1603	-9.639125	اور
1604	-9.640801	ए
1605	-9.640959	నంబర్‌కి
1606	-9.640964	డబ్బులు
1607	-9.641429	हा
1608	-9.642000	ਪ
1609	-9.642143	september
1610	-9.642371	പണം
1611	-9.642769	റ
1612	-9.643330	activities
1613	-9.643334	pannunga
1614	-9.644071	site
1615	-9.644518	currency
1616	-9.645933	procedures
1617	-9.646090	না
1618	-9.646893	standards
1619	-9.647914	том
1620	-9.647978	list
1621	-9.648472	green
1622	-9.648728	question
1623	-9.649561	ವ
1624	-9.650105	karna
1625	-9.650184	focus
1626	-9.650480	contraseña
1627	-9.650990	liste
1628	-9.651283	thi
1629	-9.651617	hilfe
1630	-9.652875	rijbewijs
1631	-9.653051	ൽ
1632	-9.653536	а
1633	-9.653897	forward
1634	-9.653963	importante
1635	-9.653970	public
1636	-9.654070	మొబైల్
1637	-9.654160	ron
1638	-9.654178	cy
1639	-9.654263	rd
1640	-9.654601	recommend
1641	-9.654688	ling
1642	-9.655050	ı
1643	-9.655214	tant
1644	-9.655271	గురించి
1645	-9.655353	નો
1646	-9.656291	avant
1647	-9.656556	reached
1648	-9.656631	zahlung
1649	-9.656838	কি
1650	-9.657758	problem
1651	-9.657955	res
1652	-9.658880	evaluación
1653	-9.658907	geschlecht
1654	-9.659626	future
1655	-9.660087	ವಿಳಾಸ
1656	-9.661276	sera
1657	-9.661837	ટ
1658	-9.662320	kyc
1659	-9.662553	applicant
1660	-9.662562	coverage
1661	-9.662906	యా
1662	-9.663100	ને
1663	-9.663732	anupu
1664	-9.664729	till
1665	-9.664831	கால்
1666	-9.664942	ಗಳನ್ನು
1667	-9.666236	website
1668	-9.666538	wat
1669	-9.667355	potresti
1670	-9.667642	buy
1671	-9.668634	ری
1672	-9.670229	crédit
1673	-9.671039	pesuren
1674	-9.672471	kitta
1675	-9.672642	ന്
1676	-9.672827	find
1677	-9.673042	ü
1678	-9.673191	ר
1679	-9.673931	वा
1680	-9.674235	strategies
1681	-9.674243	टॉम
1682	-9.674677	అడ్రస్
1683	-9.675037	maria
1684	-9.675403	tiene
1685	-9.675604	డ్
1686	-9.676249	మీ
1687	-9.677129	ਭੇਜੋ
1688	-9.679587	कौन
1689	-9.679672	discussion
1690	-9.680224	water
1691	-9.681526	ಪ
1692	-9.682684	employees
1693	-9.682947	சி
1694	-9.683561	inr
1695	-9.683763	socialnumber
1696	-9.683815	ઓ
1697	-9.683922	sull
1698	-9.685760	vandhuchu
1699	-9.685760	ఈమెయిల్
1700	-9.685786	చెప్పు
1701	-9.685904	articipation
1702	-9.686948	reference
1703	-9.687022	issue
1704	-9.687041	login
1705	-9.689484	conduire
1706	-9.689727	ligne
1707	-9.689830	chat
1708	-9.690067	fo
1709	-9.690738	tôi
1710	-9.690782	évaluation
1711	-9.692298	wy
1712	-9.692331	پر
1713	-9.692628	intervention
1714	-9.693348	જ
1715	-9.693849	stellen
1716	-9.694483	பணம்
1717	-9.695253	einer
1718	-9.695476	scheduled
1719	-9.695780	réunion
1720	-9.695998	todos
1721	-9.696856	möchte
1722	-9.697451	instructions
1723	-9.698225	più
1724	-9.698609	ira
1725	-9.698954	cl
1726	-9.699229	ker
1727	-9.699682	they
1728	-9.699691	wenn
1729	-9.699800	informe
1730	-9.700142	ham
1731	-9.700351	मा
1732	-9.700680	eb
1733	-9.700732	ਪੈਸੇ
1734	-9.700758	floor
1735	-9.701153	when
1736	-9.701295	coordonnées
1737	-9.701824	ٹ
1738	-9.701892	change
1739	-9.701997	reçu
1740	-9.702177	ian
1741	-9.702274	साथ
1742	-9.702430	ि
1743	-9.702580	indha
1744	-9.702637	kannst
1745	-9.703654	નામ
1746	-9.703894	cost
1747	-9.704905	ব
1748	-9.705976	prega
1749	-9.707098	ਅਤੇ
1750	-9.707397	आज
1751	-9.708303	necesito
1752	-9.709232	life
1753	-9.710712	caro
1754	-9.710991	ফোন
1755	-9.712111	कृपया
1756	-9.713591	টাকা
1757	-9.714403	е
1758	-9.714456	peux
1759	-9.714800	file
1760	-9.715250	anne
1761	-9.716118	അ
1762	-9.716313	বি
1763	-9.716965	gestione
1764	-9.717113	क्
1765	-9.717645	study
1766	-9.717955	dor
1767	-9.718506	discount
1768	-9.718514	running
1769	-9.718928	termin
1770	-9.719673	flight
1771	-9.719769	chahiye
1772	-9.719775	freuen
1773	-9.719848	मत
1774	-9.720226	తో
1775	-9.720881	correct
1776	-9.721709	stadt
1777	-9.722281	received
1778	-9.723065	purposes
1779	-9.723303	than
1780	-9.723452	provider
1781	-9.723465	sarà
1782	-9.724000	healthcare
1783	-9.724835	이
1784	-9.724907	பண்ணுங்க
1785	-9.725690	স্
1786	-9.726802	ী
1787	-9.727226	naan
1788	-9.727502	concernant
1789	-9.727924	member
1790	-9.728297	individu
1791	-9.728493	mm
1792	-9.728902	camino
1793	-9.729137	temperature
1794	-9.729138	verwenden
1795	-9.729501	being
1796	-9.729556	ట
1797	-9.730071	ਆਧਾਰ
1798	-9.731793	marketing
1799	-9.731973	ו
1800	-9.732266	claim
1801	-9.732457	opera
1802	-9.732754	ä
1803	-9.732888	statement
1804	-9.733065	हो
1805	-9.734524	نے
1806	-9.735244	சொல்லுங்க
1807	-9.735583	பான்
1808	-9.736162	gebruik
1809	-9.736816	delivered
1810	-9.737868	நம்பர்
1811	-9.737955	ಿ
1812	-9.738586	fragen
1813	-9.738605	kontakt
1814	-9.739047	ू
1815	-9.739384	course
1816	-9.739457	ע
1817	-9.739578	వా
1818	-9.740362	professional
1819	-9.740364	bill
1820	-9.740740	crucial
1821	-9.740897	sesso
1822	-9.741873	piano
1823	-9.743314	tan
1824	-9.743694	dag
1825	-9.744822	kt
1826	-9.745053	né
1827	-9.745908	iv
1828	-9.746298	ప్
1829	-9.746389	ڈ
1830	-9.746542	ari
1831	-9.746812	role
1832	-9.747043	ইমেল
1833	-9.747046	recent
1834	-9.747760	ran
1835	-9.748558	tumhe
1836	-9.749275	ા
1837	-9.749414	इ
1838	-9.749959	taka
1839	-9.750214	ska
1840	-9.751006	buongiorno
1841	-9.751107	ण
1842	-9.752057	fiscale
1843	-9.753197	euro
1844	-9.754514	try
1845	-9.754923	नं
1846	-9.755484	presente
1847	-9.755939	span
1848	-9.756094	ં
1849	-9.756225	ante
1850	-9.756277	located
1851	-9.757091	ю
1852	-9.757220	bas
1853	-9.757396	valid
1854	-9.757413	но
1855	-9.757473	ট
1856	-9.757632	আধার
1857	-9.757632	ঠিকানা
1858	-9.757953	insta
1859	-9.759042	నుండి
1860	-9.759537	करने
1861	-9.759687	got
1862	-9.760297	পাঠাও
1863	-9.760298	கிட்ட
1864	-9.762091	nostri
1865	-9.762440	manager
1866	-9.762473	డి
1867	-9.763620	think
1868	-9.764050	juli
1869	-9.764308	wachtwoord
1870	-9.764658	measures
1871	-9.764902	far
1872	-9.765421	utf
1873	-9.765544	educational
1874	-9.765650	అంటే
1875	-9.765713	control
1876	-9.766760	studio
1877	-9.766874	ת
1878	-9.767649	content
1879	-9.767662	ft
1880	-9.768159	ಗ
1881	-9.770327	ఆ
1882	-9.770431	comprehensiv
1883	-9.770621	zh
1884	-9.771028	look
1885	-9.771029	பேசுகிறேன்
1886	-9.771687	kalsi
1887	-9.772378	ஆதார்
1888	-9.772378	நம்பருக்கு
1889	-9.772883	eye
1890	-9.773295	elefonnummer
1891	-9.773408	ख
1892	-9.773683	server
1893	-9.773818	ു
1894	-9.774176	john
1895	-9.774846	hoi
1896	-9.775083	પૈસા
1897	-9.776299	entificación
1898	-9.776438	software
1899	-9.776438	ਨੂੰ
1900	-9.776438	முகவரி
1901	-9.776708	route
1902	-9.776975	confermare
1903	-9.777756	treffen
1904	-9.777788	ಗಳ
1905	-9.778124	guten
1906	-9.778159	income
1907	-9.778620	య
1908	-9.779251	fu
1909	-9.779545	री
1910	-9.779775	path
1911	-9.780165	hal
1912	-9.780742	principal
1913	-9.780910	પ
1914	-9.781071	sti
1915	-9.781183	கா
1916	-9.781300	inc
1917	-9.781576	vers
1918	-9.781876	மின்னஞ்சல்
1919	-9.782151	चा
1920	-9.782173	и
1921	-9.782614	proporcionar
1922	-9.782713	ë
1923	-9.783240	સરનામું
1924	-9.784037	ihren
1925	-9.784373	itu
1926	-9.784497	ారు
1927	-9.784667	valutazione
1928	-9.784948	base
1929	-9.785088	lefoonnummer
1930	-9.785198	ę
1931	-9.785666	gan
1932	-9.786898	tre
1933	-9.786999	participante
1934	-9.787370	তা
1935	-9.787587	resources
1936	-9.788717	país
1937	-9.788832	telefon
1938	-9.788856	closed
1939	-9.789543	ണ
1940	-9.790090	रहता
1941	-9.790090	મોકલો
1942	-9.790090	மொபைல்
1943	-9.790863	firma
1944	-9.791535	ieren
1945	-9.791844	नगर
1946	-9.792473	सी
1947	-9.792877	lavoro
1948	-9.793096	doc
1949	-9.794222	preghiamo
1950	-9.794621	auch
1951	-9.794814	position
1952	-9.795403	ort
1953	-9.795732	graag
1954	-9.795766	mari
1955	-9.795799	किसी
1956	-9.796024	án
1957	-9.796562	air
1958	-9.796568	اس
1959	-9.797048	మీరు
1960	-9.797189	ste
1961	-9.797667	यह
1962	-9.798519	notice
1963	-9.798777	montant
1964	-9.799758	deutschland
1965	-9.799980	pathav
1966	-9.800238	hast
1967	-9.800250	ingen
1968	-9.800565	מ
1969	-9.801979	within
1970	-9.802520	té
1971	-9.802538	gebäude
1972	-9.803107	conducted
1973	-9.803202	positive
1974	-9.803701	entro
1975	-9.804138	gj
1976	-9.804975	రు
1977	-9.805839	changes
1978	-9.807370	ത്
1979	-9.807554	guide
1980	-9.808554	ಅ
1981	-9.808836	od
1982	-9.808873	ла
1983	-9.808956	பா
1984	-9.808958	karne
1985	-9.809459	moved
1986	-9.809550	mp
1987	-9.809849	term
1988	-9.810136	unit
1989	-9.810234	ती
1990	-9.810846	ാ
1991	-9.810987	за
1992	-9.811056	casa
1993	-9.812693	ಲ
1994	-9.813737	psychologie
1995	-9.813755	cal
1996	-9.814262	sia
1997	-9.814792	ಯಾ
1998	-9.815143	nterstützung
1999	-9.815145	cognome
2000	-9.815301	sommes
2001	-9.815658	rest
2002	-9.816647	cre
2003	-9.817080	ही
2004	-9.817966	teilnahme
2005	-9.818060	cho
2006	-9.819180	patienten
2007	-9.819262	verificar
2008	-9.819381	ricevuto
2009	-9.819903	mt
2010	-9.820724	చ
2011	-9.820939	found
2012	-9.821332	cz
2013	-9.821471	ée
2014	-9.823463	సి
2015	-9.823482	studenti
2016	-9.823635	அனுப்புங்கள்
2017	-9.824611	dl
2018	-9.825063	equipment
2019	-9.825153	ਗ
2020	-9.825259	mil
2021	-9.825854	january
2022	-9.825870	benutzername
2023	-9.826460	ತ
2024	-9.826483	என்னுடைய
2025	-9.827654	mrs
2026	-9.828429	cr
2027	-9.829339	führerschein
2028	-9.829417	ité
2029	-9.831699	complete
2030	-9.831899	വി
2031	-9.832206	chapter
2032	-9.832235	pathao
2033	-9.832247	puedes
2034	-9.832365	corso
2035	-9.832934	students
2036	-9.833008	på
2037	-9.833636	gracias
2038	-9.834266	debit
2039	-9.834760	ವಿ
2040	-9.835073	ઈમેલ
2041	-9.835402	departs
2042	-9.835906	tion
2043	-9.835975	xml
2044	-9.835983	practices
2045	-9.836082	platform
2046	-9.836514	attention
2047	-9.836575	identified
2048	-9.837953	तापमान
2049	-9.839076	bildungs
2050	-9.839128	أ
2051	-9.839396	macintosh
2052	-9.839422	smith
2053	-9.839564	kosten
2054	-9.841066	schul
2055	-9.841624	bereich
2056	-9.842748	о
2057	-9.844399	hota
2058	-9.844561	meer
2059	-9.846642	என்றால்
2060	-9.846741	સ્
2061	-9.846813	identity
2062	-9.848099	hesaru
2063	-9.848105	ning
2064	-9.848119	guidelines
2065	-9.848334	nw
2066	-9.848888	plate
2067	-9.849282	lé
2068	-9.849586	ள
2069	-9.849832	లి
2070	-9.850673	tur
2071	-9.850694	ੰ
2072	-9.850730	কা
2073	-9.851707	ایک
2074	-9.852477	મોબાઈલ
2075	-9.854203	ಹ
2076	-9.854310	tie
2077	-9.854956	upon
2078	-9.855476	degrees
2079	-9.855956	zaroori
2080	-9.856591	naav
2081	-9.856875	purchase
2082	-9.857067	love
2083	-9.858263	ரா
2084	-9.859899	м
2085	-9.859996	মা
2086	-9.860168	dos
2087	-9.860914	api
2088	-9.861104	cer
2089	-9.861281	kisi
2090	-9.861526	area
2091	-9.862771	éducation
2092	-9.862965	straat
2093	-9.863018	kara
2094	-9.863424	police
2095	-9.864250	नमस्ते
2096	-9.864460	р
2097	-9.864761	join
2098	-9.864827	ky
2099	-9.865732	नहीं
2100	-9.865957	టి
2101	-9.866363	জ
2102	-9.867257	contribution
2103	-9.868014	internationa
2104	-9.868375	sexe
2105	-9.868450	toute
2106	-9.868461	पा
2107	-9.868962	sessione
2108	-9.869169	today
2109	-9.869720	ett
2110	-9.869975	fund
2111	-9.870070	আ
2112	-9.870190	organization
2113	-9.870987	mas
2114	-9.871619	ct
2115	-9.872182	going
2116	-9.872186	sensex
2117	-9.872460	posso
2118	-9.873691	environment
2119	-9.874308	gl
2120	-9.875085	ть
2121	-9.875259	fall
2122	-9.876069	office
2123	-9.876221	summary
2124	-9.877270	ವು
2125	-9.877377	ux
2126	-9.877408	وں
2127	-9.877664	necessary
2128	-9.877743	linux
2129	-9.877905	nell
2130	-9.878647	open
2131	-9.878999	siamo
2132	-9.879065	다
2133	-9.879390	hand
2134	-9.880057	pnr
2135	-9.880123	leur
2136	-9.880586	house
2137	-9.881039	শ
2138	-9.881265	ా
2139	-9.881408	pays
2140	-9.881620	haan
2141	-9.882635	आपको
2142	-9.883683	என்பது
2143	-9.884309	einem
2144	-9.884641	н
2145	-9.885114	ли
2146	-9.885330	könnten
2147	-9.885793	discutere
2148	-9.886706	compatible
2149	-9.886717	polizza
2150	-9.887605	solutions
2151	-9.887877	ை
2152	-9.888225	müssen
2153	-9.888607	ifsc
2154	-9.888643	mé
2155	-9.888651	sign
2156	-9.889051	rights
2157	-9.889309	strasse
2158	-9.889426	donner
2159	-9.889747	vragen
2160	-9.890477	karo
2161	-9.891295	level
2162	-9.891372	nz
2163	-9.892040	ੀ
2164	-9.893574	skills
2165	-9.894367	tri
2166	-9.894523	లా
2167	-9.894648	bal
2168	-9.895011	خ
2169	-9.895108	ord
2170	-9.895206	gebruikersna
2171	-9.895232	nia
2172	-9.895354	ers
2173	-9.895376	keep
2174	-9.895632	tro
2175	-9.895805	tic
2176	-9.896493	evento
2177	-9.896676	தி
2178	-9.897569	ਸੀ
2179	-9.897689	sk
2180	-9.897772	registro
2181	-9.898901	mie
2182	-9.899920	ва
2183	-9.900677	hoga
2184	-9.900917	lar
2185	-9.901365	biz
2186	-9.901790	ciones
2187	-9.901962	ấ
2188	-9.902654	ಸಿ
2189	-9.903296	lista
2190	-9.903501	bâtiment
2191	-9.905552	hay
2192	-9.905570	ance
2193	-9.905887	ਹ
2194	-9.906363	sol
2195	-9.906420	ص
2196	-9.906454	questa
2197	-9.906585	regulatory
2198	-9.906642	बजे
2199	-9.906657	kunnen
2200	-9.908131	डिग्री
2201	-9.908135	qué
2202	-9.908156	results
2203	-9.908250	hun
2204	-9.908778	ട
2205	-9.909682	bilkul
2206	-9.910059	tte
2207	-9.910188	win
2208	-9.910257	parent
2209	-9.910709	programa
2210	-9.912036	context
2211	-9.912230	legale
2212	-9.912303	ح
2213	-9.912422	બ
2214	-9.912453	network
2215	-9.912887	duddu
2216	-9.913142	doctype
2217	-9.914524	damit
2218	-9.914645	rie
2219	-9.917456	tarjeta
2220	-9.917728	coordinate
2221	-9.918436	ਅ
2222	-9.918509	لا
2223	-9.918622	ang
2224	-9.919456	रे
2225	-9.920029	mg
2226	-9.920032	lake
2227	-9.920040	করে
2228	-9.920321	బ
2229	-9.920680	ও
2230	-9.921173	வா
2231	-9.922227	ensuring
2232	-9.922286	borrower
2233	-9.922510	recherche
2234	-9.922521	ી
2235	-9.923303	personnel
2236	-9.923462	ev
2237	-9.924264	ண
2238	-9.925118	য়
2239	-9.925325	बताना
2240	-9.925735	к
2241	-9.925881	hoe
2242	-9.925925	tech
2243	-9.926823	hospital
2244	-9.926866	language
2245	-9.926867	firefox
2246	-9.926867	ế
2247	-9.926977	leaves
2248	-9.928213	ડ
2249	-9.928472	ईमेल
2250	-9.928499	steuer
2251	-9.928562	lin
2252	-9.928602	बा
2253	-9.929539	idad
2254	-9.930140	supporto
2255	-9.930950	yang
2256	-9.931417	ি
2257	-9.933112	어
2258	-9.933295	sido
2259	-9.934059	his
2260	-9.934183	techniques
2261	-9.934285	bach
2262	-9.934733	gio
2263	-9.935019	birthdate
2264	-9.935038	ram
2265	-9.935354	ਡ
2266	-9.936172	ov
2267	-9.937097	layout
2268	-9.937748	tout
2269	-9.937888	stad
2270	-9.937966	trident
2271	-9.938099	article
2272	-9.938105	history
2273	-9.938426	मला
2274	-9.938552	ة
2275	-9.939556	città
2276	-9.940105	uso
2277	-9.940388	tt
2278	-9.941808	az
2279	-9.941934	आहेत
2280	-9.942172	looking
2281	-9.943133	bor
2282	-9.943291	consultation
2283	-9.943354	partager
2284	-9.943634	ot
2285	-9.944627	podrías
2286	-9.945978	కోసం
2287	-9.946136	movie
2288	-9.946265	ك
2289	-9.947620	tidak
2290	-9.948081	పు
2291	-9.948340	pal
2292	-9.949103	는
2293	-9.949129	ದಲ್ಲಿ
2294	-9.950680	ो
2295	-9.950956	marg
2296	-9.951931	xxxx
2297	-9.952074	actions
2298	-9.952520	direct
2299	-9.952843	ಳ
2300	-9.953244	લા
2301	-9.953467	্য
2302	-9.953805	கி
2303	-9.953881	entity
2304	-9.954034	cuál
2305	-9.954660	כ
2306	-9.954860	zy
2307	-9.955169	ాన్ని
2308	-9.955516	oh
2309	-9.955770	nota
2310	-9.956453	minute
2311	-9.956484	ಡ್
2312	-9.956616	త్
2313	-9.957286	geo
2314	-9.957669	yan
2315	-9.957822	мо
2316	-9.957960	ந்த
2317	-9.958847	gg
2318	-9.959465	beachten
2319	-9.959743	global
2320	-9.959890	italia
2321	-9.960196	back
2322	-9.960618	relevant
2323	-9.961279	ח
2324	-9.961658	chf
2325	-9.961926	benötige
2326	-9.962077	money
2327	-9.962179	biometric
2328	-9.962401	sel
2329	-9.962923	অ
2330	-9.963412	ş
2331	-9.963702	serve
2332	-9.964384	మ్
2333	-9.964507	idea
2334	-9.964606	reditcardcvv
2335	-9.964711	cardexpiry
2336	-9.964844	east
2337	-9.965081	zal
2338	-9.965175	ે
2339	-9.965564	કે
2340	-9.965695	ard
2341	-9.967321	conduct
2342	-9.967562	ಾ
2343	-9.968717	solicitud
2344	-9.970013	ê
2345	-9.970091	states
2346	-9.970351	geslacht
2347	-9.970357	bewertung
2348	-9.970818	sz
2349	-9.970869	ara
2350	-9.970971	alter
2351	-9.971651	لی
2352	-9.972110	insights
2353	-9.972970	kind
2354	-9.973001	bou
2355	-9.973120	ਸ਼
2356	-9.973247	ban
2357	-9.973677	मिलते
2358	-9.973821	apna
2359	-9.973944	saluti
2360	-9.974012	after
2361	-9.974032	aku
2362	-9.974341	লা
2363	-9.974349	apne
2364	-9.974759	ச்
2365	-9.974877	tes
2366	-9.975942	nr
2367	-9.975985	wan
2368	-9.976172	سی
2369	-9.976233	ità
2370	-9.976269	ರಾ
2371	-9.976305	sitzung
2372	-9.976919	वे
2373	-9.977160	recht
2374	-9.978508	protocol
2375	-9.978616	apellido
2376	-9.978616	ạ
2377	-9.978668	rendez
2378	-9.980031	л
2379	-9.980325	இ
2380	-9.980407	formulario
2381	-9.980590	gra
2382	-9.981476	gerne
2383	-9.981941	partecipanti
2384	-9.983423	leg
2385	-9.983619	instance
2386	-9.984220	confidential
2387	-9.985277	attività
2388	-9.985364	schüler
2389	-9.986403	vriendelijke
2390	-9.986603	bg
2391	-9.987304	सं
2392	-9.987542	nouveau
2393	-9.988332	risks
2394	-9.988629	कुछ
2395	-9.988924	arte
2396	-9.989357	only
2397	-9.989472	ug
2398	-9.989812	ദ
2399	-9.990301	कॉल
2400	-9.990302	responsible
2401	-9.990415	hn
2402	-9.991298	tus
2403	-9.991419	model
2404	-9.991478	ж
2405	-9.991982	activity
2406	-9.991982	tomorrow
2407	-9.991990	gustaría
2408	-9.992138	möchten
2409	-9.992515	ில்
2410	-9.992794	sub
2411	-9.993459	ഗ
2412	-9.993864	mb
2413	-9.994333	ط
2414	-9.994390	uz
2415	-9.995360	hope
2416	-9.995869	personali
2417	-9.996049	ವನ್ನು
2418	-9.997724	hl
2419	-9.997949	amente
2420	-9.998171	जो
2421	-9.998501	mc
2422	-9.998777	cultural
2423	-9.999047	kaart
2424	-9.999646	ਬ
2425	-9.999872	vie
2426	-10.000264	avoir
2427	-10.000801	initiative
2428	-10.000816	bring
2429	-10.001296	யார்
2430	-10.001444	ஆ
2431	-10.002960	salve
2432	-10.003338	latest
2433	-10.003923	upcoming
2434	-10.004989	mentale
2435	-10.005516	ਤੋਂ
2436	-10.006040	tal
2437	-10.008030	lieu
2438	-10.008203	आपके
2439	-10.008512	general
2440	-10.008514	là
2441	-10.008946	सकते
2442	-10.008965	dateofbirth
2443	-10.009093	welcome
2444	-10.010199	apa
2445	-10.011327	லி
2446	-10.011533	involved
2447	-10.013132	fin
2448	-10.013294	xxx
2449	-10.013502	wurden
2450	-10.013930	finden
2451	-10.014135	bh
2452	-10.015006	نا
2453	-10.015382	ಡ
2454	-10.016110	ه
2455	-10.016759	ది
2456	-10.017135	kunt
2457	-10.017417	expenses
2458	-10.017481	cia
2459	-10.018004	lena
2460	-10.018027	lj
2461	-10.018075	নি
2462	-10.018517	comme
2463	-10.018543	dig
2464	-10.018570	item
2465	-10.018909	teilen
2466	-10.019046	return
2467	-10.019269	pourriez
2468	-10.019855	ਣ
2469	-10.020608	கு
2470	-10.020695	reg
2471	-10.020995	postleitzahl
2472	-10.021153	த்
2473	-10.021206	consulta
2474	-10.021731	titel
2475	-10.021903	నాకు
2476	-10.022728	corporation
2477	-10.022855	י
2478	-10.023042	sui
2479	-10.023330	sam
2480	-10.023366	dra
2481	-10.024234	contactez
2482	-10.024465	जानकारी
2483	-10.024959	step
2484	-10.025229	purpose
2485	-10.025384	prima
2486	-10.025527	planning
2487	-10.025644	fort
2488	-10.025930	transaktion
2489	-10.026221	assistenza
2490	-10.026654	timestamp
2491	-10.026665	த்த
2492	-10.027780	డానికి
2493	-10.028383	registration
2494	-10.029161	rec
2495	-10.029691	आणि
2496	-10.029710	quantity
2497	-10.030378	sein
2498	-10.031445	alguien
2499	-10.031587	chrome
2500	-10.032404	respect
2501	-10.032924	class
2502	-10.032933	rio
2503	-10.034096	july
2504	-10.034246	collection
2505	-10.034945	policies
2506	-10.035103	ಬ
2507	-10.036477	final
2508	-10.036648	ಟ
2509	-10.036821	গ
2510	-10.036839	atie
2511	-10.036871	யில்
2512	-10.036905	tot
2513	-10.037233	milte
2514	-10.038461	లను
2515	-10.038463	ộ
2516	-10.039912	psycho
2517	-10.040038	patients
2518	-10.040137	ihrem
2519	-10.040648	ਜ਼
2520	-10.040711	bert
2521	-10.042411	naya
2522	-10.042532	submit
2523	-10.042775	utiliser
2524	-10.042933	exchange
2525	-10.043457	enhance
2526	-10.044701	డ
2527	-10.044898	null
2528	-10.045009	ங்கள்
2529	-10.045947	aide
2530	-10.046062	sexo
2531	-10.046707	eva
2532	-10.046715	sou
2533	-10.047162	savings
2534	-10.048579	groet
2535	-10.048700	initiatives
2536	-10.048902	mor
2537	-10.049091	strategy
2538	-10.049093	formulaire
2539	-10.049573	helfen
2540	-10.049604	freundlichen
2541	-10.050968	zioni
2542	-10.050970	store
2543	-10.051586	களை
2544	-10.052081	rekening
2545	-10.052224	administrati
2546	-10.052409	ster
2547	-10.052672	માટે
2548	-10.052971	ert
2549	-10.053154	technology
2550	-10.054275	acc
2551	-10.054469	department
2552	-10.055184	یا
2553	-10.055196	ending
2554	-10.056293	cercando
2555	-10.056739	volgende
2556	-10.057244	િ
2557	-10.057630	sport
2558	-10.057769	visa
2559	-10.057816	forum
2560	-10.058092	fornire
2561	-10.058334	interesse
2562	-10.058641	gre
2563	-10.059508	டு
2564	-10.059560	ಆ
2565	-10.059729	எந்த
2566	-10.059747	necesita
2567	-10.059834	maintenance
2568	-10.059852	acceso
2569	-10.059946	nouvelle
2570	-10.060056	gezondheids
2571	-10.061396	villa
2572	-10.061496	significant
2573	-10.062232	ú
2574	-10.062941	nur
2575	-10.063041	हे
2576	-10.063557	rat
2577	-10.063674	ந
2578	-10.063754	bon
2579	-10.064123	them
2580	-10.066011	נ
2581	-10.066095	രി
2582	-10.066244	नि
2583	-10.066590	estado
2584	-10.066725	ത്ത
2585	-10.067404	gy
2586	-10.068469	ಯಾವ
2587	-10.069053	ка
2588	-10.069062	weiter
2589	-10.069125	identidad
2590	-10.069285	काय
2591	-10.069818	february
2592	-10.070302	ো
2593	-10.070348	procedure
2594	-10.070586	werk
2595	-10.070792	famille
2596	-10.070940	loro
2597	-10.072228	्य
2598	-10.072481	pata
2599	-10.072507	가
2600	-10.072521	swift
2601	-10.073193	prêt
2602	-10.074284	fidentiality
2603	-10.074350	october
2604	-10.074365	onderzoek
2605	-10.074687	ആ
2606	-10.075047	june
2607	-10.075087	ви
2608	-10.075218	வு
2609	-10.075438	marie
2610	-10.076004	kurs
2611	-10.076451	vy
2612	-10.076598	দ
2613	-10.076765	ா
2614	-10.077347	operations
2615	-10.077627	लि
2616	-10.078069	రో
2617	-10.078316	ertification
2618	-10.078367	ía
2619	-10.078799	tempo
2620	-10.079125	‌
2621	-10.079937	ive
2622	-10.084429	नी
2623	-10.084490	parents
2624	-10.085982	monthly
2625	-10.086300	reisepass
2626	-10.086824	herr
2627	-10.086861	vielen
2628	-10.087214	sensitive
2629	-10.087255	improvement
2630	-10.087989	டை
2631	-10.088089	ગ
2632	-10.088414	inte
2633	-10.088696	contrat
2634	-10.089024	internet
2635	-10.089072	traitement
2636	-10.089485	प्र
2637	-10.089759	fine
2638	-10.090199	msie
2639	-10.090602	nemen
2640	-10.091077	uno
2641	-10.091279	kindly
2642	-10.091917	ే
2643	-10.092131	ity
2644	-10.092366	có
2645	-10.092541	elli
2646	-10.092777	partecipante
2647	-10.092794	findings
2648	-10.092993	dokument
2649	-10.094446	brauche
2650	-10.094681	રા
2651	-10.095127	ോ
2652	-10.095483	monitoring
2653	-10.095700	ची
2654	-10.096169	char
2655	-10.096592	సా
2656	-10.099141	mettre
2657	-10.100006	libro
2658	-10.100178	eren
2659	-10.100276	jao
2660	-10.100369	utilizzando
2661	-10.100629	clock
2662	-10.100681	grüßen
2663	-10.100832	fonds
2664	-10.101483	età
2665	-10.101645	ણ
2666	-10.102471	compartir
2667	-10.102969	ג
2668	-10.103071	sicherheits
2669	-10.103074	moet
2670	-10.103221	point
2671	-10.104051	off
2672	-10.104092	actual
2673	-10.104097	attached
2674	-10.104725	yes
2675	-10.105287	brand
2676	-10.105350	annual
2677	-10.105737	writing
2678	-10.105887	എന്താണ്
2679	-10.107317	monitor
2680	-10.107697	અ
2681	-10.107741	lors
2682	-10.109118	goods
2683	-10.110936	gel
2684	-10.111799	état
2685	-10.112265	associated
2686	-10.112562	ध
2687	-10.113006	és
2688	-10.114203	num
2689	-10.114428	ழ
2690	-10.114645	cada
2691	-10.114696	condividere
2692	-10.114699	kumar
2693	-10.116607	parti
2694	-10.117188	visita
2695	-10.117267	emotional
2696	-10.117270	contatto
2697	-10.117562	systems
2698	-10.117823	travail
2699	-10.119094	दा
2700	-10.119681	fiscal
2701	-10.120131	nachname
2702	-10.120271	ధ
2703	-10.120390	true
2704	-10.120414	તે
2705	-10.120940	யா
2706	-10.121657	ą
2707	-10.121683	stuur
2708	-10.122336	તા
2709	-10.122650	tier
2710	-10.123109	कार्ड
2711	-10.123279	ergebnisse
2712	-10.123890	च्या
2713	-10.124649	ణ
2714	-10.124999	nuevo
2715	-10.125059	growth
2716	-10.125183	ರು
2717	-10.125266	nor
2718	-10.125422	চ
2719	-10.126209	ਾ
2720	-10.126838	premium
2721	-10.127109	free
2722	-10.128589	cash
2723	-10.128613	space
2724	-10.128763	thérapie
2725	-10.128770	inspection
2726	-10.128800	ਰੀ
2727	-10.128911	aktualisier
2728	-10.129631	cómo
2729	-10.130733	placeholder
2730	-10.131078	pra
2731	-10.131314	zoals
2732	-10.131420	sakte
2733	-10.131637	పా
2734	-10.131837	ра
2735	-10.132006	steps
2736	-10.132299	bad
2737	-10.132437	रो
2738	-10.132628	possible
2739	-10.132685	counseling
2740	-10.132756	vorrei
2741	-10.133982	א
2742	-10.134400	லா
2743	-10.135482	concerns
2744	-10.135627	unseren
2745	-10.135691	cio
2746	-10.135789	soins
2747	-10.136196	kha
2748	-10.136479	ങ്ങൾ
2749	-10.137104	ور
2750	-10.137530	stock
2751	-10.137844	kaise
2752	-10.137849	acht
2753	-10.138473	survey
2754	-10.138502	accordance
2755	-10.139268	encoding
2756	-10.139389	north
2757	-10.139506	darauf
2758	-10.139524	pie
2759	-10.140174	उ
2760	-10.140265	во
2761	-10.140364	ശ
2762	-10.140403	गाड़ी
2763	-10.141273	ரு
2764	-10.141617	કા
2765	-10.141778	गा
2766	-10.141799	utilizzare
2767	-10.141976	ಲಿ
2768	-10.142262	king
2769	-10.142281	ibl
2770	-10.142358	reunión
2771	-10.142363	அல்லது
2772	-10.142380	dollar
2773	-10.143011	ળ
2774	-10.143073	ু
2775	-10.144306	സി
2776	-10.144769	mag
2777	-10.145052	partecipazio
2778	-10.145186	confirmar
2779	-10.145508	invia
2780	-10.146197	sei
2781	-10.146313	issued
2782	-10.146440	officer
2783	-10.147076	orario
2784	-10.147548	saber
2785	-10.148032	ಣ
2786	-10.148046	zip
2787	-10.148051	needed
2788	-10.148249	లేదా
2789	-10.148262	various
2790	-10.148397	ricerca
2791	-10.149396	cela
2792	-10.150093	hill
2793	-10.150433	años
2794	-10.150682	maintain
2795	-10.150960	யாவை
2796	-10.151330	mais
2797	-10.151404	prochaine
2798	-10.151865	kw
2799	-10.152179	acuerdo
2800	-10.152474	laten
2801	-10.152627	rating
2802	-10.152903	trouver
2803	-10.153053	mission
2804	-10.154274	lijk
2805	-10.154279	present
2806	-10.154397	wer
2807	-10.154707	ాలు
2808	-10.154809	ਵ
2809	-10.155269	anfrage
2810	-10.155328	formular
2811	-10.155396	lina
2812	-10.155415	add
2813	-10.155493	south
2814	-10.155905	nvironmental
2815	-10.156137	weiblich
2816	-10.156448	vostro
2817	-10.156915	ਜ
2818	-10.157273	jar
2819	-10.157851	જે
2820	-10.158443	enviar
2821	-10.158743	indica
2822	-10.159470	não
2823	-10.159997	ઇ
2824	-10.160169	sw
2825	-10.160638	jaar
2826	-10.160728	lyn
2827	-10.161495	і
2828	-10.161546	contattare
2829	-10.161555	labor
2830	-10.162103	locatie
2831	-10.162108	आईडी
2832	-10.162129	सबसे
2833	-10.162231	policyholder
2834	-10.163043	materials
2835	-10.164056	mehr
2836	-10.164098	ix
2837	-10.164162	routing
2838	-10.165743	verificare
2839	-10.165866	ಕಾ
2840	-10.166199	fun
2841	-10.166445	regards
2842	-10.166723	ി
2843	-10.166780	portal
2844	-10.166862	மை
2845	-10.167232	dossier
2846	-10.167641	tive
2847	-10.167890	హ
2848	-10.168025	act
2849	-10.168115	utilisant
2850	-10.168378	கோ
2851	-10.168437	partecipare
2852	-10.168638	utilisez
2853	-10.169417	ખ
2854	-10.169615	کون
2855	-10.170077	যা
2856	-10.170127	thomas
2857	-10.170208	table
2858	-10.170311	लं
2859	-10.170590	ק
2860	-10.170753	initial
2861	-10.170904	ч
2862	-10.170912	દ
2863	-10.171043	ement
2864	-10.171165	את
2865	-10.171304	much
2866	-10.171447	comment
2867	-10.172072	requirements
2868	-10.172215	consider
2869	-10.172360	saath
2870	-10.172543	accord
2871	-10.173475	mont
2872	-10.173791	पिन
2873	-10.173859	kk
2874	-10.174089	ಇ
2875	-10.174544	کر
2876	-10.174817	zar
2877	-10.175441	campo
2878	-10.176123	ੁ
2879	-10.176169	beneficiary
2880	-10.176414	శ
2881	-10.176810	vrouw
2882	-10.177306	zer
2883	-10.178185	psychology
2884	-10.178399	teacher
2885	-10.178565	continue
2886	-10.179080	even
2887	-10.179660	ి
2888	-10.180234	employment
2889	-10.180303	ئ
2890	-10.180748	save
2891	-10.180944	soch
2892	-10.181782	mah
2893	-10.181829	до
2894	-10.182135	ਚ
2895	-10.182731	batana
2896	-10.182878	ни
2897	-10.183165	ુ
2898	-10.183719	ça
2899	-10.183766	మి
2900	-10.183838	mx
2901	-10.184278	männlich
2902	-10.184287	ఉంది
2903	-10.184439	sounds
2904	-10.184615	super
2905	-10.184688	material
2906	-10.184691	prof
2907	-10.184731	करना
2908	-10.184836	ssa
2909	-10.185341	mw
2910	-10.185719	ळ
2911	-10.186047	ore
2912	-10.186361	gut
2913	-10.186430	respons
2914	-10.186629	sturen
2915	-10.186711	dieser
2916	-10.187358	pres
2917	-10.187910	ई
2918	-10.188334	ಲು
2919	-10.188363	chez
2920	-10.189289	studie
2921	-10.190413	providing
2922	-10.190413	चाहता
2923	-10.190563	femme
2924	-10.190716	peut
2925	-10.190994	sar
2926	-10.191757	hours
2927	-10.192508	ما
2928	-10.192518	situation
2929	-10.192908	helpen
2930	-10.193569	ండి
2931	-10.194524	festival
2932	-10.195482	xh
2933	-10.196333	ш
2934	-10.196582	은
2935	-10.196668	ਈ
2936	-10.197308	moi
2937	-10.197315	monday
2938	-10.198237	ఇ
2939	-10.198652	पासपोर्ट
2940	-10.198658	capital
2941	-10.199081	ित
2942	-10.199824	importo
2943	-10.200751	्या
2944	-10.200768	toegang
2945	-10.201065	hard
2946	-10.201822	करो
2947	-10.201824	recharge
2948	-10.201924	moeten
2949	-10.202580	fy
2950	-10.202706	ungen
2951	-10.202837	sesión
2952	-10.202908	jouw
2953	-10.202999	dich
2954	-10.203105	seront
2955	-10.203130	lender
2956	-10.203991	פ
2957	-10.204276	મા
2958	-10.205102	ें
2959	-10.205244	red
2960	-10.205309	કો
2961	-10.205708	chen
2962	-10.206405	servizi
2963	-10.206654	ł
2964	-10.206900	ఉన్న
2965	-10.206960	을
2966	-10.207032	पापा
2967	-10.207172	bru
2968	-10.209000	edad
2969	-10.209954	tw
2970	-10.210357	மா
2971	-10.210409	те
2972	-10.210560	ੇ
2973	-10.211152	accès
2974	-10.211281	handling
2975	-10.211950	ras
2976	-10.212234	inform
2977	-10.212306	िक
2978	-10.213045	मेल
2979	-10.213236	inscription
2980	-10.213469	board
2981	-10.214152	garantire
2982	-10.214166	ಪ್
2983	-10.215128	resolution
2984	-10.215476	వారి
2985	-10.216574	accedere
2986	-10.216849	ness
2987	-10.217079	registrazion
2988	-10.217129	nelle
2989	-10.217955	faire
2990	-10.218482	ige
2991	-10.218515	heid
2992	-10.219551	पासवर्ड
2993	-10.219775	ഇ
2994	-10.219892	tuoi
2995	-10.220095	खाता
2996	-10.220235	self
2997	-10.220236	tipo
2998	-10.220983	okay
2999	-10.221080	betrag
3000	-10.221248	cordiali
3001	-10.221685	waiver
3002	-10.221702	ے
3003	-10.221840	ogni
3004	-10.222525	iamo
3005	-10.222883	sulle
3006	-10.223125	ष
3007	-10.223234	stiamo
3008	-10.223784	زيري
3009	-10.224037	zia
3010	-10.224166	ൂ
3011	-10.224723	etti
3012	-10.225063	result
3013	-10.225705	vis
3014	-10.225907	मकान
3015	-10.226506	mark
3016	-10.226726	virtual
3017	-10.226877	תום
3018	-10.226935	payments
3019	-10.227181	हूं
3020	-10.227561	chemin
3021	-10.228061	không
3022	-10.228156	standard
3023	-10.228531	ும்
3024	-10.228857	റ്റ
3025	-10.229797	ма
3026	-10.230189	importance
3027	-10.230283	aj
3028	-10.230726	nuestros
3029	-10.230956	bur
3030	-10.231153	ੂ
3031	-10.231373	ਆ
3032	-10.231467	উ
3033	-10.231827	வை
3034	-10.231904	view
3035	-10.232194	રી
3036	-10.232309	kingdom
3037	-10.232318	jullie
3038	-10.232371	proceso
3039	-10.232375	prossima
3040	-10.232482	ൾ
3041	-10.233075	assurer
3042	-10.233473	பு
3043	-10.234477	tools
3044	-10.235402	gaya
3045	-10.235403	ফ
3046	-10.236180	pri
3047	-10.236591	specified
3048	-10.237092	bereit
3049	-10.237511	strategie
3050	-10.237885	delen
3051	-10.238321	national
3052	-10.238446	diverse
3053	-10.238742	póliza
3054	-10.238873	music
3055	-10.239063	å
3056	-10.239527	behavior
3057	-10.239864	த்தில்
3058	-10.240897	bundesland
3059	-10.240897	carretera
3060	-10.240919	burg
3061	-10.241109	vorname
3062	-10.241199	jk
3063	-10.241200	franc
3064	-10.241216	stem
3065	-10.241370	vic
3066	-10.242038	second
3067	-10.242104	ജ
3068	-10.242443	tir
3069	-10.242887	studenten
3070	-10.242941	உ
3071	-10.243529	modulo
3072	-10.243649	lä
3073	-10.244565	week
3074	-10.244622	tx
3075	-10.245221	receipt
3076	-10.245223	जन्मतिथि
3077	-10.245243	জন্য
3078	-10.245275	fl
3079	-10.246663	লে
3080	-10.246921	alt
3081	-10.247267	nic
3082	-10.247426	problema
3083	-10.247432	ఎలా
3084	-10.248407	aggiornare
3085	-10.248430	gue
3086	-10.249567	xy
3087	-10.249834	നി
3088	-10.250026	ayuda
3089	-10.250292	shi
3090	-10.250629	waar
3091	-10.250710	pad
3092	-10.250722	نی
3093	-10.250799	attend
3094	-10.251721	cent
3095	-10.251783	sollten
3096	-10.251900	past
3097	-10.252022	those
3098	-10.252031	વિ
3099	-10.252895	expert
3100	-10.253357	entered
3101	-10.253835	protocols
3102	-10.253980	société
3103	-10.254522	من
3104	-10.254739	working
3105	-10.254807	doit
3106	-10.256045	iso
3107	-10.256134	fondo
3108	-10.256468	masculino
3109	-10.256560	ör
3110	-10.256715	days
3111	-10.257627	નું
3112	-10.258308	accéder
3113	-10.258600	lui
3114	-10.259773	require
3115	-10.259981	banco
3116	-10.261010	étudiant
3117	-10.261977	onder
3118	-10.262636	method
3119	-10.262681	वह
3120	-10.263097	fee
3121	-10.263259	wichtig
3122	-10.263962	रि
3123	-10.264197	gn
3124	-10.264340	checking
3125	-10.264516	frais
3126	-10.265000	rehta
3127	-10.265186	ow
3128	-10.265306	да
3129	-10.265577	lic
3130	-10.265729	మైన
3131	-10.265747	vel
3132	-10.266351	ప్ర
3133	-10.266955	kredit
3134	-10.267192	nuova
3135	-10.267219	ਖ
3136	-10.268593	dni
3137	-10.268738	specialist
3138	-10.268759	wh
3139	-10.268977	programs
3140	-10.269088	human
3141	-10.269345	femenino
3142	-10.270507	improve
3143	-10.271078	â
3144	-10.271337	ਫ
3145	-10.271567	पार्सल
3146	-10.271579	inviare
3147	-10.272406	ability
3148	-10.272471	trends
3149	-10.272599	fill
3150	-10.272677	venir
3151	-10.273133	ਕਿ
3152	-10.273169	reports
3153	-10.273228	পা
3154	-10.273701	ക്ക്
3155	-10.273794	pprentissage
3156	-10.274180	fact
3157	-10.275332	lk
3158	-10.275359	foto
3159	-10.275638	zw
3160	-10.276596	г
3161	-10.276752	agree
3162	-10.276890	রে
3163	-10.277427	ات
3164	-10.277750	ungs
3165	-10.278203	జ
3166	-10.278264	academic
3167	-10.278301	puedo
3168	-10.278459	جو
3169	-10.278686	pl
3170	-10.278953	ನಿ
3171	-10.279218	थ
3172	-10.279381	making
3173	-10.279860	xi
3174	-10.280000	ધ
3175	-10.280506	cualquier
3176	-10.280509	shipping
3177	-10.280510	tratamiento
3178	-10.280558	jacob
3179	-10.280943	xf
3180	-10.281587	ચ
3181	-10.282196	ро
3182	-10.282505	sai
3183	-10.282753	análisis
3184	-10.282753	curriculum
3185	-10.282806	può
3186	-10.282825	secondaire
3187	-10.284268	ഡ
3188	-10.284443	ß
3189	-10.284454	contatta
3190	-10.284636	voir
3191	-10.284698	போ
3192	-10.284848	రీ
3193	-10.284960	creare
3194	-10.285117	buch
3195	-10.285169	ges
3196	-10.285795	food
3197	-10.285865	ிய
3198	-10.285946	target
3199	-10.286798	ric
3200	-10.287263	weight
3201	-10.288541	doe
3202	-10.288651	ко
3203	-10.288755	schi
3204	-10.288771	cur
3205	-10.289266	webinar
3206	-10.289525	système
3207	-10.289525	சிறந்த
3208	-10.289525	ಈ
3209	-10.289535	چ
3210	-10.289608	paese
3211	-10.289960	better
3212	-10.289989	saint
3213	-10.290155	reporting
3214	-10.290617	می
3215	-10.290888	hui
3216	-10.291509	einige
3217	-10.291978	header
3218	-10.292207	utilizza
3219	-10.292929	temps
3220	-10.293076	andere
3221	-10.293104	reported
3222	-10.293703	hereby
3223	-10.293735	assets
3224	-10.294806	हम
3225	-10.295682	mise
3226	-10.295829	ٹی
3227	-10.295940	muss
3228	-10.296045	ಡಿ
3229	-10.296347	railway
3230	-10.296394	always
3231	-10.296503	bern
3232	-10.296649	morgen
3233	-10.297343	manual
3234	-10.297494	nar
3235	-10.297850	incontro
3236	-10.298102	étudiants
3237	-10.298486	ంలో
3238	-10.299575	शा
3239	-10.299894	తి
3240	-10.300169	हि
3241	-10.301379	stay
3242	-10.301379	ంగా
3243	-10.301543	పి
3244	-10.301620	ਂ
3245	-10.301753	ష
3246	-10.301866	വാ
3247	-10.302321	staff
3248	-10.302464	jh
3249	-10.303080	active
3250	-10.303208	introduction
3251	-10.303231	entreprise
3252	-10.303355	ಜ
3253	-10.303503	teil
3254	-10.303653	ਵਾ
3255	-10.303829	revenue
3256	-10.304522	corp
3257	-10.304605	intel
3258	-10.304826	রি
3259	-10.305113	ס
3260	-10.305205	offer
3261	-10.305379	än
3262	-10.306985	unauthorized
3263	-10.307077	mall
3264	-10.307590	ഡ്
3265	-10.307813	therapist
3266	-10.308004	medizinische
3267	-10.308327	brown
3268	-10.308346	reason
3269	-10.308356	ंड
3270	-10.309627	pago
3271	-10.309712	safe
3272	-10.310142	అనేది
3273	-10.310781	mostra
3274	-10.310979	modo
3275	-10.311069	finanz
3276	-10.311255	eller
3277	-10.311890	noch
3278	-10.311929	below
3279	-10.312378	vari
3280	-10.312436	ఎవరు
3281	-10.313609	low
3282	-10.313908	seguito
3283	-10.314070	refer
3284	-10.314371	શ
3285	-10.314713	रूप
3286	-10.314756	आईएफएससी
3287	-10.314757	inquiries
3288	-10.315494	ario
3289	-10.315935	garden
3290	-10.316007	contrato
3291	-10.316044	പ്പ
3292	-10.316451	nächste
3293	-10.316594	hemos
3294	-10.316864	track
3295	-10.317082	prossimo
3296	-10.317083	benötigt
3297	-10.317204	résultats
3298	-10.317325	immediately
3299	-10.318018	tue
3300	-10.318445	gebruiker
3301	-10.318496	put
3302	-10.318717	تی
3303	-10.319412	ontvangen
3304	-10.319415	mumbai
3305	-10.320197	âge
3306	-10.320350	xx
3307	-10.321169	ht
3308	-10.321751	tijdstip
3309	-10.321904	ਲਈ
3310	-10.322065	recente
3311	-10.322099	சில
3312	-10.322539	reminder
3313	-10.322666	ierung
3314	-10.322933	லை
3315	-10.323360	та
3316	-10.323901	গুলি
3317	-10.324073	xe
3318	-10.324142	industry
3319	-10.324175	while
3320	-10.324525	limited
3321	-10.324536	யை
3322	-10.325183	گ
3323	-10.325804	hua
3324	-10.325987	jahre
3325	-10.326369	court
3326	-10.326431	sous
3327	-10.326439	erforderlich
3328	-10.327117	चे
3329	-10.327197	eg
3330	-10.327689	comments
3331	-10.327745	رو
3332	-10.327918	де
3333	-10.327995	volunteer
3334	-10.328268	woh
3335	-10.328601	jean
3336	-10.328756	möglich
3337	-10.328802	trattamento
3338	-10.328827	juni
3339	-10.330051	gene
3340	-10.330550	gps
3341	-10.331836	सि
3342	-10.331997	assicurati
3343	-10.332403	aver
3344	-10.332663	crédito
3345	-10.333031	سا
3346	-10.333212	xc
3347	-10.333376	किस
3348	-10.333513	ّ
3349	-10.333515	educazione
3350	-10.333544	connection
3351	-10.333650	responsable
3352	-10.334304	two
3353	-10.334355	rei
3354	-10.334762	kommen
3355	-10.335888	cordialement
3356	-10.336974	ud
3357	-10.337352	homme
3358	-10.338172	completed
3359	-10.338433	formal
3360	-10.339021	ים
3361	-10.339397	formation
3362	-10.340219	ij
3363	-10.340312	proporciona
3364	-10.340434	সা
3365	-10.340725	trabajo
3366	-10.340830	ধ
3367	-10.340896	મે
3368	-10.341390	implementati
3369	-10.341400	behandeling
3370	-10.341628	suivi
3371	-10.341994	eerd
3372	-10.342101	options
3373	-10.342636	plant
3374	-10.342736	hij
3375	-10.343026	executive
3376	-10.343027	femmina
3377	-10.343032	analisi
3378	-10.343036	comunidad
3379	-10.343040	empresa
3380	-10.343040	প্র
3381	-10.343412	civil
3382	-10.343624	লি
3383	-10.343769	কোন
3384	-10.343990	geplant
3385	-10.344296	madame
3386	-10.344473	nad
3387	-10.344620	ella
3388	-10.344877	banque
3389	-10.345110	rá
3390	-10.345430	federal
3391	-10.345486	paytm
3392	-10.345521	xu
3393	-10.346066	िंग
3394	-10.346556	database
3395	-10.346916	wordt
3396	-10.347298	decision
3397	-10.347628	ਲਾ
3398	-10.347657	ਦ
3399	-10.347690	town
3400	-10.348291	mol
3401	-10.348661	anche
3402	-10.349270	ਨੇ
3403	-10.349770	dad
3404	-10.350074	partyid
3405	-10.350324	ful
3406	-10.350441	gé
3407	-10.350622	এ
3408	-10.350643	റ്റ്
3409	-10.351428	آ
3410	-10.352140	ecco
3411	-10.352189	envoyé
3412	-10.352389	stati
3413	-10.352431	tv
3414	-10.352631	ả
3415	-10.352633	conversation
3416	-10.352800	മാ
3417	-10.352857	integration
3418	-10.353530	limit
3419	-10.353667	error
3420	-10.353701	servicios
3421	-10.353744	சா
3422	-10.354319	jab
3423	-10.354605	ভ
3424	-10.354712	vita
3425	-10.355045	novembre
3426	-10.355263	ફ
3427	-10.355616	drive
3428	-10.356647	azioni
3429	-10.356656	nei
3430	-10.356841	appreciate
3431	-10.356841	नाही
3432	-10.357095	politique
3433	-10.357396	sychological
3434	-10.357473	oktober
3435	-10.358668	కో
3436	-10.358920	personnelles
3437	-10.359789	உள்ள
3438	-10.359894	esperienza
3439	-10.359914	schema
3440	-10.360090	pré
3441	-10.360240	paul
3442	-10.360518	ात
3443	-10.360821	trust
3444	-10.361698	rahi
3445	-10.362031	disponible
3446	-10.362558	prénom
3447	-10.363752	टा
3448	-10.363911	voi
3449	-10.364272	engage
3450	-10.364420	vas
3451	-10.364452	പ്ര
3452	-10.364584	mento
3453	-10.364704	হয়
3454	-10.364766	चाहिए
3455	-10.364784	say
3456	-10.365264	termination
3457	-10.365579	copia
3458	-10.366214	ബ
3459	-10.367176	fan
3460	-10.367211	appuntamento
3461	-10.367213	veicolo
3462	-10.367269	xsi
3463	-10.367588	rg
3464	-10.367710	எ
3465	-10.368557	addresses
3466	-10.368610	खा
3467	-10.368806	qa
3468	-10.369337	nan
3469	-10.369469	outlines
3470	-10.369712	requested
3471	-10.369788	usweisnummer
3472	-10.369851	டா
3473	-10.369884	express
3474	-10.370330	dz
3475	-10.370831	groupe
3476	-10.371353	lead
3477	-10.371384	range
3478	-10.372119	entwicklung
3479	-10.372125	fahrzeug
3480	-10.372128	believe
3481	-10.372193	ées
3482	-10.372333	überprüfung
3483	-10.372782	wifi
3484	-10.372862	voici
3485	-10.373192	হ
3486	-10.373618	ות
3487	-10.374258	accurate
3488	-10.374286	হল
3489	-10.374598	vergeet
3490	-10.374741	thoda
3491	-10.374780	haus
3492	-10.374865	fx
3493	-10.375041	documenti
3494	-10.375080	pprendimento
3495	-10.375229	dh
3496	-10.376171	zie
3497	-10.376465	too
3498	-10.377185	storage
3499	-10.377748	யின்
3500	-10.378521	ક્
3501	-10.378610	oggi
3502	-10.379021	psychologis
3503	-10.379049	bai
3504	-10.379537	solde
3505	-10.379736	puede
3506	-10.380122	apl
3507	-10.380611	sender
3508	-10.381040	benefits
3509	-10.381150	భ
3510	-10.381568	मि
3511	-10.382174	zyada
3512	-10.382215	digitale
3513	-10.382367	त्या
3514	-10.382463	rbl
3515	-10.382668	کس
3516	-10.382753	shan
3517	-10.383825	create
3518	-10.384559	expertise
3519	-10.384954	icloud
3520	-10.385380	cé
3521	-10.385468	lig
3522	-10.385849	numbers
3523	-10.386375	tica
3524	-10.386868	ப்பு
3525	-10.388306	हमें
3526	-10.388526	agar
3527	-10.389337	मध्ये
3528	-10.389388	ণ
3529	-10.389489	secundaria
3530	-10.389491	maschio
3531	-10.389541	above
3532	-10.389882	sal
3533	-10.390440	banca
3534	-10.390696	బ్
3535	-10.391079	shared
3536	-10.391413	নে
3537	-10.391816	്യ
3538	-10.391995	evaluatie
3539	-10.392000	riunione
3540	-10.392591	ನೆ
3541	-10.392673	cat
3542	-10.392751	घर
3543	-10.392779	xb
3544	-10.393363	upp
3545	-10.393427	avenue
3546	-10.393601	contratto
3547	-10.394455	produkt
3548	-10.394481	corporate
3549	-10.394511	doivent
3550	-10.395097	ೂ
3551	-10.395139	ary
3552	-10.396008	rey
3553	-10.396087	option
3554	-10.396387	etta
3555	-10.396575	ría
3556	-10.397104	gandhi
3557	-10.397799	igen
3558	-10.398381	gri
3559	-10.398478	بی
3560	-10.399226	höhe
3561	-10.399552	ద్వారా
3562	-10.399556	construction
3563	-10.399625	െ
3564	-10.399817	estudiante
3565	-10.399887	বে
3566	-10.400502	રો
3567	-10.400621	स्ट
3568	-10.400685	ವಾ
3569	-10.401216	isse
3570	-10.401470	frau
3571	-10.401640	sales
3572	-10.402098	tiempo
3573	-10.402102	bedankt
3574	-10.402317	్
3575	-10.403214	nouvelles
3576	-10.403938	collect
3577	-10.404363	ின்
3578	-10.404622	educativa
3579	-10.404677	لیے
3580	-10.405676	face
3581	-10.405832	aura
3582	-10.406008	గు
3583	-10.406690	ries
3584	-10.406823	bike
3585	-10.406851	வர்
3586	-10.407165	ੌ
3587	-10.407166	ഏറ്റവും
3588	-10.407167	altezza
3589	-10.407186	agosto
3590	-10.407211	আমি
3591	-10.407675	mv
3592	-10.408324	pot
3593	-10.408504	noord
3594	-10.408587	metrics
3595	-10.408962	tak
3596	-10.409266	plans
3597	-10.409479	flu
3598	-10.409785	bana
3599	-10.410837	gal
3600	-10.411081	iva
3601	-10.411510	ero
3602	-10.411687	trip
3603	-10.412275	provincia
3604	-10.413747	wu
3605	-10.413873	profile
3606	-10.414074	थे
3607	-10.414897	sujet
3608	-10.415083	discussions
3609	-10.415243	dj
3610	-10.415420	п
3611	-10.415453	porta
3612	-10.416203	marzo
3613	-10.416553	jz
3614	-10.417041	uri
3615	-10.417709	fare
3616	-10.418411	perfect
3617	-10.419175	એક
3618	-10.419206	ло
3619	-10.419408	grand
3620	-10.419724	arbeit
3621	-10.419944	completo
3622	-10.419988	portfolio
3623	-10.419990	diseño
3624	-10.420059	titolo
3625	-10.420512	titre
3626	-10.420588	govt
3627	-10.421981	డం
3628	-10.422097	ರೆ
3629	-10.422504	revisar
3630	-10.422576	together
3631	-10.422580	leadership
3632	-10.422659	ஏன்
3633	-10.422664	లోని
3634	-10.422784	occhi
3635	-10.422786	migliorare
3636	-10.423062	kn
3637	-10.424339	camp
3638	-10.424372	ഷ
3639	-10.425162	educativo
3640	-10.425162	maßnahmen
3641	-10.425279	ड़
3642	-10.425350	gbp
3643	-10.425716	molto
3644	-10.425815	sessie
3645	-10.425957	gia
3646	-10.425982	fait
3647	-10.426116	internal
3648	-10.426153	தா
3649	-10.426256	ज़
3650	-10.426432	baar
3651	-10.426586	gs
3652	-10.427133	film
3653	-10.427740	sant
3654	-10.427759	ờ
3655	-10.428060	domaine
3656	-10.428400	గ్
3657	-10.428925	னி
3658	-10.428949	फ
3659	-10.429284	ray
3660	-10.429293	gas
3661	-10.430193	sito
3662	-10.430202	objet
3663	-10.430550	held
3664	-10.431266	toutes
3665	-10.431297	mandir
3666	-10.431914	जाता
3667	-10.432975	recipient
3668	-10.433125	shipment
3669	-10.433132	gui
3670	-10.433373	fix
3671	-10.434582	region
3672	-10.435431	loss
3673	-10.435530	finance
3674	-10.435593	vereinbarung
3675	-10.435602	festgestellt
3676	-10.435621	aadhar
3677	-10.436155	پی
3678	-10.436349	খ
3679	-10.436760	ഹ
3680	-10.436950	बे
3681	-10.437575	samajh
3682	-10.438018	డు
3683	-10.438107	థ
3684	-10.438510	transazione
3685	-10.438688	gesundheit
3686	-10.438812	funds
3687	-10.438834	meta
3688	-10.439260	लो
3689	-10.439866	geven
3690	-10.439870	pincode
3691	-10.440004	why
3692	-10.440113	ട്ട
3693	-10.440848	qualsiasi
3694	-10.440853	approach
3695	-10.440889	ீ
3696	-10.440891	lautet
3697	-10.441152	primary
3698	-10.441311	bald
3699	-10.441603	ncia
3700	-10.442367	stra
3701	-10.443503	equity
3702	-10.443507	đã
3703	-10.443577	institution
3704	-10.443588	continuación
3705	-10.444023	ż
3706	-10.444038	chaque
3707	-10.444407	تا
3708	-10.444431	sé
3709	-10.444549	étude
3710	-10.445265	alag
3711	-10.445312	ange
3712	-10.445870	vida
3713	-10.445964	vista
3714	-10.446012	avere
3715	-10.446135	oggetto
3716	-10.446136	society
3717	-10.446144	ਕਾ
3718	-10.446148	bv
3719	-10.446166	జ్
3720	-10.446221	த்தை
3721	-10.446237	തി
3722	-10.446467	cg
3723	-10.446603	সে
3724	-10.447256	profit
3725	-10.447493	success
3726	-10.448096	bah
3727	-10.448162	ಯು
3728	-10.448785	written
3729	-10.448786	बहुत
3730	-10.448970	medication
3731	-10.449335	bk
3732	-10.449453	munications
3733	-10.449607	ón
3734	-10.449626	estamos
3735	-10.449953	game
3736	-10.450052	করা
3737	-10.450093	patiënt
3738	-10.450141	solo
3739	-10.450196	मु
3740	-10.450474	personen
3741	-10.450886	engineer
3742	-10.451248	noted
3743	-10.451501	ਰਾ
3744	-10.452075	burgerservic
3745	-10.452121	compris
3746	-10.452515	aggiornato
3747	-10.452768	noi
3748	-10.453619	ും
3749	-10.453685	kinder
3750	-10.453864	tele
3751	-10.453885	lassen
3752	-10.454084	rij
3753	-10.454111	perspectiva
3754	-10.454111	ủ
3755	-10.454131	carrier
3756	-10.454263	colony
3757	-10.455542	successo
3758	-10.455719	uy
3759	-10.455831	nov
3760	-10.456540	х
3761	-10.456594	ము
3762	-10.456785	connexion
3763	-10.456837	identifiant
3764	-10.457667	modern
3765	-10.458082	го
3766	-10.458157	ready
3767	-10.458705	mus
3768	-10.458740	plaats
3769	-10.459526	possiamo
3770	-10.459540	apollo
3771	-10.460285	ಯನ್ನು
3772	-10.460313	maken
3773	-10.460546	revisa
3774	-10.460680	chemical
3775	-10.460854	રે
3776	-10.460958	હ
3777	-10.461383	extra
3778	-10.461841	ড
3779	-10.462112	spa
3780	-10.462225	אני
3781	-10.462474	ವಾಗಿದೆ
3782	-10.463001	regel
3783	-10.463602	ollaboration
3784	-10.463833	itz
3785	-10.464291	flow
3786	-10.464576	ఎ
3787	-10.464849	सकता
3788	-10.464894	ار
3789	-10.464929	stor
3790	-10.465292	sami
3791	-10.465421	pol
3792	-10.465675	tori
3793	-10.466038	willen
3794	-10.466101	iya
3795	-10.466144	height
3796	-10.466460	ocumentation
3797	-10.467278	kj
3798	-10.467553	different
3799	-10.467596	invest
3800	-10.467660	എ
3801	-10.467861	goals
3802	-10.467874	ਨਾ
3803	-10.468006	rz
3804	-10.468063	anza
3805	-10.468267	ಚ
3806	-10.468730	dur
3807	-10.469029	peer
3808	-10.469082	eines
3809	-10.469390	jr
3810	-10.469697	qi
3811	-10.470148	वर्ष
3812	-10.470188	gebouw
3813	-10.470263	아
3814	-10.470323	estudio
3815	-10.470364	eltern
3816	-10.470748	participate
3817	-10.471809	enfant
3818	-10.472100	interested
3819	-10.472189	visite
3820	-10.472311	clear
3821	-10.472384	glad
3822	-10.472921	pos
3823	-10.472980	sustainable
3824	-10.472980	gruppo
3825	-10.473248	discussione
3826	-10.473273	py
3827	-10.473283	saranno
3828	-10.474013	xa
3829	-10.474409	dispute
3830	-10.474980	samen
3831	-10.475905	statt
3832	-10.476407	melden
3833	-10.476616	private
3834	-10.476733	leer
3835	-10.476928	cita
3836	-10.477032	vostra
3837	-10.477430	ించ
3838	-10.477631	kor
3839	-10.478436	ಎಂದರೇನು
3840	-10.478930	meng
3841	-10.479092	جا
3842	-10.479212	servizio
3843	-10.479364	ica
3844	-10.479622	மி
3845	-10.479752	nk
3846	-10.480228	aire
3847	-10.480252	gw
3848	-10.480420	assist
3849	-10.480431	inclu
3850	-10.480577	indus
3851	-10.480585	ਿ
3852	-10.480981	goed
3853	-10.481096	ലി
3854	-10.481355	products
3855	-10.481813	ून
3856	-10.482169	पास
3857	-10.482464	ಲಾ
3858	-10.482662	बी
3859	-10.482728	explore
3860	-10.482963	testing
3861	-10.483118	both
3862	-10.483135	liability
3863	-10.483706	grant
3864	-10.483924	véhicule
3865	-10.484305	aff
3866	-10.484827	does
3867	-10.484866	ానికి
3868	-10.485857	fbl
3869	-10.485880	sabko
3870	-10.486076	chiama
3871	-10.486521	ൈ
3872	-10.486682	science
3873	-10.487338	gran
3874	-10.487597	bw
3875	-10.488749	vv
3876	-10.489236	ibilities
3877	-10.489455	ello
3878	-10.489695	éveloppement
3879	-10.490064	presentative
3880	-10.490229	ook
3881	-10.490479	rr
3882	-10.490510	patel
3883	-10.490537	woman
3884	-10.490900	tema
3885	-10.491312	damage
3886	-10.491545	hé
3887	-10.491597	zx
3888	-10.491851	uur
3889	-10.491860	യിൽ
3890	-10.491894	zg
3891	-10.492238	dispositivo
3892	-10.492586	qr
3893	-10.492779	prochain
3894	-10.492984	bile
3895	-10.493355	komen
3896	-10.493711	jv
3897	-10.494015	sons
3898	-10.494113	agrees
3899	-10.494189	halten
3900	-10.494486	dienst
3901	-10.494692	poli
3902	-10.495000	अपनी
3903	-10.495473	అని
3904	-10.495536	binario
3905	-10.495793	enummer
3906	-10.495851	receive
3907	-10.496735	pplémentaire
3908	-10.496899	సం
3909	-10.497051	ॅ
3910	-10.497344	mini
3911	-10.497774	événement
3912	-10.497778	ఎందుకు
3913	-10.497784	gesendet
3914	-10.497841	zullen
3915	-10.497848	ய்
3916	-10.498015	టా
3917	-10.498033	anmeldung
3918	-10.498075	animal
3919	-10.498278	jg
3920	-10.498758	zich
3921	-10.499065	ائی
3922	-10.499517	vertrag
3923	-10.500043	ney
3924	-10.500089	qua
3925	-10.500113	jw
3926	-10.500174	ư
3927	-10.500571	complex
3928	-10.500580	hanuman
3929	-10.500585	belasting
3930	-10.501307	richiede
3931	-10.501335	کہ
3932	-10.501362	informer
3933	-10.501524	vais
3934	-10.501817	lv
3935	-10.502439	ziel
3936	-10.502491	condition
3937	-10.502673	ô
3938	-10.502749	coordinates
3939	-10.502810	ד
3940	-10.503020	scri
3941	-10.503139	wk
3942	-10.503152	gibt
3943	-10.503367	ض
3944	-10.503510	risultati
3945	-10.503845	kz
3946	-10.503894	टी
3947	-10.505301	experiencia
3948	-10.505316	mk
3949	-10.505407	పై
3950	-10.505540	suisse
3951	-10.505648	это
3952	-10.506178	améliorer
3953	-10.506178	innovative
3954	-10.506178	physical
3955	-10.506800	neues
3956	-10.507091	members
3957	-10.507438	lern
3958	-10.507551	akan
3959	-10.507568	cv
3960	-10.508211	lich
3961	-10.508388	tell
3962	-10.508995	overeenkomst
3963	-10.509007	applicable
3964	-10.509056	ఇది
3965	-10.509072	rm
3966	-10.509107	obtener
3967	-10.509417	registered
3968	-10.510391	jm
3969	-10.510798	eth
3970	-10.511758	será
3971	-10.512243	soutien
3972	-10.513197	aggiornament
3973	-10.513371	problemi
3974	-10.513410	personale
3975	-10.513910	hills
3976	-10.513939	ticket
3977	-10.514271	jx
3978	-10.514434	instrument
3979	-10.514671	sala
3980	-10.514813	everyone
3981	-10.515569	neem
3982	-10.515594	delhi
3983	-10.515717	significativ
3984	-10.516153	articipación
3985	-10.516425	down
3986	-10.516511	zeigt
3987	-10.516546	fidentialité
3988	-10.516882	मे
3989	-10.516885	interessante
3990	-10.517129	yaad
3991	-10.517512	maestro
3992	-10.517631	segment
3993	-10.517643	ión
3994	-10.517769	revisión
3995	-10.518420	manage
3996	-10.519037	ంగ్
3997	-10.519238	nova
3998	-10.519330	antrag
3999	-10.519363	zq
4000	-10.519462	technologie
4001	-10.520087	hm
4002	-10.520261	भी
4003	-10.520344	você
4004	-10.520715	depuis
4005	-10.520955	ervoor
4006	-10.521192	zk
4007	-10.521210	same
4008	-10.521322	axl
4009	-10.521648	remember
4010	-10.521699	kunden
4011	-10.522204	jest
4012	-10.522494	kunst
4013	-10.522539	hanno
4014	-10.523211	college
4015	-10.523491	aanvraag
4016	-10.523555	stan
4017	-10.523764	center
4018	-10.523812	devons
4019	-10.523956	phonepe
4020	-10.525704	partir
4021	-10.525741	ന്ന
4022	-10.525865	points
4023	-10.525921	وا
4024	-10.526004	களின்
4025	-10.526221	vereist
4026	-10.526415	kreditkarten
4027	-10.526427	journal
4028	-10.526710	crisis
4029	-10.526917	সি
4030	-10.527282	atm
4031	-10.528939	untersuchung
4032	-10.528998	causa
4033	-10.529016	ನಲ್ಲಿ
4034	-10.529035	કઈ
4035	-10.529180	బా
4036	-10.529764	ся
4037	-10.530595	ओ
4038	-10.530899	ಮ್
4039	-10.530941	rez
4040	-10.531087	damen
4041	-10.531096	aaya
4042	-10.531397	wal
4043	-10.531787	gemäß
4044	-10.531868	bau
4045	-10.532319	aubank
4046	-10.532393	টা
4047	-10.532728	rt
4048	-10.532859	ravi
4049	-10.532958	overall
4050	-10.533655	inviato
4051	-10.533767	بر
4052	-10.534521	hoti
4053	-10.534711	ಯಾವುವು
4054	-10.534756	atención
4055	-10.535065	ുള്ള
4056	-10.535283	ು
4057	-10.535295	jd
4058	-10.535373	día
4059	-10.535677	तुम
4060	-10.536350	दी
4061	-10.536525	ਉ
4062	-10.537556	bit
4063	-10.537609	ố
4064	-10.538171	processing
4065	-10.538744	stored
4066	-10.538926	mh
4067	-10.539191	ре
4068	-10.539738	boek
4069	-10.539931	wald
4070	-10.539966	ਲੀ
4071	-10.540251	ybl
4072	-10.540455	غ
4073	-10.540516	থেকে
4074	-10.540587	submission
4075	-10.540606	uhrzeit
4076	-10.540668	papa
4077	-10.541100	johnson
4078	-10.541305	curso
4079	-10.541431	master
4080	-10.541869	liche
4081	-10.541931	це
4082	-10.542481	stein
4083	-10.542594	نگ
4084	-10.542984	partner
4085	-10.543151	alguna
4086	-10.543549	side
4087	-10.543715	format
4088	-10.543855	letter
4089	-10.544333	சு
4090	-10.544682	reviewed
4091	-10.545060	ppc
4092	-10.545214	betaling
4093	-10.545222	kaartnummer
4094	-10.545410	outlined
4095	-10.545551	ವಾಗಿ
4096	-10.545597	মি
4097	-10.545645	methods
4098	-10.546146	nehmen
4099	-10.546418	utilisé
4100	-10.546504	grupo
4101	-10.546505	સા
4102	-10.546661	mailto
4103	-10.546962	oksbi
4104	-10.547854	cab
4105	-10.548463	connect
4106	-10.548650	khan
4107	-10.548704	వే
4108	-10.548767	oz
4109	-10.548860	bata
4110	-10.548903	designed
4111	-10.549374	jun
4112	-10.549650	sharing
4113	-10.549775	ಸಾ
4114	-10.549896	días
4115	-10.550600	hem
4116	-10.551221	cad
4117	-10.551673	identifica
4118	-10.551768	spiel
4119	-10.552204	ć
4120	-10.552221	areas
4121	-10.552229	కొన్ని
4122	-10.552230	committed
4123	-10.552249	plateforme
4124	-10.552339	accordo
4125	-10.552668	behandlung
4126	-10.552728	pir
4127	-10.552815	shire
4128	-10.552911	fair
4129	-10.554386	confirma
4130	-10.554476	wx
4131	-10.554584	enza
4132	-10.554761	aud
4133	-10.554877	ww
4134	-10.555098	séance
4135	-10.555218	something
4136	-10.555372	notification
4137	-10.555403	lf
4138	-10.555486	rj
4139	-10.555629	రె
4140	-10.555704	vl
4141	-10.555902	proporcione
4142	-10.555907	ask
4143	-10.555949	avis
4144	-10.556405	थी
4145	-10.556453	കാ
4146	-10.556626	cro
4147	-10.557068	visto
4148	-10.557526	sirf
4149	-10.558138	संपर्क
4150	-10.558144	artikel
4151	-10.558146	wissen
4152	-10.558354	okicici
4153	-10.559937	ನಾ
4154	-10.560205	ט
4155	-10.560245	begin
4156	-10.560264	read
4157	-10.560455	folgenden
4158	-10.560637	pension
4159	-10.560706	dalla
4160	-10.561056	tener
4161	-10.561090	ಧ
4162	-10.561105	timecosmos
4163	-10.561106	risorse
4164	-10.561577	xd
4165	-10.561726	qw
4166	-10.561879	release
4167	-10.561977	ింది
4168	-10.562160	luc
4169	-10.562222	necessario
4170	-10.562378	cyber
4171	-10.562725	autor
4172	-10.562861	meiner
4173	-10.563468	gx
4174	-10.563694	టర్
4175	-10.563805	anno
4176	-10.563948	ാൻ
4177	-10.564033	그
4178	-10.564081	ಅಥವಾ
4179	-10.564086	unterlagen
4180	-10.564100	మేము
4181	-10.564105	ivo
4182	-10.564138	ള
4183	-10.564705	ૂ
4184	-10.564826	ਵਿ
4185	-10.564894	લે
4186	-10.565015	ਹੋ
4187	-10.565277	efforts
4188	-10.565397	mad
4189	-10.565825	director
4190	-10.566322	wichtige
4191	-10.566700	urgent
4192	-10.566864	ку
4193	-10.567132	ptsbi
4194	-10.567157	talk
4195	-10.567500	familia
4196	-10.567855	remo
4197	-10.567861	ठ
4198	-10.568130	पी
4199	-10.568357	rechts
4200	-10.568441	wale
4201	-10.568476	ય
4202	-10.568688	emos
4203	-10.568690	jf
4204	-10.568804	ఉ
4205	-10.569271	xw
4206	-10.569379	zoek
4207	-10.569882	hdfcbank
4208	-10.569888	ద్
4209	-10.569943	seminar
4210	-10.570061	waaxis
4211	-10.570061	ọ
4212	-10.570271	airtel
4213	-10.570532	чи
4214	-10.571291	kom
4215	-10.571327	nog
4216	-10.572089	navi
4217	-10.572531	dijk
4218	-10.572702	vrm
4219	-10.572752	thema
4220	-10.572771	grande
4221	-10.573063	mindfulness
4222	-10.573072	nuove
4223	-10.573109	ethical
4224	-10.573173	innovation
4225	-10.573205	london
4226	-10.573252	integr
4227	-10.573374	travel
4228	-10.573907	install
4229	-10.575028	roy
4230	-10.575191	diario
4231	-10.575359	comunicazion
4232	-10.575521	gov
4233	-10.575762	ಟಿ
4234	-10.575809	fue
4235	-10.575864	cause
4236	-10.576076	bestätigung
4237	-10.576077	consignee
4238	-10.576090	eventuali
4239	-10.576137	coordinator
4240	-10.576164	ptyes
4241	-10.576249	controleren
4242	-10.576568	ూ
4243	-10.576817	jn
4244	-10.577269	ox
4245	-10.577584	ੋ
4246	-10.577667	ਜਾਂ
4247	-10.578398	જા
4248	-10.578586	qv
4249	-10.578917	studente
4250	-10.579097	cognitive
4251	-10.579097	definitely
4252	-10.579097	pportunities
4253	-10.579100	उपयोग
4254	-10.579112	ഏത്
4255	-10.579260	িক
4256	-10.579316	problème
4257	-10.579881	ober
4258	-10.579900	reset
4259	-10.580249	ച
4260	-10.580281	installation
4261	-10.580677	urs
4262	-10.581931	nvestigation
4263	-10.582128	korrekt
4264	-10.582129	seguenti
4265	-10.582130	excellent
4266	-10.582132	என்று
4267	-10.582271	domande
4268	-10.582302	insured
4269	-10.582304	shareholder
4270	-10.582407	requiere
4271	-10.583112	bgm
4272	-10.583215	क्यों
4273	-10.583226	lugar
4274	-10.583818	nutrition
4275	-10.584355	sehen
4276	-10.584369	ität
4277	-10.584879	ever
4278	-10.584970	neu
4279	-10.584979	noticed
4280	-10.584985	ുന്ന
4281	-10.585157	에
4282	-10.585166	excited
4283	-10.585167	okaxis
4284	-10.585175	residing
4285	-10.585363	vår
4286	-10.585396	okhdfcbank
4287	-10.585474	సు
4288	-10.585537	aria
4289	-10.585569	ற்ற
4290	-10.586153	slice
4291	-10.586328	xq
4292	-10.586376	மான
4293	-10.586614	ധ
4294	-10.586984	डी
4295	-10.587586	jp
4296	-10.588012	contra
4297	-10.588215	atentamente
4298	-10.588238	ఉన్నాయి
4299	-10.588252	créer
4300	-10.588422	expected
4301	-10.588459	amento
4302	-10.588528	వర్
4303	-10.588566	perspective
4304	-10.588813	incluye
4305	-10.589553	besprechen
4306	-10.590061	doing
4307	-10.590171	år
4308	-10.590973	في
4309	-10.591039	aktualisiert
4310	-10.591144	controlla
4311	-10.591192	posizione
4312	-10.591273	ậ
4313	-10.591455	beleid
4314	-10.592681	bro
4315	-10.594026	tests
4316	-10.594340	jupiteraxis
4317	-10.594340	sviluppo
4318	-10.594342	conformità
4319	-10.594767	events
4320	-10.595160	yl
4321	-10.595250	altura
4322	-10.595503	centro
4323	-10.596652	handle
4324	-10.596817	daniel
4325	-10.596889	த்தின்
4326	-10.597098	immediate
4327	-10.597503	ты
4328	-10.598081	martin
4329	-10.598095	won
4330	-10.598135	hor
4331	-10.598144	trauma
4332	-10.598171	wind
4333	-10.598592	benutzer
4334	-10.599893	வர
4335	-10.599909	icici
4336	-10.599977	discover
4337	-10.600350	schutz
4338	-10.600495	ঁ
4339	-10.600530	geachte
4340	-10.600574	achternaam
4341	-10.600605	zone
4342	-10.600627	transazioni
4343	-10.600669	യി
4344	-10.600670	jq
4345	-10.600783	around
4346	-10.600838	encontrar
4347	-10.600953	요
4348	-10.600974	bieten
4349	-10.601230	czy
4350	-10.601558	daran
4351	-10.601624	kq
4352	-10.601634	certain
4353	-10.602085	سب
4354	-10.602110	bul
4355	-10.602346	ische
4356	-10.602633	formazione
4357	-10.602818	style
4358	-10.602853	bili
4359	-10.602901	match
4360	-10.603317	कहा
4361	-10.603414	ricorda
4362	-10.603534	ఫ్
4363	-10.603554	culture
4364	-10.603600	ಒಂದು
4365	-10.603601	vérification
4366	-10.603626	వద్ద
4367	-10.603662	ressources
4368	-10.603683	ptaxis
4369	-10.603699	kmbl
4370	-10.603802	autre
4371	-10.603816	bahut
4372	-10.603826	assistant
4373	-10.604254	cui
4374	-10.604910	ಭ
4375	-10.604986	staat
4376	-10.605144	sicherheit
4377	-10.605152	ون
4378	-10.605461	तू
4379	-10.606194	యు
4380	-10.606655	ava
4381	-10.606657	를
4382	-10.606719	commitment
4383	-10.607013	york
4384	-10.607200	வில்
4385	-10.607520	uh
4386	-10.607768	crypto
4387	-10.607821	mejorar
4388	-10.608178	то
4389	-10.608827	controleer
4390	-10.608969	ves
4391	-10.609342	zzi
4392	-10.609762	zien
4393	-10.609820	próxima
4394	-10.609821	riguardo
4395	-10.609830	apoyo
4396	-10.609831	formulier
4397	-10.609910	très
4398	-10.610054	hulp
4399	-10.610531	consultant
4400	-10.611953	uv
4401	-10.611971	fri
4402	-10.612030	ão
4403	-10.612946	pazienti
4404	-10.612946	título
4405	-10.612959	risico
4406	-10.612968	rapporto
4407	-10.613049	huis
4408	-10.613143	gaan
4409	-10.613197	را
4410	-10.613475	gang
4411	-10.614017	kat
4412	-10.614037	ravis
4413	-10.614101	sanitaria
4414	-10.614106	sì
4415	-10.614342	pet
4416	-10.614708	जे
4417	-10.614778	nieuw
4418	-10.614975	telefoon
4419	-10.615139	ಬ್
4420	-10.615366	livre
4421	-10.615397	rig
4422	-10.615407	nachricht
4423	-10.615472	light
4424	-10.616080	vehículo
4425	-10.616429	cover
4426	-10.616601	ಎ
4427	-10.616899	б
4428	-10.617208	rick
4429	-10.617627	rh
4430	-10.617671	without
4431	-10.617697	lö
4432	-10.618103	kotak
4433	-10.618717	సె
4434	-10.618973	xz
4435	-10.619059	ઈ
4436	-10.619226	world
4437	-10.619229	pthdfc
4438	-10.619242	gestión
4439	-10.619247	పేరు
4440	-10.619321	മാണ്
4441	-10.619416	box
4442	-10.619429	ೊ
4443	-10.619538	ಹಾ
4444	-10.619736	preferred
4445	-10.619785	యం
4446	-10.619790	మె
4447	-10.619947	commande
4448	-10.620340	rou
4449	-10.620485	alternative
4450	-10.620625	vw
4451	-10.620938	amo
4452	-10.621040	sahi
4453	-10.621404	gift
4454	-10.621421	ਤਾ
4455	-10.621483	ುವ
4456	-10.621528	prepara
4457	-10.621732	मो
4458	-10.622014	pasand
4459	-10.622041	potrebbe
4460	-10.622048	ś
4461	-10.622380	हमारे
4462	-10.622404	что
4463	-10.622414	learn
4464	-10.622517	कैसे
4465	-10.622837	critical
4466	-10.622895	uj
4467	-10.623147	tum
4468	-10.623213	muy
4469	-10.623777	rad
4470	-10.624484	wanted
4471	-10.624820	צ
4472	-10.625335	होता
4473	-10.625545	verfügung
4474	-10.625546	witness
4475	-10.625568	உள்ளன
4476	-10.625669	rahe
4477	-10.625689	થી
4478	-10.625759	swap
4479	-10.625861	union
4480	-10.625931	deposit
4481	-10.625936	daily
4482	-10.626097	gro
4483	-10.626532	ઝ
4484	-10.626603	wr
4485	-10.626738	jj
4486	-10.627364	invoice
4487	-10.627595	feld
4488	-10.628004	leurs
4489	-10.628015	career
4490	-10.628719	hésitez
4491	-10.628719	zugriff
4492	-10.628873	anything
4493	-10.628887	médica
4494	-10.629246	వె
4495	-10.629973	म्
4496	-10.630387	sí
4497	-10.630903	ère
4498	-10.630964	enjoy
4499	-10.630990	వచ్చు
4500	-10.631124	pic
4501	-10.631434	deve
4502	-10.631838	tengo
4503	-10.631891	지
4504	-10.631900	verzekering
4505	-10.631905	messaggio
4506	-10.631906	conclusion
4507	-10.631910	luogo
4508	-10.632059	northwest
4509	-10.632427	very
4510	-10.632681	après
4511	-10.632698	dministrator
4512	-10.632702	oubliez
4513	-10.632824	increase
4514	-10.632868	play
4515	-10.632962	membre
4516	-10.633109	mine
4517	-10.633466	pq
4518	-10.634189	entry
4519	-10.634482	rol
4520	-10.634665	agli
4521	-10.634972	objectives
4522	-10.635057	centre
4523	-10.635098	previdenza
4524	-10.635210	mathew
4525	-10.635653	risques
4526	-10.635743	yesbank
4527	-10.636360	jemand
4528	-10.636690	ehi
4529	-10.636794	jy
4530	-10.636930	médicale
4531	-10.637102	personalizza
4532	-10.637403	paiements
4533	-10.637430	gv
4534	-10.638104	ship
4535	-10.638249	bod
4536	-10.638304	supervisor
4537	-10.638304	ஆகும்
4538	-10.638315	accessible
4539	-10.638324	शामिल
4540	-10.638326	società
4541	-10.638338	md
4542	-10.638393	herren
4543	-10.638451	రే
4544	-10.638638	stage
4545	-10.638784	lei
4546	-10.638809	affected
4547	-10.638842	sapere
4548	-10.638844	व्ह
4549	-10.639445	uma
4550	-10.639556	valuable
4551	-10.639911	amos
4552	-10.639970	crear
4553	-10.640331	vq
4554	-10.640501	rk
4555	-10.640918	inger
4556	-10.640939	plural
4557	-10.641161	vj
4558	-10.641170	follows
4559	-10.641436	kv
4560	-10.641520	pediatric
4561	-10.641610	آپ
4562	-10.642063	led
4563	-10.642118	ਿਆ
4564	-10.642198	benessere
4565	-10.644372	rose
4566	-10.644746	axisbank
4567	-10.644746	mitarbeiter
4568	-10.644756	attenzione
4569	-10.644794	deadline
4570	-10.645021	ди
4571	-10.645027	verbindung
4572	-10.645670	आपकी
4573	-10.646019	lg
4574	-10.646186	wq
4575	-10.646429	nostre
4576	-10.646694	qy
4577	-10.646769	él
4578	-10.646985	qj
4579	-10.647175	hans
4580	-10.647362	ਕਿਸ
4581	-10.647530	वी
4582	-10.647589	authorized
4583	-10.647593	ст
4584	-10.647982	supplier
4585	-10.648057	gmbh
4586	-10.648094	revisione
4587	-10.648303	verified
4588	-10.648438	vg
4589	-10.648464	quel
4590	-10.648698	soon
4591	-10.649217	adicional
4592	-10.649354	وی
4593	-10.649900	bx
4594	-10.650294	నే
4595	-10.650536	થ
4596	-10.650771	encourage
4597	-10.651228	desarrollo
4598	-10.651237	suivre
4599	-10.651318	sorry
4600	-10.651529	scan
4601	-10.652524	lichen
4602	-10.652527	rlo
4603	-10.652816	कार
4604	-10.652847	hq
4605	-10.652881	ார்
4606	-10.653536	rti
4607	-10.653629	encia
4608	-10.654140	conflict
4609	-10.654244	knowledge
4610	-10.654463	고
4611	-10.654487	simulation
4612	-10.654492	peuvent
4613	-10.655071	wood
4614	-10.655366	validation
4615	-10.655369	linked
4616	-10.655594	પ્ર
4617	-10.655975	ઉ
4618	-10.656383	xk
4619	-10.656515	gor
4620	-10.656922	og
4621	-10.657216	zio
4622	-10.657609	ਭ
4623	-10.657753	amsterdam
4624	-10.657810	मेरे
4625	-10.657927	bj
4626	-10.658085	pronto
4627	-10.658853	raj
4628	-10.658969	px
4629	-10.659025	ಮಾ
4630	-10.659420	wz
4631	-10.659439	protect
4632	-10.659579	boy
4633	-10.659762	över
4634	-10.659896	lou
4635	-10.659911	lock
4636	-10.660122	కలిగి
4637	-10.660182	binnen
4638	-10.660336	legen
4639	-10.661033	idfcfirst
4640	-10.661046	ador
4641	-10.661077	refund
4642	-10.662164	verwendet
4643	-10.662644	presenta
4644	-10.663666	wb
4645	-10.663824	nord
4646	-10.664168	ین
4647	-10.664323	essential
4648	-10.664360	freecharge
4649	-10.664482	waicici
4650	-10.664586	conseils
4651	-10.664739	included
4652	-10.664859	thane
4653	-10.664948	participer
4654	-10.665141	qt
4655	-10.665771	shah
4656	-10.665962	കൾ
4657	-10.667024	nature
4658	-10.667084	juridische
4659	-10.667524	experiment
4660	-10.667622	financiële
4661	-10.667640	ambiente
4662	-10.667690	secondario
4663	-10.667762	ਸਭ
4664	-10.667767	joint
4665	-10.668106	prendre
4666	-10.668257	clinic
4667	-10.668388	kahan
4668	-10.668546	central
4669	-10.668559	ओं
4670	-10.668648	mano
4671	-10.668712	tig
4672	-10.668864	every
4673	-10.669234	ಪಾ
4674	-10.669385	kaam
4675	-10.669498	się
4676	-10.669703	ль
4677	-10.670135	पे
4678	-10.670164	یہ
4679	-10.670212	לא
4680	-10.670269	danke
4681	-10.670666	designer
4682	-10.670733	rü
4683	-10.670981	settore
4684	-10.671012	southeast
4685	-10.671109	gm
4686	-10.671165	standort
4687	-10.671435	ן
4688	-10.671533	prüfung
4689	-10.671806	ുകൾ
4690	-10.671934	থ
4691	-10.671994	operational
4692	-10.672436	ഡി
4693	-10.673347	ltd
4694	-10.673666	roma
4695	-10.674040	करता
4696	-10.674116	లే
4697	-10.674261	sicuro
4698	-10.674299	hereinafter
4699	-10.674309	ಅನ್ನು
4700	-10.674335	groep
4701	-10.674373	எது
4702	-10.674697	gk
4703	-10.674988	mü
4704	-10.675228	waste
4705	-10.675315	nj
4706	-10.675328	mentor
4707	-10.675793	ंग
4708	-10.675812	mars
4709	-10.676112	hol
4710	-10.676836	zusammen
4711	-10.677255	owner
4712	-10.677311	nv
4713	-10.677588	efficiency
4714	-10.677589	pregunta
4715	-10.677785	hur
4716	-10.677819	ging
4717	-10.677834	wellness
4718	-10.678004	mur
4719	-10.678388	campus
4720	-10.679443	oui
4721	-10.680008	plattform
4722	-10.680288	pia
4723	-10.680302	khud
4724	-10.680494	జా
4725	-10.680820	dina
4726	-10.680933	ệ
4727	-10.680934	give
4728	-10.680943	médico
4729	-10.681166	holland
4730	-10.681235	km
4731	-10.681250	worth
4732	-10.682104	ward
4733	-10.682487	participar
4734	-10.682542	fire
4735	-10.682969	strada
4736	-10.683004	completa
4737	-10.683400	হা
4738	-10.683620	heute
4739	-10.683817	യുടെ
4740	-10.683868	présent
4741	-10.684009	branch
4742	-10.684053	assessments
4743	-10.684291	outlining
4744	-10.684336	might
4745	-10.684731	stre
4746	-10.684905	kay
4747	-10.684911	belangrijke
4748	-10.684967	paris
4749	-10.685180	momento
4750	-10.685241	ovic
4751	-10.685268	xj
4752	-10.685547	tiva
4753	-10.685783	secondo
4754	-10.686383	చి
4755	-10.686556	னா
4756	-10.686880	gir
4757	-10.686934	హా
4758	-10.687046	means
4759	-10.687236	സ്റ്റ
4760	-10.687304	puisse
4761	-10.687331	kita
4762	-10.687590	gian
4763	-10.687668	disclosure
4764	-10.687683	आवश्यकता
4765	-10.687706	કયા
4766	-10.687739	diskussion
4767	-10.687800	richiesto
4768	-10.687904	ತಿ
4769	-10.687986	screening
4770	-10.688033	duration
4771	-10.688199	pueda
4772	-10.688895	aï
4773	-10.689493	جی
4774	-10.689762	serie
4775	-10.689819	jul
4776	-10.690222	কার
4777	-10.690344	fees
4778	-10.690967	vc
4779	-10.691011	ਆਂ
4780	-10.691046	awareness
4781	-10.691134	cura
4782	-10.691437	diesem
4783	-10.691506	spese
4784	-10.691700	azienda
4785	-10.692008	вы
4786	-10.692203	ول
4787	-10.692356	भ
4788	-10.692357	wg
4789	-10.692430	securely
4790	-10.693295	persoonlijke
4791	-10.693952	rina
4792	-10.693968	deelnemers
4793	-10.694242	maggio
4794	-10.694267	invite
4795	-10.694424	schließlich
4796	-10.694445	llaborazione
4797	-10.694472	white
4798	-10.694558	xsd
4799	-10.694762	sten
4800	-10.694839	িত
4801	-10.695176	usage
4802	-10.695360	rif
4803	-10.695393	ideas
4804	-10.695533	mitteilen
4805	-10.695963	nik
4806	-10.696069	claims
4807	-10.696284	ये
4808	-10.696528	wert
4809	-10.696605	scheme
4810	-10.696686	rot
4811	-10.696960	factors
4812	-10.697069	taken
4813	-10.697415	rain
4814	-10.697471	ь
4815	-10.697480	iemand
4816	-10.697598	યુ
4817	-10.697825	अच्छा
4818	-10.697921	rahmen
4819	-10.698136	binary
4820	-10.698147	profil
4821	-10.698155	pense
4822	-10.698554	breach
4823	-10.698624	origin
4824	-10.698909	पो
4825	-10.699018	approval
4826	-10.699737	tutte
4827	-10.699902	vx
4828	-10.699965	funding
4829	-10.700415	ছিল
4830	-10.700502	lien
4831	-10.700798	rente
4832	-10.700911	kre
4833	-10.701022	qg
4834	-10.701239	intérêt
4835	-10.701239	shivaji
4836	-10.701242	hintergrund
4837	-10.701276	மே
4838	-10.701445	ous
4839	-10.701517	hesitate
4840	-10.701847	ws
4841	-10.702038	unhe
4842	-10.702065	ರೋ
4843	-10.702176	చే
4844	-10.702662	challenges
4845	-10.703320	तर
4846	-10.703588	ಸಂ
4847	-10.703629	ನ್ನು
4848	-10.704066	ió
4849	-10.704144	్య
4850	-10.704660	bz
4851	-10.704663	perspektive
4852	-10.704663	ഈ
4853	-10.704665	residence
4854	-10.704674	conformité
4855	-10.704685	submitted
4856	-10.704700	mj
4857	-10.705063	denna
4858	-10.705185	manda
4859	-10.705482	xo
4860	-10.705883	assigned
4861	-10.705954	completar
4862	-10.705996	adress
4863	-10.706202	nato
4864	-10.706912	bot
4865	-10.707108	mak
4866	-10.707109	issuer
4867	-10.707182	про
4868	-10.707397	processes
4869	-10.707602	dw
4870	-10.707643	મને
4871	-10.707878	wn
4872	-10.707978	dou
4873	-10.708099	consulenza
4874	-10.708099	subramanian
4875	-10.708099	voertuig
4876	-10.708099	ನೀವು
4877	-10.708099	ớ
4878	-10.708102	remercions
4879	-10.708168	esperamos
4880	-10.709158	काम
4881	-10.709212	ിൽ
4882	-10.709683	ಶ
4883	-10.710086	zan
4884	-10.710169	hacer
4885	-10.710179	onfiguration
4886	-10.710470	മായ
4887	-10.710487	charge
4888	-10.710643	nueva
4889	-10.710879	wel
4890	-10.710967	దు
4891	-10.711374	ഴ
4892	-10.711508	signed
4893	-10.711548	onderwerp
4894	-10.711548	trouvé
4895	-10.711549	género
4896	-10.711551	onderwijs
4897	-10.711957	datenschutz
4898	-10.712631	familie
4899	-10.712807	gq
4900	-10.713015	zahlungs
4901	-10.714149	pv
4902	-10.714299	hari
4903	-10.714664	vz
4904	-10.714669	qq
4905	-10.714816	wallet
4906	-10.714931	є
4907	-10.715015	reflect
4908	-10.715122	frastructure
4909	-10.715227	module
4910	-10.715280	uhr
4911	-10.715539	ப்பட்ட
4912	-10.715625	talent
4913	-10.715650	qz
4914	-10.715782	speciale
4915	-10.715953	zugang
4916	-10.716252	kp
4917	-10.716685	sec
4918	-10.717031	zou
4919	-10.717152	scope
4920	-10.717248	implemented
4921	-10.717444	deliver
4922	-10.717472	violation
4923	-10.717505	aggiorna
4924	-10.718294	ash
4925	-10.718480	plataforma
4926	-10.718480	substance
4927	-10.718525	ਜੋ
4928	-10.718577	aktiv
4929	-10.718658	identiteits
4930	-10.718765	fj
4931	-10.718803	cabo
4932	-10.719230	జి
4933	-10.719518	respond
4934	-10.719882	गो
4935	-10.719906	gill
4936	-10.720185	enfants
4937	-10.720322	processo
4938	-10.720364	forget
4939	-10.720620	ਮਾ
4940	-10.721305	zl
4941	-10.721421	markt
4942	-10.721630	mn
4943	-10.721749	ுங்கள்
4944	-10.721965	disponibile
4945	-10.721965	प्रदान
4946	-10.722058	production
4947	-10.722119	journey
4948	-10.722273	പാ
4949	-10.722294	rim
4950	-10.722733	vd
4951	-10.722837	करते
4952	-10.722849	trading
4953	-10.723052	देश
4954	-10.723265	ಲೆ
4955	-10.723461	hold
4956	-10.723489	dossiers
4957	-10.723586	মে
4958	-10.723609	alta
4959	-10.723785	forth
4960	-10.723920	matter
4961	-10.723960	shows
4962	-10.725120	னை
4963	-10.725461	مجھے
4964	-10.725520	storia
4965	-10.725722	reich
4966	-10.726094	stehen
4967	-10.726138	ז
4968	-10.726141	टे
4969	-10.726255	xg
4970	-10.726810	wv
4971	-10.726960	ரோ
4972	-10.727125	run
4973	-10.727160	hg
4974	-10.727381	zj
4975	-10.727392	spero
4976	-10.727592	scho
4977	-10.728283	voter
4978	-10.728975	ਪ੍ਰ
4979	-10.728982	advice
4980	-10.729035	शहर
4981	-10.729053	ത്തിൽ
4982	-10.729104	cker
4983	-10.729228	psico
4984	-10.729569	prévue
4985	-10.729633	xv
4986	-10.729660	frei
4987	-10.729980	heer
4988	-10.730007	exp
4989	-10.730124	raz
4990	-10.730243	kri
4991	-10.730279	noter
4992	-10.730344	logs
4993	-10.730367	jam
4994	-10.730412	lü
4995	-10.730903	early
4996	-10.730964	బి
4997	-10.731154	night
4998	-10.731501	discutir
4999	-10.731772	ಬಿ
5000	-10.731972	ні
5001	-10.732214	yeux
5002	-10.732422	sexual
5003	-10.732491	ubicación
5004	-10.732498	erfolgreich
5005	-10.732550	ong
5006	-10.733174	notato
5007	-10.733343	yr
5008	-10.734257	கை
5009	-10.734258	nvestigación
5010	-10.734391	most
5011	-10.734426	forma
5012	-10.734452	ਇ
5013	-10.734631	వ్
5014	-10.734682	ೋ
5015	-10.734722	rw
5016	-10.734863	classe
5017	-10.735114	experiences
5018	-10.735200	jay
5019	-10.735547	ति
5020	-10.735892	zoho
5021	-10.736025	próximo
5022	-10.736031	singular
5023	-10.736086	ిన
5024	-10.736369	employer
5025	-10.736454	historia
5026	-10.736656	செ
5027	-10.736678	vio
5028	-10.736757	yaml
5029	-10.736867	still
5030	-10.736951	urgente
5031	-10.736975	వు
5032	-10.737085	शि
5033	-10.737085	দা
5034	-10.737312	rit
5035	-10.738245	ڈی
5036	-10.738638	गे
5037	-10.738684	bola
5038	-10.738758	rich
5039	-10.739161	ainsi
5040	-10.739571	beoordeling
5041	-10.739578	routine
5042	-10.739634	ming
5043	-10.739871	arbeiten
5044	-10.739970	tour
5045	-10.740101	ymail
5046	-10.740147	blue
5047	-10.740520	ہو
5048	-10.740641	george
5049	-10.740840	bedrag
5050	-10.741017	align
5051	-10.741034	nächsten
5052	-10.741109	టె
5053	-10.741354	aktuelle
5054	-10.741595	bene
5055	-10.741681	else
5056	-10.741727	richtlinien
5057	-10.742310	projects
5058	-10.742496	examen
5059	-10.742521	mind
5060	-10.742550	wl
5061	-10.742666	certificati
5062	-10.742986	cx
5063	-10.743058	ऊ
5064	-10.743104	해
5065	-10.743699	मान
5066	-10.743758	ಕೆ
5067	-10.743768	show
5068	-10.744044	घ
5069	-10.744903	valuta
5070	-10.744973	डे
5071	-10.745018	ണ്ട
5072	-10.745040	source
5073	-10.745313	activa
5074	-10.745412	لم
5075	-10.745679	dtm
5076	-10.745712	dott
5077	-10.745913	requires
5078	-10.745997	rar
5079	-10.746030	podría
5080	-10.746042	gur
5081	-10.746104	pk
5082	-10.746161	big
5083	-10.746322	mises
5084	-10.746441	problèmes
5085	-10.746446	prend
5086	-10.746641	זה
5087	-10.746700	rediffmail
5088	-10.746891	ggiornamento
5089	-10.747038	matière
5090	-10.747684	domanda
5091	-10.747752	qx
5092	-10.747798	prevent
5093	-10.748292	સ્ટ
5094	-10.748462	ਨੀ
5095	-10.748499	situé
5096	-10.748866	sheet
5097	-10.749481	vf
5098	-10.749530	dies
5099	-10.749932	documenten
5100	-10.750285	colaboración
5101	-10.750285	cumplimiento
5102	-10.750287	leeftijd
5103	-10.750288	utilisation
5104	-10.750347	tutor
5105	-10.752221	aktivitäten
5106	-10.753023	identify
5107	-10.753207	schw
5108	-10.753370	js
5109	-10.753612	ering
5110	-10.753642	accept
5111	-10.753793	studi
5112	-10.753868	ದು
5113	-10.753890	supply
5114	-10.753930	people
5115	-10.754028	এই
5116	-10.754665	traditional
5117	-10.754725	mayo
5118	-10.754725	validate
5119	-10.754760	ാണ്
5120	-10.754776	naye
5121	-10.754921	trovato
5122	-10.754989	ontwikkeling
5123	-10.755442	otro
5124	-10.755551	genetic
5125	-10.755721	ിയ
5126	-10.755895	recommended
5127	-10.755952	dessous
5128	-10.756118	allocation
5129	-10.756488	angaben
5130	-10.757279	ొ
5131	-10.757372	anh
5132	-10.757559	રીતે
5133	-10.757847	against
5134	-10.758975	qf
5135	-10.759059	queries
5136	-10.759312	લો
5137	-10.759832	ೇ
5138	-10.759968	િક
5139	-10.760244	zona
5140	-10.760344	provides
5141	-10.760412	him
5142	-10.760719	टो
5143	-10.761011	acha
5144	-10.761115	diagnostic
5145	-10.761474	ction
5146	-10.761553	hv
5147	-10.761982	rus
5148	-10.762106	પા
5149	-10.762142	ु
5150	-10.762305	government
5151	-10.762650	hw
5152	-10.763218	dı
5153	-10.764095	wc
5154	-10.764603	ಗ್
5155	-10.764750	ಉ
5156	-10.764751	perspectief
5157	-10.764751	während
5158	-10.764753	educación
5159	-10.764756	verbesserung
5160	-10.764758	alcuni
5161	-10.764761	ਥ
5162	-10.764828	strategic
5163	-10.764853	informieren
5164	-10.765420	mina
5165	-10.765476	zv
5166	-10.765964	ൺ
5167	-10.766362	appropriate
5168	-10.766714	zahlungen
5169	-10.767431	పో
5170	-10.767674	ल्या
5171	-10.767840	நா
5172	-10.768093	actualizar
5173	-10.768097	கே
5174	-10.768379	ਕਰ
5175	-10.768401	préstamo
5176	-10.768571	ün
5177	-10.768858	euros
5178	-10.769326	કર
5179	-10.770640	jane
5180	-10.770675	meinung
5181	-10.771028	ಪ್ರ
5182	-10.771093	smart
5183	-10.771098	ò
5184	-10.771526	nécessaires
5185	-10.772009	ਸਾ
5186	-10.772054	अधिक
5187	-10.772064	protokoll
5188	-10.772064	எப்படி
5189	-10.772064	ể
5190	-10.772068	encryption
5191	-10.772079	aujourd
5192	-10.772316	യാ
5193	-10.772501	things
5194	-10.772584	யாக
5195	-10.773353	kam
5196	-10.773419	લી
5197	-10.773705	তার
5198	-10.773856	promote
5199	-10.774026	చ్
5200	-10.774068	instant
5201	-10.774220	completare
5202	-10.774972	herein
5203	-10.775019	मैंने
5204	-10.775373	भा
5205	-10.775389	fatt
5206	-10.775536	expérience
5207	-10.775627	ña
5208	-10.775741	사
5209	-10.775799	cq
5210	-10.775840	disposizione
5211	-10.776136	approved
5212	-10.776149	attuale
5213	-10.776245	geehrter
5214	-10.776318	ભ
5215	-10.776725	mouth
5216	-10.776760	blog
5217	-10.776767	hebt
5218	-10.776874	personne
5219	-10.777310	assicurazion
5220	-10.777531	raison
5221	-10.777647	rani
5222	-10.778062	cie
5223	-10.779355	ml
5224	-10.779366	touch
5225	-10.779430	riferimento
5226	-10.779431	browser
5227	-10.779433	juridique
5228	-10.779441	consumer
5229	-10.779441	risiko
5230	-10.779445	completion
5231	-10.779469	heim
5232	-10.779530	વી
5233	-10.779884	accounts
5234	-10.780013	rico
5235	-10.780029	assurez
5236	-10.780691	jou
5237	-10.780927	ਤੀ
5238	-10.781210	ischen
5239	-10.781411	lz
5240	-10.781941	ాడు
5241	-10.782220	gz
5242	-10.782344	xr
5243	-10.782494	با
5244	-10.783122	ush
5245	-10.783135	asistencia
5246	-10.783138	monsieur
5247	-10.783166	geboren
5248	-10.783215	jahr
5249	-10.783368	ലാ
5250	-10.783552	tijdens
5251	-10.783587	disponibles
5252	-10.783599	bose
5253	-10.784000	ле
5254	-10.784041	xt
5255	-10.784229	daal
5256	-10.784498	vh
5257	-10.784551	chu
5258	-10.784848	લ્
5259	-10.784940	mailadres
5260	-10.785108	dynamic
5261	-10.785122	buen
5262	-10.785203	ஜ
5263	-10.785847	yer
5264	-10.785851	pharma
5265	-10.786700	सु
5266	-10.786838	களில்
5267	-10.786890	pain
5268	-10.787169	également
5269	-10.788389	devono
5270	-10.788465	सो
5271	-10.788962	sim
5272	-10.789235	cargo
5273	-10.789248	anders
5274	-10.790584	opportunity
5275	-10.790594	herzlich
5276	-10.790633	buscando
5277	-10.790675	করতে
5278	-10.791044	quiero
5279	-10.791218	bed
5280	-10.791307	kx
5281	-10.791849	yv
5282	-10.791935	ெ
5283	-10.792879	לי
5284	-10.792938	sum
5285	-10.793015	moment
5286	-10.793401	soy
5287	-10.794112	relevante
5288	-10.794164	đi
5289	-10.794441	ಯಾರು
5290	-10.794443	બે
5291	-10.794505	बनाने
5292	-10.794733	gener
5293	-10.795352	beitrag
5294	-10.795462	copy
5295	-10.795611	vent
5296	-10.795681	wf
5297	-10.795969	hz
5298	-10.796098	würde
5299	-10.796629	firm
5300	-10.796645	incidente
5301	-10.796710	tsch
5302	-10.796978	aapka
5303	-10.797128	aller
5304	-10.797749	rub
5305	-10.797841	dokumente
5306	-10.798031	humare
5307	-10.798088	प्लॉट
5308	-10.798099	ಎಂದು
5309	-10.798136	querido
5310	-10.798139	qualità
5311	-10.798172	chan
5312	-10.798661	having
5313	-10.798662	iza
5314	-10.798724	ija
5315	-10.798798	così
5316	-10.798993	ஹ
5317	-10.799202	cust
5318	-10.799543	sessioni
5319	-10.799680	klant
5320	-10.799696	änderungen
5321	-10.799846	खेल
5322	-10.799892	యో
5323	-10.800483	দিন
5324	-10.800593	billing
5325	-10.801861	achtergrond
5326	-10.801863	genitori
5327	-10.801867	dsouza
5328	-10.801874	relationship
5329	-10.801881	pagamenti
5330	-10.801930	joseph
5331	-10.802021	होती
5332	-10.802308	neuesten
5333	-10.802352	parcel
5334	-10.802405	row
5335	-10.802561	vs
5336	-10.802693	tq
5337	-10.802751	fg
5338	-10.802802	gegen
5339	-10.802828	tumne
5340	-10.802928	trä
5341	-10.802960	cw
5342	-10.803434	ਕੋ
5343	-10.803519	bonne
5344	-10.803638	లీ
5345	-10.803883	fic
5346	-10.803999	prefer
5347	-10.804899	mz
5348	-10.805216	poste
5349	-10.805402	processed
5350	-10.805650	austausch
5351	-10.805650	intéressé
5352	-10.805650	तुम्ही
5353	-10.805658	recovery
5354	-10.805658	région
5355	-10.805663	puzzle
5356	-10.805669	நீங்கள்
5357	-10.805674	podamos
5358	-10.805816	personalized
5359	-10.806105	trova
5360	-10.806188	gp
5361	-10.806254	interactions
5362	-10.806256	ding
5363	-10.806787	laatste
5364	-10.806971	registrato
5365	-10.807265	vé
5366	-10.807723	êtes
5367	-10.807755	vp
5368	-10.808260	creditcard
5369	-10.808456	দের
5370	-10.808706	possono
5371	-10.808777	യും
5372	-10.809452	puissions
5373	-10.809512	hoy
5374	-10.809548	northeast
5375	-10.809628	aiuto
5376	-10.809633	houd
5377	-10.809869	ihres
5378	-10.810041	ਇਸ
5379	-10.810268	portare
5380	-10.810477	verdere
5381	-10.810499	tina
5382	-10.810778	ಜಿ
5383	-10.812194	miento
5384	-10.812281	lading
5385	-10.813019	ados
5386	-10.813206	ౌ
5387	-10.813221	리
5388	-10.813264	ذ
5389	-10.813271	stainability
5390	-10.813294	madrid
5391	-10.813476	qual
5392	-10.813647	política
5393	-10.813663	bancaire
5394	-10.813674	postale
5395	-10.813694	immobili
5396	-10.813953	तार
5397	-10.814392	क्स
5398	-10.815103	టో
5399	-10.815266	ஏ
5400	-10.815632	acceder
5401	-10.815688	డా
5402	-10.815782	mira
5403	-10.815995	beheer
5404	-10.816222	த்து
5405	-10.816283	feeling
5406	-10.817099	ிங்
5407	-10.817100	involving
5408	-10.817100	sincerely
5409	-10.817135	ষ
5410	-10.817189	brief
5411	-10.817430	tivo
5412	-10.817464	qk
5413	-10.817562	cari
5414	-10.817850	fq
5415	-10.818169	seine
5416	-10.818245	hj
5417	-10.818702	commence
5418	-10.818820	clave
5419	-10.819023	യോ
5420	-10.819175	werde
5421	-10.819373	vm
5422	-10.819397	atti
5423	-10.820082	kol
5424	-10.820170	mittel
5425	-10.820698	users
5426	-10.820946	আপনি
5427	-10.820946	ề
5428	-10.820954	톰은
5429	-10.820956	মধ্যে
5430	-10.820963	हुए
5431	-10.821101	michael
5432	-10.821396	paga
5433	-10.821527	iteit
5434	-10.821655	kamu
5435	-10.821763	llc
5436	-10.821908	ми
5437	-10.822135	ме
5438	-10.822534	রো
5439	-10.822695	permit
5440	-10.822815	jas
5441	-10.822872	न्
5442	-10.823377	mantener
5443	-10.823424	thinking
5444	-10.823569	personalinfo
5445	-10.823881	problemen
5446	-10.823928	trial
5447	-10.824025	mij
5448	-10.824154	കു
5449	-10.824387	fourni
5450	-10.824588	inclusi
5451	-10.824738	কেন
5452	-10.824807	bezüglich
5453	-10.824903	wj
5454	-10.824963	salario
5455	-10.825375	nécessaire
5456	-10.825593	activités
5457	-10.826081	भाग
5458	-10.826143	ਲੇ
5459	-10.827447	জা
5460	-10.828407	represent
5461	-10.828681	ਐ
5462	-10.828682	ೌ
5463	-10.828683	janamtithi
5464	-10.828686	contribute
5465	-10.828702	చాలా
5466	-10.828770	xmlschema
5467	-10.828991	politica
5468	-10.829123	ön
5469	-10.829748	urban
5470	-10.829787	analyst
5471	-10.829999	ام
5472	-10.830005	multi
5473	-10.830444	persönlichen
5474	-10.830873	sprechen
5475	-10.831268	rufen
5476	-10.831398	strict
5477	-10.831619	pak
5478	-10.831623	bell
5479	-10.831670	ौ
5480	-10.831841	الم
5481	-10.831883	asset
5482	-10.832342	kir
5483	-10.832379	lind
5484	-10.832575	überprüft
5485	-10.832581	म्हणजे
5486	-10.832592	vk
5487	-10.832621	soll
5488	-10.832622	discussie
5489	-10.832753	untuk
5490	-10.833255	ां
5491	-10.834039	possa
5492	-10.834479	monte
5493	-10.834683	kontonummer
5494	-10.835029	generated
5495	-10.835199	ц
5496	-10.835256	wp
5497	-10.835373	migliorament
5498	-10.835483	memo
5499	-10.836175	altro
5500	-10.836224	മി
5501	-10.836298	rappel
5502	-10.836453	mensaje
5503	-10.836480	psicologia
5504	-10.836480	ಯಾವುದು
5505	-10.836492	aquí
5506	-10.836601	eux
5507	-10.836790	third
5508	-10.836987	ೆ
5509	-10.837066	তি
5510	-10.837261	વે
5511	-10.837776	living
5512	-10.838181	letzten
5513	-10.838470	bitten
5514	-10.838732	months
5515	-10.838741	persönliche
5516	-10.839204	rp
5517	-10.839411	partie
5518	-10.839494	pendant
5519	-10.839720	rates
5520	-10.840402	communauté
5521	-10.840402	dedicated
5522	-10.840403	settimana
5523	-10.840409	traffic
5524	-10.840410	blood
5525	-10.840410	coordenadas
5526	-10.840421	savoir
5527	-10.840611	medico
5528	-10.840642	ీ
5529	-10.840954	asunto
5530	-10.841022	تے
5531	-10.841241	ities
5532	-10.841679	fec
5533	-10.841791	medica
5534	-10.841909	outcomes
5535	-10.842072	diya
5536	-10.842124	పరి
5537	-10.842298	statements
5538	-10.842630	medio
5539	-10.842996	membres
5540	-10.843003	trying
5541	-10.843137	max
5542	-10.843885	mill
5543	-10.844094	gd
5544	-10.844339	companies
5545	-10.844339	पुस्तक
5546	-10.844347	pradesh
5547	-10.844369	leistungen
5548	-10.844419	ihn
5549	-10.844449	nosotros
5550	-10.844510	morning
5551	-10.844561	dringend
5552	-10.844563	ரை
5553	-10.844737	buenos
5554	-10.845146	jcb
5555	-10.845389	assess
5556	-10.845504	commerce
5557	-10.845672	zr
5558	-10.845938	டோ
5559	-10.846264	mati
5560	-10.846465	dall
5561	-10.846627	besuchen
5562	-10.847496	jl
5563	-10.848324	니다
5564	-10.848458	distribution
5565	-10.848610	année
5566	-10.848725	documentos
5567	-10.848918	avoid
5568	-10.848927	diensten
5569	-10.849101	hierbij
5570	-10.849145	obligations
5571	-10.849215	spi
5572	-10.849244	someone
5573	-10.849287	power
5574	-10.849330	ಗು
5575	-10.850114	kul
5576	-10.850381	ਬਾ
5577	-10.850488	లకు
5578	-10.850663	oss
5579	-10.850773	associate
5580	-10.850943	bia
5581	-10.851010	nb
5582	-10.851043	sports
5583	-10.851408	infos
5584	-10.851712	syn
5585	-10.852102	fv
5586	-10.852245	eco
5587	-10.852246	ড়
5588	-10.852260	abteilung
5589	-10.852261	aiutarmi
5590	-10.852856	khushi
5591	-10.853210	chers
5592	-10.853240	didn
5593	-10.853272	kunde
5594	-10.854053	cadre
5595	-10.854264	adhere
5596	-10.854321	eigen
5597	-10.854411	dengan
5598	-10.854505	esse
5599	-10.854581	jones
5600	-10.855184	arm
5601	-10.855459	ну
5602	-10.855549	implementing
5603	-10.855969	successful
5604	-10.856088	ym
5605	-10.856194	aktuellen
5606	-10.856235	factor
5607	-10.856239	bord
5608	-10.856262	amazing
5609	-10.856357	rang
5610	-10.856462	jb
5611	-10.856672	map
5612	-10.856937	vision
5613	-10.856971	duc
5614	-10.857050	ವೆ
5615	-10.857115	gaadi
5616	-10.857788	पत्र
5617	-10.857836	authenticati
5618	-10.858084	uq
5619	-10.858410	രാ
5620	-10.858486	appelle
5621	-10.858579	legge
5622	-10.858835	gerade
5623	-10.858961	rö
5624	-10.859193	findet
5625	-10.859341	lines
5626	-10.859969	ql
5627	-10.860017	kra
5628	-10.860039	എന്ന
5629	-10.860244	gelieve
5630	-10.860244	piattaforma
5631	-10.860244	qualcuno
5632	-10.860245	diagnose
5633	-10.860246	audience
5634	-10.860271	subhash
5635	-10.860294	समय
5636	-10.860455	இது
5637	-10.860488	koi
5638	-10.860525	होते
5639	-10.860669	controls
5640	-10.860743	enkele
5641	-10.860869	ри
5642	-10.860977	ள்
5643	-10.861009	consult
5644	-10.861203	యూ
5645	-10.861244	pac
5646	-10.861400	regularly
5647	-10.861410	vier
5648	-10.861488	reise
5649	-10.861868	ет
5650	-10.862007	cos
5651	-10.862617	cpu
5652	-10.863700	customers
5653	-10.863789	sitzungen
5654	-10.863901	polis
5655	-10.863949	dello
5656	-10.863952	termine
5657	-10.864174	betreff
5658	-10.864260	frequency
5659	-10.864266	huidige
5660	-10.864299	zwischen
5661	-10.864336	دی
5662	-10.864425	weten
5663	-10.864429	reduce
5664	-10.864434	aaj
5665	-10.864959	maybe
5666	-10.865375	quant
5667	-10.865749	semble
5668	-10.865753	চা
5669	-10.865862	റി
5670	-10.865900	quelques
5671	-10.866879	sana
5672	-10.867150	gehen
5673	-10.867689	beach
5674	-10.867723	lq
5675	-10.867974	dieses
5676	-10.867985	clients
5677	-10.868255	ڑ
5678	-10.868284	proceed
5679	-10.868287	segura
5680	-10.868292	también
5681	-10.868292	ನನಗೆ
5682	-10.868293	iscrizione
5683	-10.868294	scuola
5684	-10.868453	dono
5685	-10.868521	ಜ್
5686	-10.868865	overview
5687	-10.868896	math
5688	-10.869090	merk
5689	-10.869409	્યા
5690	-10.869468	ਟਾ
5691	-10.869533	distribu
5692	-10.869594	fini
5693	-10.869643	practice
5694	-10.869845	नो
5695	-10.869884	falls
5696	-10.870828	நி
5697	-10.870978	इन
5698	-10.871040	mevrouw
5699	-10.871268	tari
5700	-10.871703	പി
5701	-10.872283	prepared
5702	-10.872341	netherlands
5703	-10.872504	nice
5704	-10.872505	williams
5705	-10.872597	costo
5706	-10.873047	timeline
5707	-10.873243	bhaiya
5708	-10.873572	agra
5709	-10.873678	reading
5710	-10.873852	tras
5711	-10.874059	aims
5712	-10.874152	garantizar
5713	-10.874303	david
5714	-10.874419	ਟੀ
5715	-10.874499	conta
5716	-10.874511	hk
5717	-10.874682	appel
5718	-10.875232	jt
5719	-10.875499	gua
5720	-10.875554	échange
5721	-10.875604	holder
5722	-10.875709	amber
5723	-10.875965	zp
5724	-10.876120	again
5725	-10.876177	गए
5726	-10.876324	référence
5727	-10.876406	identität
5728	-10.876407	기
5729	-10.876411	verzekerings
5730	-10.876426	padega
5731	-10.876600	كان
5732	-10.877119	erfahrungen
5733	-10.877386	दें
5734	-10.877460	colo
5735	-10.877541	motiv
5736	-10.877697	ங்களை
5737	-10.877877	ക്ഷ
5738	-10.878086	ipaddress
5739	-10.878335	ologie
5740	-10.878526	wohn
5741	-10.878555	शी
5742	-10.879417	pick
5743	-10.879440	oud
5744	-10.879628	demand
5745	-10.879908	టీ
5746	-10.880056	pb
5747	-10.880069	autres
5748	-10.880365	iii
5749	-10.880770	operating
5750	-10.881968	observation
5751	-10.882698	handel
5752	-10.883327	utile
5753	-10.883489	workshops
5754	-10.883543	xp
5755	-10.883723	fest
5756	-10.884416	कुमार
5757	-10.884521	ഭ
5758	-10.884585	expiration
5759	-10.884588	enquête
5760	-10.884609	ನಾನು
5761	-10.884629	టు
5762	-10.884761	complet
5763	-10.885820	же
5764	-10.886024	lw
5765	-10.886105	spec
5766	-10.886219	vez
5767	-10.886373	maintaining
5768	-10.887293	مو
5769	-10.887341	्स
5770	-10.887553	fresh
5771	-10.887714	gruppe
5772	-10.888031	probleme
5773	-10.888701	electronic
5774	-10.888701	द्वारा
5775	-10.888701	ಹೇಗೆ
5776	-10.888702	residenza
5777	-10.888707	línea
5778	-10.888722	முதல்
5779	-10.888726	sûr
5780	-10.888762	senior
5781	-10.888974	fahr
5782	-10.889371	mq
5783	-10.889863	payable
5784	-10.890338	benefit
5785	-10.890355	താ
5786	-10.890391	dv
5787	-10.891356	structure
5788	-10.891375	shipper
5789	-10.891432	dzi
5790	-10.891884	kijken
5791	-10.892154	aata
5792	-10.892503	mig
5793	-10.892653	बात
5794	-10.892780	graph
5795	-10.892834	의
5796	-10.892843	interessiert
5797	-10.892850	settlement
5798	-10.892854	systeem
5799	-10.892868	obtenir
5800	-10.892933	giorno
5801	-10.893041	collega
5802	-10.893153	comply
5803	-10.893463	mejor
5804	-10.894450	stru
5805	-10.894567	logistics
5806	-10.894714	sécurisé
5807	-10.895020	ಪಿ
5808	-10.895358	natural
5809	-10.895371	بال
5810	-10.895701	ಮಾಡ
5811	-10.896070	utili
5812	-10.896137	प्
5813	-10.896422	tim
5814	-10.896623	basis
5815	-10.896658	efficient
5816	-10.896773	zn
5817	-10.896799	aya
5818	-10.896844	ì
5819	-10.896983	kommunikati
5820	-10.896983	technician
5821	-10.896983	మధ్య
5822	-10.896984	remarqué
5823	-10.896985	creative
5824	-10.896990	மிகவும்
5825	-10.896994	appareil
5826	-10.896996	achieve
5827	-10.897008	identifikati
5828	-10.897079	طور
5829	-10.898149	startup
5830	-10.898895	લિ
5831	-10.899025	unseres
5832	-10.899552	close
5833	-10.899734	photo
5834	-10.899891	présente
5835	-10.899949	applications
5836	-10.900049	zuid
5837	-10.900446	haven
5838	-10.900805	bevestigen
5839	-10.900837	জে
5840	-10.900962	பல
5841	-10.901101	rä
5842	-10.901150	prospettiva
5843	-10.901150	westfalen
5844	-10.901152	ഏതാണ്
5845	-10.901155	contributo
5846	-10.901168	driving
5847	-10.901213	bienestar
5848	-10.901308	package
5849	-10.901633	recorded
5850	-10.901675	ഉ
5851	-10.902143	కొ
5852	-10.902143	bé
5853	-10.902844	indem
5854	-10.902848	kitna
5855	-10.902932	campaign
5856	-10.903254	ם
5857	-10.904098	normal
5858	-10.904165	accessed
5859	-10.904428	దా
5860	-10.904775	gebruikers
5861	-10.905064	sende
5862	-10.905142	ஒ
5863	-10.905206	maj
5864	-10.905316	operation
5865	-10.905333	స్ట్
5866	-10.905334	efficace
5867	-10.905334	official
5868	-10.905388	concept
5869	-10.905534	southwest
5870	-10.905579	arrive
5871	-10.905679	ഫ
5872	-10.905773	clean
5873	-10.906296	ಾಗ
5874	-10.906479	debt
5875	-10.906579	poter
5876	-10.906731	isha
5877	-10.907192	scolaire
5878	-10.907317	മോ
5879	-10.907436	junio
5880	-10.907437	echt
5881	-10.907621	estate
5882	-10.908092	fw
5883	-10.908462	uniform
5884	-10.908545	fornito
5885	-10.908714	ки
5886	-10.909461	ढ
5887	-10.909535	কিছু
5888	-10.909569	राज्य
5889	-10.909570	fusion
5890	-10.909577	pianifica
5891	-10.909588	tweede
5892	-10.909603	blockchain
5893	-10.909806	aufgrund
5894	-10.909894	qb
5895	-10.910188	डा
5896	-10.911000	ட்டி
5897	-10.911269	paida
5898	-10.911282	setting
5899	-10.911347	లలో
5900	-10.911375	що
5901	-10.911534	poem
5902	-10.911689	কত
5903	-10.911748	unternehmen
5904	-10.911790	யான
5905	-10.911920	offre
5906	-10.912174	ளி
5907	-10.912204	pw
5908	-10.912443	feb
5909	-10.913301	resident
5910	-10.913445	ró
5911	-10.913619	element
5912	-10.913646	bag
5913	-10.913703	qh
5914	-10.913754	facility
5915	-10.913754	ಬಗ್ಗೆ
5916	-10.913772	relative
5917	-10.914240	तक
5918	-10.914304	സം
5919	-10.914320	ಯಲ್ಲಿ
5920	-10.914393	ppe
5921	-10.914445	வின்
5922	-10.914536	फ़
5923	-10.914561	backup
5924	-10.914648	vue
5925	-10.914699	manuel
5926	-10.914766	काही
5927	-10.914865	priority
5928	-10.914878	gaap
5929	-10.915019	basa
5930	-10.915442	utilise
5931	-10.915474	kiya
5932	-10.915491	ক্ষ
5933	-10.915757	ndersteuning
5934	-10.916120	école
5935	-10.916174	vindt
5936	-10.916909	اب
5937	-10.917988	ళ
5938	-10.917992	necesario
5939	-10.917992	provincie
5940	-10.918007	nuovi
5941	-10.918102	pourrais
5942	-10.918279	pflege
5943	-10.918413	james
5944	-10.918598	thoughts
5945	-10.918942	പോ
5946	-10.919315	developer
5947	-10.919929	ೈ
5948	-10.920090	siguiente
5949	-10.920091	rischio
5950	-10.920152	xm
5951	-10.920272	idee
5952	-10.921007	aug
5953	-10.921027	pensa
5954	-10.921364	mul
5955	-10.921484	affect
5956	-10.921803	estudiantes
5957	-10.921916	advanced
5958	-10.922247	تھا
5959	-10.922258	ಏಕೆ
5960	-10.922260	చెప్పండి
5961	-10.922277	comunità
5962	-10.922297	diversity
5963	-10.922600	fac
5964	-10.923144	robert
5965	-10.923454	മു
5966	-10.923659	மு
5967	-10.923769	residente
5968	-10.923868	beratung
5969	-10.923918	allen
5970	-10.924196	pris
5971	-10.924268	few
5972	-10.924569	vig
5973	-10.924943	yx
5974	-10.925191	menti
5975	-10.925976	తన
5976	-10.926079	ruf
5977	-10.926092	vraag
5978	-10.926428	tips
5979	-10.926436	führen
5980	-10.926520	confidencial
5981	-10.926520	décembre
5982	-10.926520	verschiedene
5983	-10.926585	lx
5984	-10.926963	riya
5985	-10.927013	registratie
5986	-10.927336	pj
5987	-10.927389	afin
5988	-10.927483	uthorization
5989	-10.927513	inclusion
5990	-10.927519	effectué
5991	-10.927559	കോ
5992	-10.927851	lois
5993	-10.927868	essa
5994	-10.927910	currently
5995	-10.928192	sara
5996	-10.928253	ಮಿ
5997	-10.928532	gebied
5998	-10.928602	fz
5999	-10.928878	cj
6000	-10.929154	tenu
6001	-10.929213	river
6002	-10.929317	hiermit
6003	-10.930100	ganizzazione
6004	-10.930100	બા
6005	-10.930128	firstname
6006	-10.930389	గారు
6007	-10.930592	ਡ਼
6008	-10.930813	ї
6009	-10.930826	computer
6010	-10.930846	при
6011	-10.931428	hx
6012	-10.931459	krishna
6013	-10.931668	mou
6014	-10.931755	பற்றிய
6015	-10.931854	ோ
6016	-10.931901	qd
6017	-10.932001	badh
6018	-10.932065	ాలి
6019	-10.932266	mani
6020	-10.932717	royal
6021	-10.932759	пи
6022	-10.932818	vit
6023	-10.933718	vb
6024	-10.933812	কো
6025	-10.934070	garantir
6026	-10.934180	telles
6027	-10.934376	goal
6028	-10.934525	juan
6029	-10.935137	licence
6030	-10.935153	jetzt
6031	-10.935159	کریں
6032	-10.935163	fitness
6033	-10.935255	સં
6034	-10.935791	anytown
6035	-10.936066	nq
6036	-10.936604	leading
6037	-10.936894	dari
6038	-10.936932	rik
6039	-10.937017	ical
6040	-10.937187	contactar
6041	-10.937379	ranchi
6042	-10.937551	servicio
6043	-10.938054	rofessionnel
6044	-10.938054	со
6045	-10.938183	geen
6046	-10.938288	insert
6047	-10.938334	pé
6048	-10.938440	stro
6049	-10.939651	encrypted
6050	-10.940356	నం
6051	-10.940496	commentaires
6052	-10.940564	ру
6053	-10.940636	kommer
6054	-10.940738	processus
6055	-10.940998	credentials
6056	-10.941110	gf
6057	-10.941121	alex
6058	-10.941648	keine
6059	-10.941901	thu
6060	-10.942085	mesures
6061	-10.942292	ండ్
6062	-10.942443	keit
6063	-10.942743	fica
6064	-10.942886	bie
6065	-10.943018	sky
6066	-10.943800	septiembre
6067	-10.943800	ಕೆಲವು
6068	-10.943800	자
6069	-10.943810	gemeinsam
6070	-10.943810	clinique
6071	-10.943824	nehru
6072	-10.943848	valor
6073	-10.943959	bonsai
6074	-10.944058	however
6075	-10.944854	wt
6076	-10.945079	guest
6077	-10.945633	yw
6078	-10.946163	solar
6079	-10.946357	singh
6080	-10.946373	erstellen
6081	-10.947284	wow
6082	-10.947736	bringen
6083	-10.947809	dernier
6084	-10.948167	ਮੈਨੂੰ
6085	-10.948167	અથવા
6086	-10.948172	ಎಷ್ಟು
6087	-10.948199	ಗಳಲ್ಲಿ
6088	-10.948333	जिसमें
6089	-10.948345	rural
6090	-10.948417	friendly
6091	-10.948492	भाषा
6092	-10.949033	apply
6093	-10.949183	fondi
6094	-10.949273	hoogte
6095	-10.949940	ബി
6096	-10.949986	aber
6097	-10.950694	forschungs
6098	-10.950810	qn
6099	-10.951037	vt
6100	-10.951341	сь
6101	-10.951481	હો
6102	-10.951879	habit
6103	-10.952538	clinical
6104	-10.952553	deuxième
6105	-10.952553	রয়েছে
6106	-10.952556	urgence
6107	-10.952561	prozess
6108	-10.952563	complaint
6109	-10.952621	ology
6110	-10.952655	attendance
6111	-10.952952	guard
6112	-10.952994	kur
6113	-10.953269	front
6114	-10.953448	once
6115	-10.953536	pierre
6116	-10.954073	zm
6117	-10.954178	trend
6118	-10.954352	controllo
6119	-10.954415	registrar
6120	-10.954434	forschung
6121	-10.954554	pier
6122	-10.955036	pleased
6123	-10.955468	opinion
6124	-10.956154	establish
6125	-10.956352	bildung
6126	-10.956639	ত্র
6127	-10.956958	kantonalbank
6128	-10.956958	আমাকে
6129	-10.956968	atelier
6130	-10.957527	existing
6131	-10.957537	clienti
6132	-10.957949	यू
6133	-10.958019	index
6134	-10.958113	voornaam
6135	-10.958119	ഗ്
6136	-10.958306	deelname
6137	-10.958779	setzen
6138	-10.958799	roz
6139	-10.959036	organiser
6140	-10.959955	seguir
6141	-10.960042	retour
6142	-10.960103	punto
6143	-10.960111	verder
6144	-10.960780	rek
6145	-10.961355	edu
6146	-10.961379	entification
6147	-10.961383	asegúrate
6148	-10.961383	nécessite
6149	-10.961397	nordrhein
6150	-10.961397	הוא
6151	-10.961411	santa
6152	-10.961743	destination
6153	-10.962069	haar
6154	-10.962950	correspond
6155	-10.963235	yk
6156	-10.963544	aggi
6157	-10.963616	nico
6158	-10.964034	gesehen
6159	-10.964074	খা
6160	-10.964205	behavioral
6161	-10.964285	ongoing
6162	-10.964808	ಹಿ
6163	-10.964815	bay
6164	-10.964842	செய்ய
6165	-10.964975	así
6166	-10.964995	studien
6167	-10.965827	historical
6168	-10.965827	possibile
6169	-10.965827	ufficio
6170	-10.965827	எப்போது
6171	-10.965829	directives
6172	-10.965846	était
6173	-10.965862	rx
6174	-10.966055	aman
6175	-10.966333	manière
6176	-10.966355	american
6177	-10.966703	bent
6178	-10.966781	મો
6179	-10.967079	अस
6180	-10.967628	ausweis
6181	-10.967787	plaza
6182	-10.968016	он
6183	-10.968070	race
6184	-10.968445	mart
6185	-10.968478	دو
6186	-10.968655	wish
6187	-10.968751	gerät
6188	-10.969542	principale
6189	-10.969630	register
6190	-10.969633	grüße
6191	-10.969834	പ്
6192	-10.970291	સૌથી
6193	-10.970296	envíe
6194	-10.970462	ве
6195	-10.970616	betrekking
6196	-10.970631	quando
6197	-10.970703	avril
6198	-10.970752	ಬಾ
6199	-10.970817	individuen
6200	-10.971208	నీ
6201	-10.971211	tasks
6202	-10.971510	chalo
6203	-10.971806	ियों
6204	-10.971861	accident
6205	-10.972745	pound
6206	-10.972778	steht
6207	-10.973332	continu
6208	-10.973339	നാ
6209	-10.973629	develop
6210	-10.973978	starting
6211	-10.973993	collaborativ
6212	-10.974419	erreichen
6213	-10.974460	personalizad
6214	-10.974469	ച്ച
6215	-10.974731	wenden
6216	-10.974768	করুন
6217	-10.974779	economic
6218	-10.974800	notify
6219	-10.974807	cred
6220	-10.974908	commercial
6221	-10.975195	detected
6222	-10.975228	धा
6223	-10.975372	wm
6224	-10.976135	dorf
6225	-10.976551	involves
6226	-10.976873	תי
6227	-10.976933	klar
6228	-10.976983	image
6229	-10.977504	dental
6230	-10.977583	lh
6231	-10.977783	மாக
6232	-10.977823	paper
6233	-10.977972	ડા
6234	-10.978029	টে
6235	-10.978030	medische
6236	-10.978039	beta
6237	-10.978120	droit
6238	-10.978159	oublie
6239	-10.978397	saw
6240	-10.978765	ার
6241	-10.979059	behandlungs
6242	-10.979193	custom
6243	-10.979280	mortgage
6244	-10.979280	vadodara
6245	-10.979280	ở
6246	-10.979292	mercado
6247	-10.979305	mayoress
6248	-10.979368	chain
6249	-10.979393	usando
6250	-10.979473	hong
6251	-10.980010	competition
6252	-10.980192	prior
6253	-10.980944	ಕಿ
6254	-10.981234	trovare
6255	-10.981269	aussi
6256	-10.981418	enero
6257	-10.981868	yoga
6258	-10.982425	warm
6259	-10.982493	objetivo
6260	-10.982677	promotion
6261	-10.982952	bond
6262	-10.983639	cou
6263	-10.983805	recibido
6264	-10.983805	எத்தனை
6265	-10.983808	protezione
6266	-10.983816	exact
6267	-10.983849	sembra
6268	-10.983879	வே
6269	-10.984026	essen
6270	-10.984190	berlin
6271	-10.984438	dk
6272	-10.984492	established
6273	-10.984543	proposta
6274	-10.985124	یں
6275	-10.985158	vérifie
6276	-10.985164	مر
6277	-10.985341	secret
6278	-10.985468	lieti
6279	-10.985586	kit
6280	-10.985785	maison
6281	-10.986209	augustus
6282	-10.986743	ాల
6283	-10.987243	koordinaten
6284	-10.987396	ടി
6285	-10.987613	sir
6286	-10.987951	یو
6287	-10.988159	ટી
6288	-10.988351	ahmedabad
6289	-10.988351	literacy
6290	-10.988351	satisfaction
6291	-10.988351	ఉంటుంది
6292	-10.988387	rai
6293	-10.988410	ganesh
6294	-10.988521	kaafi
6295	-10.988543	gun
6296	-10.988693	peso
6297	-10.988877	failed
6298	-10.989062	uf
6299	-10.989096	कोई
6300	-10.989134	werken
6301	-10.989458	tutoring
6302	-10.989530	স্ট
6303	-10.989768	ła
6304	-10.989828	ിംഗ്
6305	-10.989834	consulter
6306	-10.990041	ँ
6307	-10.990661	siguientes
6308	-10.990795	zweite
6309	-10.990908	dabei
6310	-10.991218	comentarios
6311	-10.991523	allo
6312	-10.991631	measure
6313	-10.992146	friends
6314	-10.992286	اد
6315	-10.992310	سر
6316	-10.992339	gent
6317	-10.992381	അവ
6318	-10.992498	immer
6319	-10.992820	ಷ
6320	-10.992917	adolescent
6321	-10.992917	propuesta
6322	-10.992917	psicología
6323	-10.992917	سامي
6324	-10.992917	पसंद
6325	-10.992917	ఎక్కడ
6326	-10.992918	responsabile
6327	-10.992919	contattarci
6328	-10.992921	segunda
6329	-10.992968	ఎన్ని
6330	-10.993372	liabilities
6331	-10.993661	bureau
6332	-10.993946	lm
6333	-10.994040	qp
6334	-10.994159	audits
6335	-10.994208	buenas
6336	-10.994256	artist
6337	-10.994368	об
6338	-10.994723	vise
6339	-10.994944	criteria
6340	-10.995613	totale
6341	-10.996105	iendo
6342	-10.996338	sensibili
6343	-10.996977	మే
6344	-10.997201	occup
6345	-10.997504	conference
6346	-10.997504	füllen
6347	-10.997506	verbessern
6348	-10.997508	qo
6349	-10.997530	gross
6350	-10.997642	ದಿ
6351	-10.997727	vom
6352	-10.997869	bespreken
6353	-10.997926	semana
6354	-10.998597	ٹر
6355	-10.998810	compra
6356	-10.998873	phase
6357	-10.999038	additionally
6358	-10.999060	ডি
6359	-10.999068	charged
6360	-10.999310	offering
6361	-11.000139	ாக
6362	-11.000331	suggestions
6363	-11.000610	diagnosis
6364	-11.001252	since
6365	-11.001335	pz
6366	-11.001679	planner
6367	-11.001775	acct
6368	-11.001879	कब
6369	-11.002032	ਏ
6370	-11.002112	exposure
6371	-11.002112	suspicious
6372	-11.002126	governance
6373	-11.002129	wäre
6374	-11.002189	renewal
6375	-11.002194	వీ
6376	-11.002216	guardian
6377	-11.002266	ਕਰੋ
6378	-11.002282	hotel
6379	-11.002890	haut
6380	-11.003248	ਕਾਰ
6381	-11.003306	adressen
6382	-11.003510	patch
6383	-11.004288	nutzer
6384	-11.004524	woche
6385	-11.004538	ranch
6386	-11.004575	vara
6387	-11.004586	fax
6388	-11.004698	snummer
6389	-11.004736	pubblica
6390	-11.005049	dü
6391	-11.005142	जि
6392	-11.005266	తా
6393	-11.005312	מו
6394	-11.005397	indicate
6395	-11.005684	kü
6396	-11.005722	scha
6397	-11.005765	ization
6398	-11.005870	rechnung
6399	-11.006273	qm
6400	-11.006389	hh
6401	-11.006517	ped
6402	-11.006709	ുന്നത്
6403	-11.006718	schaft
6404	-11.006742	beträgt
6405	-11.006742	plaît
6406	-11.006742	progreso
6407	-11.006742	फ्लैट
6408	-11.006742	dobbiamo
6409	-11.006745	geschichte
6410	-11.006779	raman
6411	-11.006813	మో
6412	-11.006880	ాను
6413	-11.006897	alcune
6414	-11.006963	interés
6415	-11.007186	adapt
6416	-11.007296	avance
6417	-11.007514	waiting
6418	-11.007765	association
6419	-11.007796	pod
6420	-11.007962	పె
6421	-11.008526	ਰੋ
6422	-11.009480	dazu
6423	-11.009673	paar
6424	-11.009920	fier
6425	-11.010106	año
6426	-11.010306	matt
6427	-11.010447	activité
6428	-11.010489	regulation
6429	-11.010536	ggi
6430	-11.011393	compromiso
6431	-11.011393	switzerland
6432	-11.011393	verwendung
6433	-11.011393	சரம்
6434	-11.011393	നിന്ന്
6435	-11.011417	ontwerp
6436	-11.011476	zeitpunkt
6437	-11.011705	જો
6438	-11.011736	ча
6439	-11.011739	maar
6440	-11.011770	umwelt
6441	-11.011833	mentioned
6442	-11.011933	ச்ச
6443	-11.011965	mogelijk
6444	-11.012191	জন
6445	-11.012651	charges
6446	-11.012871	investing
6447	-11.013182	darüber
6448	-11.013283	actualizado
6449	-11.013498	mme
6450	-11.013562	nvironnement
6451	-11.014100	rehabilitati
6452	-11.014297	ভা
6453	-11.014359	zak
6454	-11.015221	calidad
6455	-11.015440	nx
6456	-11.016012	naz
6457	-11.016066	elizabeth
6458	-11.016066	technical
6459	-11.016066	ఉత్తమ
6460	-11.016066	ആരാണ്
6461	-11.016078	posible
6462	-11.016087	default
6463	-11.016135	adalah
6464	-11.016142	optimal
6465	-11.016147	âgé
6466	-11.016289	ybersecurity
6467	-11.016295	ఏది
6468	-11.016362	sak
6469	-11.016457	ır
6470	-11.016640	kontaktdaten
6471	-11.017263	interessant
6472	-11.017580	machen
6473	-11.017718	krediet
6474	-11.018576	נו
6475	-11.019432	informed
6476	-11.019938	könnte
6477	-11.020013	task
6478	-11.020059	িয়া
6479	-11.020476	keys
6480	-11.020556	कै
6481	-11.020697	્ય
6482	-11.020761	gewährleist
6483	-11.020761	എങ്ങനെ
6484	-11.020761	algún
6485	-11.020767	fundamental
6486	-11.020816	dezember
6487	-11.020864	பிர
6488	-11.020904	होगा
6489	-11.021084	modification
6490	-11.021195	chance
6491	-11.021404	surat
6492	-11.021468	claro
6493	-11.021793	rem
6494	-11.021836	quelle
6495	-11.022099	olo
6496	-11.022779	ನು
6497	-11.022822	rica
6498	-11.022954	కం
6499	-11.023115	തു
6500	-11.023333	பயன்படுத்த
6501	-11.023431	ਜਾ
6502	-11.023449	sea
6503	-11.023493	actuel
6504	-11.023688	ష్
6505	-11.024096	hote
6506	-11.024128	costi
6507	-11.024208	registros
6508	-11.024542	hou
6509	-11.024626	mode
6510	-11.024651	detail
6511	-11.025037	নের
6512	-11.025146	legali
6513	-11.025177	rive
6514	-11.025385	கொண்ட
6515	-11.025422	ière
6516	-11.025477	hyderabad
6517	-11.025477	octubre
6518	-11.025477	organización
6519	-11.025477	ottobre
6520	-11.025477	previous
6521	-11.025477	तैयार
6522	-11.025477	ữ
6523	-11.025478	scadenza
6524	-11.025492	everything
6525	-11.025501	सूची
6526	-11.025547	cert
6527	-11.025547	وہ
6528	-11.025614	bahasa
6529	-11.026221	kb
6530	-11.026260	denk
6531	-11.026959	ఎంత
6532	-11.027176	idées
6533	-11.027366	झ
6534	-11.027503	nair
6535	-11.027606	تر
6536	-11.027641	ы
6537	-11.027719	luk
6538	-11.027721	पाठ
6539	-11.027915	export
6540	-11.027996	topic
6541	-11.028081	terra
6542	-11.028490	য়া
6543	-11.028753	qc
6544	-11.028766	িং
6545	-11.029537	dernière
6546	-11.029577	interesting
6547	-11.030217	kolhapur
6548	-11.030217	ਉੱਤੇ
6549	-11.030217	ợ
6550	-11.030230	seguimiento
6551	-11.030252	disease
6552	-11.030291	प्रकार
6553	-11.030906	dq
6554	-11.031180	scrimination
6555	-11.031566	wear
6556	-11.031590	thought
6557	-11.031760	primer
6558	-11.032064	contre
6559	-11.032465	ఖ
6560	-11.032754	kota
6561	-11.033225	ਨਾਲ
6562	-11.033273	bury
6563	-11.033466	gü
6564	-11.033729	ರುವ
6565	-11.033785	personales
6566	-11.033885	ਨਿ
6567	-11.034211	dekh
6568	-11.034324	makan
6569	-11.034353	verti
6570	-11.034365	referred
6571	-11.034625	überprüfe
6572	-11.034667	bog
6573	-11.034902	proposed
6574	-11.034979	anufacturing
6575	-11.034979	compensation
6576	-11.034979	సమాచారం
6577	-11.034981	attraverso
6578	-11.034981	fornisci
6579	-11.035005	proprietà
6580	-11.035025	pourrait
6581	-11.035063	gehalt
6582	-11.035082	ಕ್ಕೆ
6583	-11.035114	voyage
6584	-11.035177	folgende
6585	-11.035309	fond
6586	-11.035380	könntest
6587	-11.035441	mobil
6588	-11.035443	vendor
6589	-11.035728	guer
6590	-11.035842	panel
6591	-11.036219	hubli
6592	-11.036997	kochi
6593	-11.037060	functionalit
6594	-11.037315	erstellt
6595	-11.037592	टर
6596	-11.037980	allow
6597	-11.038145	rules
6598	-11.038392	ో
6599	-11.038527	डि
6600	-11.038577	persone
6601	-11.038687	souhaite
6602	-11.038711	original
6603	-11.038941	sources
6604	-11.039037	studies
6605	-11.039049	యి
6606	-11.039124	ट्र
6607	-11.039173	mister
6608	-11.039287	dri
6609	-11.039760	ിന്റെ
6610	-11.039763	aprendizaje
6611	-11.039763	collateral
6612	-11.039763	nutzung
6613	-11.039763	धन्यवाद
6614	-11.039795	ultima
6615	-11.039798	poème
6616	-11.039867	haupt
6617	-11.039884	qualité
6618	-11.039954	tek
6619	-11.040019	verfügbar
6620	-11.040380	graf
6621	-11.040429	passnummer
6622	-11.040461	િયા
6623	-11.040473	zurück
6624	-11.040485	área
6625	-11.040673	features
6626	-11.040936	tura
6627	-11.041118	ং
6628	-11.041221	producer
6629	-11.041263	jana
6630	-11.041574	रहे
6631	-11.041733	ുന്നു
6632	-11.042336	zij
6633	-11.042503	bezoek
6634	-11.042803	ਡੀ
6635	-11.043882	maart
6636	-11.044120	dès
6637	-11.044340	பே
6638	-11.044448	gab
6639	-11.044522	로
6640	-11.044571	diciembre
6641	-11.044571	importancia
6642	-11.044571	éducative
6643	-11.044571	সম্পর্কে
6644	-11.044571	ị
6645	-11.044573	framework
6646	-11.044579	facilitator
6647	-11.044590	த்திற்கு
6648	-11.044595	bq
6649	-11.044611	recursos
6650	-11.044679	towards
6651	-11.044755	hinweis
6652	-11.044829	ubi
6653	-11.044903	direction
6654	-11.045048	ਕਰਨ
6655	-11.045112	medicina
6656	-11.045260	ਇਹ
6657	-11.045575	affaire
6658	-11.045732	gaming
6659	-11.045775	হয়েছিল
6660	-11.045951	import
6661	-11.046281	ಂಗ್
6662	-11.046346	spoke
6663	-11.046638	lage
6664	-11.046752	ست
6665	-11.046980	erna
6666	-11.047119	నె
6667	-11.047365	euch
6668	-11.047492	discussed
6669	-11.047694	belang
6670	-11.047842	त्त
6671	-11.047925	schen
6672	-11.048085	inizia
6673	-11.048094	oct
6674	-11.048321	izza
6675	-11.048326	ரே
6676	-11.048564	zb
6677	-11.048835	accetta
6678	-11.049342	स्थित
6679	-11.049402	méxico
6680	-11.049402	protección
6681	-11.049402	sponsibility
6682	-11.049403	fondamentale
6683	-11.049403	histoire
6684	-11.049453	emergenza
6685	-11.049456	हुआ
6686	-11.049477	milega
6687	-11.049481	ഫ്
6688	-11.049588	suivantes
6689	-11.049896	conseil
6690	-11.050081	ür
6691	-11.050355	fred
6692	-11.050448	ajmer
6693	-11.050591	finds
6694	-11.050820	gericht
6695	-11.051036	ಬೆ
6696	-11.051178	telah
6697	-11.051198	interessato
6698	-11.051338	rosa
6699	-11.051380	continua
6700	-11.051454	until
6701	-11.051666	felici
6702	-11.051749	programmi
6703	-11.051858	શા
6704	-11.052124	milta
6705	-11.052279	mean
6706	-11.052369	mala
6707	-11.052759	ન્
6708	-11.053267	সু
6709	-11.053339	ಷ್
6710	-11.053720	uo
6711	-11.054254	ন্ড
6712	-11.054256	bangalore
6713	-11.054258	kho
6714	-11.054258	scenario
6715	-11.054268	మొదటి
6716	-11.054332	சொல்லுங்கள்
6717	-11.054379	janvier
6718	-11.054424	ruolo
6719	-11.054486	vessel
6720	-11.054617	maintenant
6721	-11.054989	weekly
6722	-11.055308	effettuare
6723	-11.055676	yz
6724	-11.055730	either
6725	-11.055754	binär
6726	-11.055833	sche
6727	-11.056075	manera
6728	-11.056076	गु
6729	-11.056362	സാ
6730	-11.056441	vital
6731	-11.056474	rique
6732	-11.056890	settings
6733	-11.057074	levels
6734	-11.057796	walk
6735	-11.058584	ತ್
6736	-11.058746	rak
6737	-11.059134	peter
6738	-11.059134	lipperini
6739	-11.059157	little
6740	-11.059217	señor
6741	-11.059263	iphone
6742	-11.059553	personnes
6743	-11.059938	offrir
6744	-11.060212	कोण
6745	-11.060426	awak
6746	-11.060598	zt
6747	-11.060975	förderung
6748	-11.061695	prime
6749	-11.061753	ranno
6750	-11.061915	હા
6751	-11.062078	erg
6752	-11.062478	iano
6753	-11.062691	રિ
6754	-11.063187	గి
6755	-11.063450	vaccin
6756	-11.063957	elia
6757	-11.064036	potentiel
6758	-11.064036	temporary
6759	-11.064055	ਬਾਰੇ
6760	-11.064074	logged
6761	-11.064082	guidance
6762	-11.064121	આવે
6763	-11.064335	jak
6764	-11.064382	ova
6765	-11.064480	réseau
6766	-11.064488	کیوں
6767	-11.064817	ally
6768	-11.065275	whereas
6769	-11.065322	వై
6770	-11.065589	ஆம்
6771	-11.065744	besuch
6772	-11.066128	actualiza
6773	-11.066294	estimated
6774	-11.066604	tribu
6775	-11.066690	token
6776	-11.066887	bridge
6777	-11.067016	লো
6778	-11.067191	collaborati
6779	-11.067522	kf
6780	-11.067569	focusing
6781	-11.067606	houden
6782	-11.067948	abril
6783	-11.068029	asociados
6784	-11.068134	disponibili
6785	-11.068195	cloud
6786	-11.068340	rq
6787	-11.068356	visual
6788	-11.068444	taller
6789	-11.068603	namn
6790	-11.068648	tussen
6791	-11.068748	financiera
6792	-11.068963	inventory
6793	-11.068963	noviembre
6794	-11.068963	receiving
6795	-11.068963	satellite
6796	-11.068963	vijayawada
6797	-11.068963	éducatif
6798	-11.068963	ਕਿਉਂ
6799	-11.068965	giugno
6800	-11.068974	jaipur
6801	-11.069072	felice
6802	-11.069136	interview
6803	-11.069340	yar
6804	-11.069373	volg
6805	-11.069568	ın
6806	-11.069669	lehrer
6807	-11.069916	arre
6808	-11.069928	payer
6809	-11.070150	nellore
6810	-11.070178	fixed
6811	-11.070243	யு
6812	-11.070562	vet
6813	-11.070646	suche
6814	-11.070724	জি
6815	-11.070756	factu
6816	-11.071157	shares
6817	-11.071255	iques
6818	-11.071526	tj
6819	-11.071681	бо
6820	-11.072117	behandel
6821	-11.072163	বার
6822	-11.072181	ensemble
6823	-11.072334	queste
6824	-11.072563	bancario
6825	-11.072596	noida
6826	-11.072888	riesgo
6827	-11.073071	approfondi
6828	-11.073127	btc
6829	-11.073891	అనే
6830	-11.073911	কর
6831	-11.073912	ಖ
6832	-11.073948	emocional
6833	-11.073964	terrà
6834	-11.074050	church
6835	-11.074136	gemaakt
6836	-11.074155	tenga
6837	-11.074353	agreed
6838	-11.074504	incluir
6839	-11.074661	டன்
6840	-11.074910	indore
6841	-11.074933	ಕ್ಷ
6842	-11.075171	లె
6843	-11.075233	ambi
6844	-11.075348	referencia
6845	-11.075432	riesgos
6846	-11.075527	वाले
6847	-11.075844	buon
6848	-11.076143	מה
6849	-11.076229	യാണ്
6850	-11.076313	drag
6851	-11.076949	neuro
6852	-11.077031	டெ
6853	-11.077277	യിലെ
6854	-11.077998	juin
6855	-11.078427	жи
6856	-11.078727	ബോ
6857	-11.078775	said
6858	-11.078840	나
6859	-11.078855	گا
6860	-11.078876	బడింది
6861	-11.078888	coimbatore
6862	-11.078888	jabalpur
6863	-11.078888	numérique
6864	-11.078888	privacidad
6865	-11.078888	settembre
6866	-11.078888	എനിക്ക്
6867	-11.078890	verbeteren
6868	-11.078891	juillet
6869	-11.078893	través
6870	-11.078917	giovani
6871	-11.078941	بارے
6872	-11.078977	sedang
6873	-11.079121	julio
6874	-11.079351	favorite
6875	-11.079454	lá
6876	-11.079518	meerut
6877	-11.079583	proposition
6878	-11.079888	accessing
6879	-11.080028	দেওয়া
6880	-11.080057	kiran
6881	-11.080069	actividades
6882	-11.080166	ाई
6883	-11.080550	mam
6884	-11.080806	bajo
6885	-11.080887	quelqu
6886	-11.081164	technologies
6887	-11.081191	ವಾದ
6888	-11.081518	tenant
6889	-11.081835	verso
6890	-11.081913	ï
6891	-11.081966	cô
6892	-11.082004	gita
6893	-11.082218	espera
6894	-11.082263	ায়
6895	-11.082657	لو
6896	-11.083175	পি
6897	-11.083295	बना
6898	-11.083306	mois
6899	-11.083852	ugh
6900	-11.083888	profesional
6901	-11.083888	tecnología
6902	-11.083889	gennaio
6903	-11.083892	vollständig
6904	-11.083904	articolo
6905	-11.083997	rond
6906	-11.084542	januari
6907	-11.084649	siano
6908	-11.084670	humari
6909	-11.084678	mastercard
6910	-11.084730	ండ
6911	-11.085310	அதிக
6912	-11.085543	saludos
6913	-11.085904	rita
6914	-11.086155	fh
6915	-11.086326	xl
6916	-11.086372	individuelle
6917	-11.086587	vac
6918	-11.086630	sécurisée
6919	-11.086825	ties
6920	-11.087191	revise
6921	-11.087405	ба
6922	-11.087507	lebens
6923	-11.087708	sessies
6924	-11.087722	mirza
6925	-11.088122	rut
6926	-11.088311	gezondheid
6927	-11.088371	consigli
6928	-11.088597	leggi
6929	-11.088669	denke
6930	-11.088775	பை
6931	-11.088872	ષ
6932	-11.088913	availability
6933	-11.088913	ầ
6934	-11.088913	시
6935	-11.088914	gurgaon
6936	-11.088914	ressourcen
6937	-11.088916	ffectiveness
6938	-11.088930	gefunden
6939	-11.089113	élève
6940	-11.089131	objective
6941	-11.089177	કરે
6942	-11.089367	children
6943	-11.089477	registrado
6944	-11.089522	వారు
6945	-11.089902	yq
6946	-11.090004	जाने
6947	-11.090026	ayudar
6948	-11.090752	erfolgt
6949	-11.091352	ín
6950	-11.091433	ఫ
6951	-11.091533	fast
6952	-11.091831	resultados
6953	-11.092077	אי
6954	-11.092166	observations
6955	-11.092491	এক
6956	-11.093024	ೆಯ
6957	-11.093063	lijkheid
6958	-11.093194	consideratio
6959	-11.093842	ਰੇ
6960	-11.093849	beginnen
6961	-11.093937	asegurar
6962	-11.093949	ഒ
6963	-11.093964	accuracy
6964	-11.093964	février
6965	-11.093964	ludhiana
6966	-11.093964	octobre
6967	-11.093965	pouvons
6968	-11.094013	mysuru
6969	-11.094039	integrity
6970	-11.094040	gedicht
6971	-11.094041	ప్రతి
6972	-11.094066	width
6973	-11.094390	successfully
6974	-11.094447	మాకు
6975	-11.094458	assicurativa
6976	-11.094538	här
6977	-11.094567	tg
6978	-11.094613	ಕೋ
6979	-11.094685	patna
6980	-11.094839	sakta
6981	-11.095723	ಲ್ಲಿ
6982	-11.096008	profession
6983	-11.096250	schicken
6984	-11.096266	öl
6985	-11.096417	genere
6986	-11.096516	zel
6987	-11.096682	vul
6988	-11.096894	بو
6989	-11.097026	ాయి
6990	-11.097043	comprend
6991	-11.097184	્સ
6992	-11.097663	quanto
6993	-11.097820	fk
6994	-11.097951	masculine
6995	-11.097965	profilo
6996	-11.098177	್ಯ
6997	-11.098321	gib
6998	-11.098436	जन
6999	-11.098963	hart
7000	-11.098980	야
7001	-11.099041	istruzioni
7002	-11.099059	sychologique
7003	-11.099062	internship
7004	-11.099062	partagé
7005	-11.099072	durchgeführt
7006	-11.099107	contractor
7007	-11.099115	గో
7008	-11.099321	lucknow
7009	-11.099854	sabse
7010	-11.100270	nutzen
7011	-11.100410	propos
7012	-11.100559	द्
7013	-11.100672	baat
7014	-11.100845	elena
7015	-11.100972	schule
7016	-11.101024	poema
7017	-11.101263	expiry
7018	-11.101755	rakh
7019	-11.101815	légal
7020	-11.102164	jha
7021	-11.102483	solid
7022	-11.103642	ಲ್ಲ
7023	-11.104115	locale
7024	-11.104142	dicembre
7025	-11.104142	sammlung
7026	-11.104142	ప్రధాన
7027	-11.104164	freue
7028	-11.104207	विचार
7029	-11.104241	cuidado
7030	-11.104549	మీకు
7031	-11.104715	insieme
7032	-11.104947	short
7033	-11.105124	ਪਾ
7034	-11.105341	سو
7035	-11.106123	demandé
7036	-11.106756	पि
7037	-11.106902	liquid
7038	-11.107057	waarde
7039	-11.107306	mica
7040	-11.107309	nuestras
7041	-11.107450	nouveaux
7042	-11.107454	effettuato
7043	-11.107499	mejora
7044	-11.107703	റോ
7045	-11.107865	бу
7046	-11.108071	salem
7047	-11.108166	ehr
7048	-11.108346	pati
7049	-11.108488	ਸੰ
7050	-11.108622	clé
7051	-11.108721	ું
7052	-11.108882	acknowledge
7053	-11.108909	డె
7054	-11.109042	klaar
7055	-11.109219	한
7056	-11.109259	ஐ
7057	-11.109270	impegno
7058	-11.109270	normativa
7059	-11.109278	luglio
7060	-11.109281	nashik
7061	-11.109290	kontroll
7062	-11.109306	resultaten
7063	-11.109341	lijst
7064	-11.109396	па
7065	-11.109411	several
7066	-11.109494	pillai
7067	-11.109513	যে
7068	-11.109640	utilize
7069	-11.109836	एस
7070	-11.109893	marc
7071	-11.109900	personnalisé
7072	-11.110604	berger
7073	-11.110682	ayudarme
7074	-11.111501	investor
7075	-11.111522	belangrijk
7076	-11.111567	cara
7077	-11.111730	ലെ
7078	-11.111876	organized
7079	-11.111949	ால்
7080	-11.112343	ബാ
7081	-11.112555	enberg
7082	-11.112570	चि
7083	-11.112825	mei
7084	-11.113093	oj
7085	-11.113457	photos
7086	-11.113979	supporting
7087	-11.114159	god
7088	-11.114367	hona
7089	-11.114425	dehradun
7090	-11.114425	gwalior
7091	-11.114425	कविता
7092	-11.114426	famiglia
7093	-11.114429	algunos
7094	-11.114496	industrie
7095	-11.114742	coping
7096	-11.114743	dubey
7097	-11.114971	seek
7098	-11.114972	ఆర్
7099	-11.115218	vaccination
7100	-11.115237	shop
7101	-11.115390	belle
7102	-11.115614	bak
7103	-11.115731	divers
7104	-11.115793	rap
7105	-11.115971	trivedi
7106	-11.115977	tienes
7107	-11.116038	januar
7108	-11.116209	nam
7109	-11.116875	klein
7110	-11.117520	raf
7111	-11.117619	rob
7112	-11.117651	ൊ
7113	-11.117758	études
7114	-11.117964	done
7115	-11.118026	ಡೆ
7116	-11.118413	signing
7117	-11.118546	taking
7118	-11.118547	vir
7119	-11.118674	ਸਟ
7120	-11.118821	থা
7121	-11.119102	waren
7122	-11.119454	ിച്ച
7123	-11.119572	tam
7124	-11.119600	스
7125	-11.119606	conférence
7126	-11.119606	domicilio
7127	-11.119606	mukherjee
7128	-11.119609	effectuer
7129	-11.119610	library
7130	-11.119610	rajkot
7131	-11.119613	recibir
7132	-11.119623	chennai
7133	-11.119634	muestra
7134	-11.119697	‌లో
7135	-11.119866	incluyendo
7136	-11.120179	ienne
7137	-11.120288	kohli
7138	-11.120462	diners
7139	-11.120482	disorder
7140	-11.120521	semaine
7141	-11.120773	ਦੀਆਂ
7142	-11.120782	ંગ
7143	-11.121388	sq
7144	-11.121612	taux
7145	-11.121624	chia
7146	-11.121886	lernen
7147	-11.122703	yg
7148	-11.122773	conforme
7149	-11.122864	asha
7150	-11.123140	ਹਿ
7151	-11.123542	ijn
7152	-11.123962	تو
7153	-11.124297	गी
7154	-11.124311	ਿੰਗ
7155	-11.124485	gc
7156	-11.124548	fit
7157	-11.124690	छ
7158	-11.124726	grade
7159	-11.124814	beschikbaar
7160	-11.124815	normative
7161	-11.124815	unterstützen
7162	-11.124815	verwaltung
7163	-11.124815	வேண்டும்
7164	-11.124819	istruzione
7165	-11.124819	murthy
7166	-11.124825	logo
7167	-11.124829	बताएं
7168	-11.124848	இசை
7169	-11.124849	confidentiel
7170	-11.125053	cción
7171	-11.125097	betrokken
7172	-11.125329	soporte
7173	-11.125491	torre
7174	-11.125523	או
7175	-11.125588	corr
7176	-11.125590	cookie
7177	-11.125680	exercise
7178	-11.125806	sotto
7179	-11.125828	பற்றி
7180	-11.126209	biotechnolog
7181	-11.126337	cet
7182	-11.126647	inner
7183	-11.127813	entorno
7184	-11.128111	worker
7185	-11.128332	puis
7186	-11.128372	כל
7187	-11.128549	berichte
7188	-11.128716	tool
7189	-11.128726	wijk
7190	-11.128813	સે
7191	-11.128955	ਵਰ
7192	-11.129355	prévu
7193	-11.129477	certifica
7194	-11.129735	tradeid
7195	-11.129851	élèves
7196	-11.130026	ഓ
7197	-11.130050	securities
7198	-11.130057	nagpur
7199	-11.130093	energie
7200	-11.130105	afspraak
7201	-11.130203	کرنے
7202	-11.130425	फोन
7203	-11.130480	rao
7204	-11.130519	wait
7205	-11.130523	niveau
7206	-11.130572	footer
7207	-11.130584	बता
7208	-11.130755	deelnemer
7209	-11.130899	produit
7210	-11.131131	ायला
7211	-11.131335	mitglieder
7212	-11.132069	rag
7213	-11.132147	രു
7214	-11.132174	rück
7215	-11.132520	dance
7216	-11.132544	trasf
7217	-11.132571	globale
7218	-11.132707	pero
7219	-11.132856	பெ
7220	-11.132910	none
7221	-11.133000	focused
7222	-11.133306	resource
7223	-11.133607	wd
7224	-11.133815	utilizar
7225	-11.134182	mere
7226	-11.134250	ouder
7227	-11.134594	ಥ
7228	-11.134624	suggest
7229	-11.134644	abdul
7230	-11.135036	técnicas
7231	-11.135290	ఐ
7232	-11.135313	আপনার
7233	-11.135313	ఓ
7234	-11.135313	సంఖ్య
7235	-11.135314	belgaum
7236	-11.135333	star
7237	-11.135343	aimerais
7238	-11.135345	managing
7239	-11.135364	나는
7240	-11.135405	specifically
7241	-11.136186	ঠ
7242	-11.136325	piece
7243	-11.136341	getting
7244	-11.136396	maxim
7245	-11.136558	pratiques
7246	-11.136715	compétences
7247	-11.137115	rossi
7248	-11.137115	ટા
7249	-11.137146	iente
7250	-11.137160	salt
7251	-11.137356	jardin
7252	-11.137496	fried
7253	-11.137565	presentar
7254	-11.137774	ટે
7255	-11.137893	quali
7256	-11.137921	lisa
7257	-11.138021	aël
7258	-11.138422	lokale
7259	-11.138572	meinem
7260	-11.139039	nathan
7261	-11.139112	regional
7262	-11.139275	cca
7263	-11.139295	schreib
7264	-11.139435	క్స్
7265	-11.139632	erste
7266	-11.139883	לה
7267	-11.140054	తు
7268	-11.140347	font
7269	-11.140404	rech
7270	-11.140480	நகர
7271	-11.140550	dated
7272	-11.140604	alstublieft
7273	-11.140604	enkelvoud
7274	-11.140604	mangaluru
7275	-11.140604	prayagraj
7276	-11.140604	última
7277	-11.140606	erinnerung
7278	-11.140606	fashion
7279	-11.140627	especially
7280	-11.140653	ricevere
7281	-11.140657	création
7282	-11.140676	protective
7283	-11.140742	എന്ന്
7284	-11.140901	बि
7285	-11.140968	miller
7286	-11.141346	mitglied
7287	-11.141725	documented
7288	-11.142108	કાર
7289	-11.142267	hear
7290	-11.142553	arri
7291	-11.142566	nier
7292	-11.142727	cerca
7293	-11.143682	drug
7294	-11.144090	print
7295	-11.144112	gul
7296	-11.144148	benefici
7297	-11.144254	অ্যা
7298	-11.144386	increased
7299	-11.144528	grover
7300	-11.144705	વો
7301	-11.145077	qe
7302	-11.145100	sem
7303	-11.145281	feet
7304	-11.145349	stel
7305	-11.145411	gör
7306	-11.145596	ritu
7307	-11.145755	apporter
7308	-11.145924	envoyez
7309	-11.145924	jodhpur
7310	-11.145924	uchirappalli
7311	-11.145931	seguente
7312	-11.145947	എത്ര
7313	-11.145954	importanza
7314	-11.145999	guntur
7315	-11.146012	ੀਆਂ
7316	-11.146021	ਵੇ
7317	-11.146095	এর
7318	-11.146156	hieronder
7319	-11.146317	inicio
7320	-11.146333	balans
7321	-11.146408	pandey
7322	-11.146409	jc
7323	-11.146457	heart
7324	-11.146765	erode
7325	-11.146894	carbon
7326	-11.146985	ott
7327	-11.147297	mut
7328	-11.147731	cool
7329	-11.147761	markets
7330	-11.147905	iro
7331	-11.147982	kopie
7332	-11.148494	ंट
7333	-11.148749	గల
7334	-11.149235	monto
7335	-11.149299	zf
7336	-11.149421	ಂಡ
7337	-11.150108	motor
7338	-11.150298	voca
7339	-11.150773	suspecte
7340	-11.150868	schap
7341	-11.151170	herman
7342	-11.151248	luci
7343	-11.151271	bestätigt
7344	-11.151271	enhancing
7345	-11.151271	febbraio
7346	-11.151271	isakhapatnam
7347	-11.151271	iscrepancies
7348	-11.151271	samenwerking
7349	-11.151271	అత్యంత
7350	-11.151319	கொ
7351	-11.151322	welkom
7352	-11.151356	devices
7353	-11.151433	போது
7354	-11.151873	ני
7355	-11.151956	aciones
7356	-11.152116	വ്
7357	-11.152368	protected
7358	-11.152601	domani
7359	-11.152806	discharge
7360	-11.153052	مع
7361	-11.153329	assi
7362	-11.153487	geld
7363	-11.153687	connecter
7364	-11.154224	પો
7365	-11.154295	zelf
7366	-11.154442	copie
7367	-11.154836	farm
7368	-11.155425	mstr
7369	-11.155711	ിക്ക
7370	-11.155733	నో
7371	-11.156199	ದೆ
7372	-11.156608	मिल
7373	-11.156613	exhibit
7374	-11.156648	gentilmente
7375	-11.156648	historique
7376	-11.156650	använd
7377	-11.156665	aiutarti
7378	-11.156665	mercato
7379	-11.156668	sollte
7380	-11.156669	vestissement
7381	-11.156682	कोणत्या
7382	-11.156685	meglio
7383	-11.156729	હતા
7384	-11.156807	dont
7385	-11.156855	യു
7386	-11.156919	adventure
7387	-11.157008	upgrade
7388	-11.157144	aspects
7389	-11.157179	acme
7390	-11.157431	naidu
7391	-11.157572	mond
7392	-11.157715	கால
7393	-11.158349	vast
7394	-11.158361	sammenarbeit
7395	-11.158366	फा
7396	-11.158397	están
7397	-11.158690	ancien
7398	-11.160318	enregistré
7399	-11.160529	hör
7400	-11.160670	naik
7401	-11.160698	fortschritt
7402	-11.160836	siva
7403	-11.160847	ervaring
7404	-11.161057	healthy
7405	-11.161729	களுக்கு
7406	-11.161868	cultura
7407	-11.161899	iger
7408	-11.162049	î
7409	-11.162053	descripción
7410	-11.162053	relativi
7411	-11.162053	thompson
7412	-11.162053	vorschriften
7413	-11.162053	എന്തൊക്കെയാണ
7414	-11.162056	cancellation
7415	-11.162057	renewable
7416	-11.162057	जन्म
7417	-11.162129	ving
7418	-11.162156	aufzeichnung
7419	-11.162271	socio
7420	-11.162290	impacto
7421	-11.162416	veteran
7422	-11.162452	guy
7423	-11.162457	charset
7424	-11.162461	nó
7425	-11.162621	vertraulich
7426	-11.162849	plazo
7427	-11.163470	ಕು
7428	-11.163485	ై
7429	-11.163961	فی
7430	-11.164287	secaddress
7431	-11.164366	бы
7432	-11.164690	एं
7433	-11.165022	bancaria
7434	-11.165294	inches
7435	-11.165688	bouw
7436	-11.165699	methoden
7437	-11.165884	plat
7438	-11.165968	િંગ
7439	-11.166274	أن
7440	-11.166767	comportement
7441	-11.166831	selbst
7442	-11.167035	mba
7443	-11.167487	chatterjee
7444	-11.167487	jurisdiction
7445	-11.167487	électronique
7446	-11.167488	tirupati
7447	-11.167494	enrollment
7448	-11.167503	sociaal
7449	-11.167511	tercera
7450	-11.167532	möglichkeit
7451	-11.167541	märz
7452	-11.167566	ਗਿਆ
7453	-11.167609	txn
7454	-11.167618	counterparty
7455	-11.167656	particularly
7456	-11.167669	બી
7457	-11.167756	vid
7458	-11.168053	gebruiken
7459	-11.168931	పొంద
7460	-11.168980	cole
7461	-11.169024	tali
7462	-11.169134	caja
7463	-11.169374	diversi
7464	-11.169620	bab
7465	-11.169628	genom
7466	-11.169917	leden
7467	-11.170094	mille
7468	-11.170469	రం
7469	-11.172189	tent
7470	-11.172724	yj
7471	-11.172831	sarah
7472	-11.172905	ভি
7473	-11.172944	योजना
7474	-11.172952	bengaluru
7475	-11.172952	investimento
7476	-11.172952	voudrais
7477	-11.172953	முறை
7478	-11.172963	bhopal
7479	-11.172972	abraham
7480	-11.172978	betalning
7481	-11.172991	மக்கள்
7482	-11.172996	détaillé
7483	-11.173066	shetty
7484	-11.173232	ಚಿ
7485	-11.173567	rischi
7486	-11.173587	mostrato
7487	-11.173597	ło
7488	-11.174267	qs
7489	-11.175175	ٹا
7490	-11.176916	controle
7491	-11.177201	proof
7492	-11.177367	সময়
7493	-11.177600	typ
7494	-11.177731	ತೆ
7495	-11.178002	cosa
7496	-11.178327	machine
7497	-11.178333	nings
7498	-11.178421	முக்கிய
7499	-11.178447	aggarwal
7500	-11.178447	août
7501	-11.178447	explicit
7502	-11.178447	svizzera
7503	-11.178447	toestemming
7504	-11.178447	verständnis
7505	-11.178447	épargne
7506	-11.178447	ى
7507	-11.178447	डिज़ाइन
7508	-11.178450	intervento
7509	-11.178450	madurai
7510	-11.178590	doctor
7511	-11.178647	कहाँ
7512	-11.178780	professor
7513	-11.178807	kyunki
7514	-11.178822	finanzielle
7515	-11.178891	ställ
7516	-11.179253	presentation
7517	-11.179324	নো
7518	-11.179604	ವರ್
7519	-11.179819	vérifiez
7520	-11.180002	certificato
7521	-11.180198	khanna
7522	-11.180563	sagar
7523	-11.180589	chal
7524	-11.180977	vive
7525	-11.180995	chief
7526	-11.181102	mantenere
7527	-11.181172	तु
7528	-11.181551	ché
7529	-11.181974	рі
7530	-11.182276	পে
7531	-11.182345	altri
7532	-11.182956	anita
7533	-11.183550	binaire
7534	-11.183551	listed
7535	-11.183647	thorough
7536	-11.183949	ವ್
7537	-11.183971	venkatesan
7538	-11.183972	introduce
7539	-11.183972	ф
7540	-11.183979	bevorstehend
7541	-11.183995	castilla
7542	-11.183996	ఇవ్వండి
7543	-11.184068	ഷ്
7544	-11.184170	உள்ளது
7545	-11.184211	planung
7546	-11.184242	retail
7547	-11.184335	weekend
7548	-11.184425	passion
7549	-11.184527	binair
7550	-11.184600	िया
7551	-11.184613	geb
7552	-11.184920	పని
7553	-11.185158	contattaci
7554	-11.185389	taille
7555	-11.185424	fortschritte
7556	-11.185496	ചില
7557	-11.185571	parece
7558	-11.185692	ஜி
7559	-11.185808	sharma
7560	-11.185850	sinha
7561	-11.185928	effectively
7562	-11.186059	नाहीये
7563	-11.186192	spel
7564	-11.186254	traders
7565	-11.186501	دا
7566	-11.186562	frage
7567	-11.187013	syed
7568	-11.187345	neuer
7569	-11.187860	bieden
7570	-11.188180	anonym
7571	-11.188427	hoch
7572	-11.188498	ডা
7573	-11.188538	லாம்
7574	-11.188664	હે
7575	-11.189080	एन
7576	-11.189405	జాబితా
7577	-11.189474	architect
7578	-11.189493	cra
7579	-11.189505	donation
7580	-11.189518	ਓ
7581	-11.189527	amritsar
7582	-11.189527	bhubaneswar
7583	-11.189527	exclusive
7584	-11.189527	feminine
7585	-11.189527	udaipur
7586	-11.189527	ؤ
7587	-11.189527	मदद
7588	-11.189534	engaging
7589	-11.189547	hamesha
7590	-11.189627	gesamt
7591	-11.189633	valore
7592	-11.189635	mediante
7593	-11.189680	ಫ್
7594	-11.189791	bac
7595	-11.189854	viaggio
7596	-11.190187	schu
7597	-11.190311	ту
7598	-11.190385	politiques
7599	-11.190412	cycle
7600	-11.190464	aprile
7601	-11.190712	covered
7602	-11.190769	rog
7603	-11.190800	warranty
7604	-11.191012	venta
7605	-11.191058	tutto
7606	-11.191133	negi
7607	-11.191440	kanpur
7608	-11.191781	utilizzato
7609	-11.191946	februar
7610	-11.192102	among
7611	-11.192241	garanti
7612	-11.192513	শি
7613	-11.192554	alles
7614	-11.192669	baron
7615	-11.193347	uid
7616	-11.193364	ਵੀ
7617	-11.193488	מת
7618	-11.193618	receiver
7619	-11.194036	innen
7620	-11.194189	aged
7621	-11.194584	materiali
7622	-11.194869	linda
7623	-11.195012	verzoek
7624	-11.195113	evidence
7625	-11.195113	obiettivo
7626	-11.195113	potenzial
7627	-11.195114	bedeutung
7628	-11.195114	politiche
7629	-11.195133	ఎప్పుడు
7630	-11.195159	vidéo
7631	-11.195163	prasad
7632	-11.195169	છો
7633	-11.195251	مل
7634	-11.195257	bezug
7635	-11.195391	scritto
7636	-11.195623	bekannt
7637	-11.195926	story
7638	-11.195981	ಜಾ
7639	-11.196216	relazione
7640	-11.196326	compila
7641	-11.196618	sethi
7642	-11.196627	besoins
7643	-11.197824	sud
7644	-11.198245	temp
7645	-11.198317	gioco
7646	-11.198932	mili
7647	-11.198944	viel
7648	-11.199147	vyas
7649	-11.199345	चु
7650	-11.199508	దాని
7651	-11.199534	га
7652	-11.200174	políticas
7653	-11.200175	कु
7654	-11.200731	ắ
7655	-11.200732	dimenticare
7656	-11.200732	exploration
7657	-11.200734	భాగం
7658	-11.200736	functie
7659	-11.200746	prestito
7660	-11.200758	বর
7661	-11.200811	offen
7662	-11.200815	ஃப்
7663	-11.200819	देखते
7664	-11.200848	deutsche
7665	-11.200865	ಮು
7666	-11.201023	तीन
7667	-11.201104	preferences
7668	-11.201584	iana
7669	-11.201597	friend
7670	-11.201738	tó
7671	-11.201880	vostre
7672	-11.201964	stelle
7673	-11.202166	denken
7674	-11.202520	created
7675	-11.202759	own
7676	-11.202768	ூ
7677	-11.202769	gestellt
7678	-11.203575	kim
7679	-11.204262	values
7680	-11.204823	bos
7681	-11.204977	হলে
7682	-11.205392	erfahrung
7683	-11.205856	scale
7684	-11.206176	nada
7685	-11.206346	జె
7686	-11.206381	agradecemos
7687	-11.206381	ghaziabad
7688	-11.206381	présence
7689	-11.206382	bambini
7690	-11.206383	rispetto
7691	-11.206387	परिवार
7692	-11.206396	emergencia
7693	-11.206404	రోజు
7694	-11.206439	బో
7695	-11.206450	repair
7696	-11.206470	mutual
7697	-11.206509	break
7698	-11.206528	thakur
7699	-11.206529	jeu
7700	-11.206715	partijen
7701	-11.206764	parmar
7702	-11.206835	आई
7703	-11.207104	gleich
7704	-11.207189	रख
7705	-11.207312	notfall
7706	-11.207741	ਮਿ
7707	-11.208222	ಗಾ
7708	-11.208228	alert
7709	-11.208257	genre
7710	-11.208441	médical
7711	-11.208489	comentario
7712	-11.208506	technique
7713	-11.208720	ਸਿ
7714	-11.208857	algo
7715	-11.208905	tions
7716	-11.209265	equal
7717	-11.209405	arts
7718	-11.209683	ät
7719	-11.210262	anderen
7720	-11.210787	ುತ್ತದೆ
7721	-11.210988	zzo
7722	-11.211079	sach
7723	-11.211193	karein
7724	-11.211738	য়ে
7725	-11.211854	ওয়া
7726	-11.212041	அமெரிக்க
7727	-11.212053	ః
7728	-11.212063	allahabad
7729	-11.212063	guwahati
7730	-11.212063	ntertainment
7731	-11.212063	surveillance
7732	-11.212063	पहले
7733	-11.212063	ঘ
7734	-11.212067	habilidades
7735	-11.212070	sophia
7736	-11.212096	portale
7737	-11.212110	intensiv
7738	-11.212195	erzustellen
7739	-11.212352	séances
7740	-11.212429	conclu
7741	-11.212842	ே
7742	-11.213514	questi
7743	-11.213732	write
7744	-11.213810	cá
7745	-11.213822	intern
7746	-11.213840	patterns
7747	-11.213853	સી
7748	-11.213892	awb
7749	-11.213902	ghi
7750	-11.214357	hazel
7751	-11.214502	इं
7752	-11.215064	försäkrings
7753	-11.215753	ві
7754	-11.216072	بل
7755	-11.216621	tack
7756	-11.216792	jur
7757	-11.216896	ఉపయోగించ
7758	-11.217248	хо
7759	-11.217482	மெ
7760	-11.217777	aurangabad
7761	-11.217777	communicatie
7762	-11.217777	நிறுவன
7763	-11.217778	varanasi
7764	-11.217778	warangal
7765	-11.217783	அணி
7766	-11.217857	کچھ
7767	-11.217902	પે
7768	-11.217937	shaikh
7769	-11.217953	effet
7770	-11.217965	einrichtung
7771	-11.218089	iq
7772	-11.218208	sandhu
7773	-11.218370	kreditkarte
7774	-11.218518	verificación
7775	-11.218547	र्ड
7776	-11.218548	kauf
7777	-11.218754	guess
7778	-11.218988	đó
7779	-11.219121	willkommen
7780	-11.219472	rah
7781	-11.219834	ين
7782	-11.219962	letzte
7783	-11.220016	futuro
7784	-11.220086	kah
7785	-11.220129	livret
7786	-11.220140	proces
7787	-11.220372	adopt
7788	-11.220428	pagos
7789	-11.220902	riz
7790	-11.221051	programmes
7791	-11.221054	öz
7792	-11.221426	started
7793	-11.221683	thur
7794	-11.221688	familien
7795	-11.222662	krishnan
7796	-11.222992	posto
7797	-11.223001	quick
7798	-11.223118	చె
7799	-11.223252	ду
7800	-11.223515	माझ्या
7801	-11.223524	lakshmi
7802	-11.223525	thiruva
7803	-11.223525	toujours
7804	-11.223526	stichting
7805	-11.223528	från
7806	-11.223633	bienvenue
7807	-11.223680	strategist
7808	-11.223726	alia
7809	-11.223753	plain
7810	-11.223787	robust
7811	-11.223896	sleep
7812	-11.223940	kurian
7813	-11.223994	muster
7814	-11.224068	patil
7815	-11.224146	león
7816	-11.224273	terre
7817	-11.224480	எஸ்
7818	-11.224552	കള
7819	-11.225071	gruppen
7820	-11.225768	agarwal
7821	-11.225906	ojos
7822	-11.226007	ية
7823	-11.226822	ಗಿ
7824	-11.226938	రై
7825	-11.227533	נה
7826	-11.227885	press
7827	-11.227974	welche
7828	-11.228001	arbeits
7829	-11.228096	krist
7830	-11.228367	cambio
7831	-11.228434	verhaltens
7832	-11.228460	restiamo
7833	-11.228510	ardo
7834	-11.228559	बु
7835	-11.228916	யோ
7836	-11.229096	implications
7837	-11.229209	కే
7838	-11.229305	bedingungen
7839	-11.229305	chandigarh
7840	-11.229305	faridabad
7841	-11.229305	nanthapuram
7842	-11.229305	natarajan
7843	-11.229305	పెర్కషన్
7844	-11.229306	choosing
7845	-11.229306	organisatie
7846	-11.229313	ప్రపంచ
7847	-11.229317	diritti
7848	-11.229335	sexuelle
7849	-11.229361	இருந்து
7850	-11.229583	aisa
7851	-11.229619	evaluate
7852	-11.229640	harm
7853	-11.229907	verificatie
7854	-11.230147	dernières
7855	-11.230450	chère
7856	-11.230483	jon
7857	-11.230775	от
7858	-11.230823	ുക
7859	-11.230963	schnell
7860	-11.231385	frank
7861	-11.231429	अलग
7862	-11.231465	accha
7863	-11.231711	haya
7864	-11.231768	effect
7865	-11.231936	secured
7866	-11.232413	பெயர்
7867	-11.232465	selon
7868	-11.233633	added
7869	-11.233856	facture
7870	-11.233989	montre
7871	-11.234170	erstellung
7872	-11.234237	एल
7873	-11.234267	plc
7874	-11.234415	dame
7875	-11.234604	pune
7876	-11.234744	away
7877	-11.234853	complace
7878	-11.235119	kulkarni
7879	-11.235119	vérifié
7880	-11.235131	ಏನು
7881	-11.235143	distance
7882	-11.235145	હતી
7883	-11.235175	ಬೇ
7884	-11.235205	agua
7885	-11.235221	raipur
7886	-11.235286	এটি
7887	-11.235334	માંથી
7888	-11.235483	besser
7889	-11.235588	relax
7890	-11.235673	देख
7891	-11.235806	coordina
7892	-11.235965	miembros
7893	-11.236002	kapoor
7894	-11.236197	ryan
7895	-11.236285	joshi
7896	-11.236564	major
7897	-11.236719	procedere
7898	-11.237449	इसे
7899	-11.237625	fern
7900	-11.238015	louis
7901	-11.238043	angel
7902	-11.238378	iez
7903	-11.239312	eranstaltung
7904	-11.239322	comportament
7905	-11.239456	પ્
7906	-11.239496	nomina
7907	-11.239668	cancel
7908	-11.239803	connaissance
7909	-11.239811	abilidad
7910	-11.240569	চি
7911	-11.240592	porte
7912	-11.240695	лі
7913	-11.240921	kranken
7914	-11.240967	jadhav
7915	-11.240968	réponse
7916	-11.240973	éxito
7917	-11.240975	verschillen
7918	-11.240992	campagne
7919	-11.240995	liaison
7920	-11.241249	februari
7921	-11.241307	detta
7922	-11.241312	airport
7923	-11.241400	schön
7924	-11.242257	hö
7925	-11.242472	cure
7926	-11.242642	ста
7927	-11.242880	र्ट
7928	-11.243228	hang
7929	-11.243372	leven
7930	-11.243579	बन
7931	-11.243717	attempt
7932	-11.243952	ఫి
7933	-11.244308	ár
7934	-11.244392	کن
7935	-11.244418	trop
7936	-11.244453	setup
7937	-11.244653	ப்படுகிறது
7938	-11.244869	સર
7939	-11.244935	bhat
7940	-11.245022	suoi
7941	-11.245179	senator
7942	-11.245419	letto
7943	-11.245879	loi
7944	-11.245892	lí
7945	-11.246744	quarter
7946	-11.246849	anxiety
7947	-11.246849	mudaliar
7948	-11.246851	jalandhar
7949	-11.246853	inoltre
7950	-11.246854	associé
7951	-11.246889	tiwari
7952	-11.246975	அவர்
7953	-11.247000	jos
7954	-11.247055	മെ
7955	-11.247169	mula
7956	-11.247240	किती
7957	-11.247260	financement
7958	-11.247309	করার
7959	-11.247413	maz
7960	-11.247452	realizar
7961	-11.248322	stellung
7962	-11.248376	lingen
7963	-11.248912	utenti
7964	-11.249378	percorso
7965	-11.249405	ದ್ದ
7966	-11.249516	wasser
7967	-11.249564	dividend
7968	-11.249574	reddy
7969	-11.249610	karol
7970	-11.249668	കര
7971	-11.249993	hereto
7972	-11.250328	achten
7973	-11.250482	ಡು
7974	-11.250593	otti
7975	-11.250653	docnum
7976	-11.250844	rod
7977	-11.250983	requis
7978	-11.251017	ਧ
7979	-11.251335	kami
7980	-11.251621	उस
7981	-11.251822	giu
7982	-11.251949	ஓ
7983	-11.252023	லோ
7984	-11.252329	hü
7985	-11.252341	antworten
7986	-11.252359	kä
7987	-11.252767	andalucía
7988	-11.252767	bijgewerkt
7989	-11.252767	convenience
7990	-11.252767	septembre
7991	-11.252767	உருவாக்க
7992	-11.252767	கொடுங்கள்
7993	-11.252769	observed
7994	-11.252769	dedication
7995	-11.252772	ளை
7996	-11.252775	designated
7997	-11.252789	gowda
7998	-11.252810	చేయడానికి
7999	-11.252830	punkt
8000	-11.252912	కీ
8001	-11.253055	prepare
8002	-11.253056	medidas
8003	-11.253291	continuous
8004	-11.253332	mmer
8005	-11.253361	mate
8006	-11.254000	unterricht
8007	-11.254054	archiv
8008	-11.254480	મી
8009	-11.254548	opnemen
8010	-11.254822	glass
8011	-11.255001	notwendig
8012	-11.255033	zeigen
8013	-11.255070	isation
8014	-11.255083	stri
8015	-11.255175	ല്ല
8016	-11.255497	sempre
8017	-11.255591	gö
8018	-11.255631	young
8019	-11.256042	ડે
8020	-11.256212	ansari
8021	-11.256264	vad
8022	-11.256971	small
8023	-11.257602	ுக்கு
8024	-11.257807	richt
8025	-11.258190	ియన్
8026	-11.258209	gebühren
8027	-11.258667	니
8028	-11.258718	category
8029	-11.258718	तुम्हाला
8030	-11.258718	ਤੁਸੀਂ
8031	-11.258718	ồ
8032	-11.258719	kürzlich
8033	-11.258721	analyze
8034	-11.258751	britain
8035	-11.258757	ஆண்டு
8036	-11.258775	mobility
8037	-11.258795	કેવી
8038	-11.258852	string
8039	-11.258899	ultimo
8040	-11.258906	identifizier
8041	-11.259016	effektiv
8042	-11.259107	medici
8043	-11.259162	चार
8044	-11.259445	dinner
8045	-11.259680	کیسے
8046	-11.259872	eure
8047	-11.259902	sale
8048	-11.260206	తీ
8049	-11.260258	ത്തി
8050	-11.260572	marks
8051	-11.261369	kale
8052	-11.261405	influence
8053	-11.261572	miei
8054	-11.262277	davis
8055	-11.262575	rawat
8056	-11.262692	சோ
8057	-11.263042	satz
8058	-11.263197	voer
8059	-11.263542	investments
8060	-11.263612	achha
8061	-11.263620	tandon
8062	-11.264192	erfahren
8063	-11.264371	हाँ
8064	-11.264447	oral
8065	-11.264707	amélioration
8066	-11.264707	esperienze
8067	-11.264707	géographique
8068	-11.264707	orchestrator
8069	-11.264709	fälle
8070	-11.264716	ethics
8071	-11.264770	proper
8072	-11.264848	aayega
8073	-11.264906	mehta
8074	-11.264918	বো
8075	-11.264941	ക്കി
8076	-11.265057	bisht
8077	-11.265127	mayor
8078	-11.265193	verslag
8079	-11.265315	university
8080	-11.265535	spring
8081	-11.265571	maggiori
8082	-11.265635	appena
8083	-11.265894	ग्
8084	-11.265922	ਣਾ
8085	-11.266006	circ
8086	-11.266021	drone
8087	-11.266027	aumento
8088	-11.266258	utiliza
8089	-11.266390	où
8090	-11.266565	ತು
8091	-11.266623	büro
8092	-11.266730	गई
8093	-11.266805	platforms
8094	-11.267074	grey
8095	-11.267628	bearbeiten
8096	-11.268047	ullah
8097	-11.268232	christ
8098	-11.268574	చేయ
8099	-11.268845	anderson
8100	-11.268881	દા
8101	-11.268920	rock
8102	-11.268935	usted
8103	-11.269039	perform
8104	-11.269264	faut
8105	-11.269367	mxn
8106	-11.269456	rechn
8107	-11.269700	fotos
8108	-11.269952	treten
8109	-11.270138	bancaires
8110	-11.270247	radio
8111	-11.270362	در
8112	-11.270457	cata
8113	-11.270543	registri
8114	-11.270685	ث
8115	-11.270731	exciting
8116	-11.270731	financing
8117	-11.270731	gespräch
8118	-11.270731	gurugram
8119	-11.270731	propiedad
8120	-11.270732	großartig
8121	-11.270733	febrero
8122	-11.270736	hussain
8123	-11.270760	monitoraggio
8124	-11.270836	underlying
8125	-11.270876	piacerebbe
8126	-11.270879	ará
8127	-11.271159	couleur
8128	-11.271198	vou
8129	-11.271298	groei
8130	-11.271619	ப்பட்டது
8131	-11.271635	outside
8132	-11.271845	count
8133	-11.271958	ട്ര
8134	-11.272023	மர
8135	-11.272417	रंग
8136	-11.272662	यर
8137	-11.272737	jij
8138	-11.273218	furt
8139	-11.273400	ım
8140	-11.273545	ancora
8141	-11.273727	colore
8142	-11.274024	mora
8143	-11.274036	ബ്
8144	-11.274263	fab
8145	-11.274862	हर
8146	-11.275005	voorstel
8147	-11.275105	valider
8148	-11.275138	proceder
8149	-11.275206	bina
8150	-11.275409	ಪು
8151	-11.276023	menon
8152	-11.276071	collected
8153	-11.276250	તો
8154	-11.276588	venu
8155	-11.276661	ಒ
8156	-11.276668	سٹ
8157	-11.276792	funktion
8158	-11.276792	retirement
8159	-11.276792	srivastava
8160	-11.276792	teilzunehmen
8161	-11.276797	tripathi
8162	-11.276799	failure
8163	-11.276816	vediamo
8164	-11.276870	multiple
8165	-11.276880	টম
8166	-11.277146	affi
8167	-11.277160	stanza
8168	-11.277233	gastos
8169	-11.277456	बर
8170	-11.278003	nez
8171	-11.278084	தே
8172	-11.278190	erklärung
8173	-11.278257	ఎస్
8174	-11.278427	ટો
8175	-11.278705	ൌ
8176	-11.278839	dove
8177	-11.279059	according
8178	-11.279168	asli
8179	-11.279200	প্রতি
8180	-11.279646	गर
8181	-11.280165	propose
8182	-11.280260	because
8183	-11.280891	rine
8184	-11.281337	ताल
8185	-11.281910	canada
8186	-11.282071	tanya
8187	-11.282205	limite
8188	-11.282385	führung
8189	-11.282447	ఇచ్చిన
8190	-11.282800	கார்
8191	-11.282833	nig
8192	-11.282889	ਕਿਵੇਂ
8193	-11.282889	ứ
8194	-11.282890	pertinent
8195	-11.282893	solanki
8196	-11.282906	ghosh
8197	-11.282910	condizioni
8198	-11.282930	créé
8199	-11.282972	ಮೆ
8200	-11.282980	promemoria
8201	-11.283115	اء
8202	-11.283182	sidhu
8203	-11.283195	seminario
8204	-11.283215	erst
8205	-11.283246	দি
8206	-11.283250	ਕੇ
8207	-11.283319	सभी
8208	-11.283457	strength
8209	-11.283481	salaire
8210	-11.283492	ાય
8211	-11.284004	rian
8212	-11.284027	लोक
8213	-11.284092	sarkar
8214	-11.284306	prova
8215	-11.284450	bilan
8216	-11.284644	numeri
8217	-11.284759	ுள்ள
8218	-11.285037	ustedes
8219	-11.285043	કોણ
8220	-11.285087	files
8221	-11.285231	ంది
8222	-11.285241	mittal
8223	-11.285325	uu
8224	-11.285457	stern
8225	-11.285460	বল
8226	-11.285488	ہی
8227	-11.286542	stable
8228	-11.286723	bhatt
8229	-11.287146	roman
8230	-11.287231	volta
8231	-11.287310	మై
8232	-11.287613	ordina
8233	-11.287618	klanten
8234	-11.287620	కర్
8235	-11.287875	zusätzliche
8236	-11.288329	יש
8237	-11.288344	common
8238	-11.288760	venture
8239	-11.288993	ृ
8240	-11.289023	말
8241	-11.289024	ccommodation
8242	-11.289024	obiettivi
8243	-11.289024	progrès
8244	-11.289024	ಎಂದರೆ
8245	-11.289024	ừ
8246	-11.289025	iyengar
8247	-11.289027	gehört
8248	-11.289027	overzicht
8249	-11.289035	newsletter
8250	-11.289042	shukla
8251	-11.289204	venue
8252	-11.289255	तुला
8253	-11.289347	си
8254	-11.289496	envoie
8255	-11.289684	mara
8256	-11.289693	ccio
8257	-11.290270	pii
8258	-11.290317	णार
8259	-11.290433	sort
8260	-11.290671	edge
8261	-11.290726	demain
8262	-11.290798	jeux
8263	-11.290974	sans
8264	-11.291032	progressi
8265	-11.291109	opmerkingen
8266	-11.291320	move
8267	-11.291499	confirme
8268	-11.291731	raw
8269	-11.292068	ıyor
8270	-11.292212	બો
8271	-11.292872	igung
8272	-11.293283	گیا
8273	-11.293396	anual
8274	-11.293801	spende
8275	-11.294004	trouve
8276	-11.294171	exercises
8277	-11.294426	agente
8278	-11.294454	coll
8279	-11.295035	gegeven
8280	-11.295196	oportunidad
8281	-11.295197	succès
8282	-11.295197	अमेरिका
8283	-11.295197	ਵੱਖ
8284	-11.295201	committee
8285	-11.295202	lecture
8286	-11.295213	குறிப்பு
8287	-11.295215	टि
8288	-11.295260	transacción
8289	-11.295567	poder
8290	-11.295568	disposition
8291	-11.295671	troubles
8292	-11.295818	publique
8293	-11.295998	pawar
8294	-11.296135	crist
8295	-11.296439	isso
8296	-11.296610	లై
8297	-11.296675	बो
8298	-11.296700	ാം
8299	-11.296869	volume
8300	-11.296890	esté
8301	-11.297091	launch
8302	-11.297152	breve
8303	-11.297153	bois
8304	-11.297167	మార్
8305	-11.297435	रू
8306	-11.297541	woon
8307	-11.297584	مت
8308	-11.298050	improved
8309	-11.298362	minister
8310	-11.298467	போர்
8311	-11.298491	lately
8312	-11.298896	financière
8313	-11.299347	fail
8314	-11.299351	roles
8315	-11.299618	क्र
8316	-11.299652	раз
8317	-11.299681	creation
8318	-11.299720	মান
8319	-11.299755	least
8320	-11.299933	emma
8321	-11.299933	اف
8322	-11.300428	richtig
8323	-11.300587	author
8324	-11.300812	estrategias
8325	-11.301199	कम
8326	-11.301267	என்பதை
8327	-11.301275	consistent
8328	-11.301300	managed
8329	-11.301311	하
8330	-11.301342	బట్టి
8331	-11.301408	fournisseur
8332	-11.301418	fernandes
8333	-11.301427	kolkata
8334	-11.301441	corre
8335	-11.301444	comunicación
8336	-11.301455	insbesondere
8337	-11.301588	તમે
8338	-11.301632	interactive
8339	-11.301663	richard
8340	-11.301962	relación
8341	-11.301981	कई
8342	-11.302202	regola
8343	-11.302582	arrange
8344	-11.302687	rechtliche
8345	-11.302788	researcher
8346	-11.303137	betalingen
8347	-11.303147	fur
8348	-11.303225	iyer
8349	-11.303366	droits
8350	-11.303601	harsh
8351	-11.303657	नया
8352	-11.303669	zodat
8353	-11.303874	ട്
8354	-11.303939	mana
8355	-11.304033	priya
8356	-11.304502	turn
8357	-11.304811	oost
8358	-11.304922	aime
8359	-11.305124	ऑ
8360	-11.305326	réglement
8361	-11.305382	approv
8362	-11.305429	క్ర
8363	-11.305444	suit
8364	-11.305631	stead
8365	-11.305871	vä
8366	-11.306386	że
8367	-11.306431	শা
8368	-11.306515	há
8369	-11.306723	сто
8370	-11.306769	auer
8371	-11.306835	arti
8372	-11.306843	elijke
8373	-11.306953	ತಾ
8374	-11.307025	sell
8375	-11.307307	ങ്ങള
8376	-11.307433	innovations
8377	-11.307551	présenter
8378	-11.307556	چھ
8379	-11.307626	ها
8380	-11.307658	sesiones
8381	-11.307658	synthetic
8382	-11.307658	tecniche
8383	-11.307659	malhotra
8384	-11.307663	bambino
8385	-11.307671	vandaag
8386	-11.307679	mishra
8387	-11.307679	একজন
8388	-11.307727	bhool
8389	-11.307739	teilnehmen
8390	-11.307825	dopo
8391	-11.307867	clinica
8392	-11.307933	bansal
8393	-11.308080	ё
8394	-11.308471	creato
8395	-11.308573	disclose
8396	-11.308643	remplir
8397	-11.309082	egg
8398	-11.309252	sita
8399	-11.309263	seems
8400	-11.309290	holding
8401	-11.309319	krijgen
8402	-11.309349	rete
8403	-11.309405	handels
8404	-11.309423	एँ
8405	-11.309462	partners
8406	-11.309706	nuevas
8407	-11.310162	activiteiten
8408	-11.310303	repayment
8409	-11.310354	bang
8410	-11.310849	quer
8411	-11.310874	figlio
8412	-11.311152	િત
8413	-11.311667	spot
8414	-11.311837	rupa
8415	-11.312225	another
8416	-11.312234	വേ
8417	-11.312481	sitio
8418	-11.313316	lent
8419	-11.313334	vik
8420	-11.313636	luca
8421	-11.313865	ాలను
8422	-11.313948	omgeving
8423	-11.313948	opportunità
8424	-11.313948	yesterday
8425	-11.313948	उन्हें
8426	-11.313949	prodotto
8427	-11.313949	कितने
8428	-11.313951	livraison
8429	-11.313965	सुश्री
8430	-11.313972	அமெரிக்காவ
8431	-11.313979	forecast
8432	-11.313988	conservation
8433	-11.313994	mentorship
8434	-11.314022	creating
8435	-11.314048	ringraziamo
8436	-11.314106	soumettre
8437	-11.314108	preoccupa
8438	-11.314189	recipe
8439	-11.314814	outils
8440	-11.314937	contiene
8441	-11.315018	petit
8442	-11.315201	senza
8443	-11.315219	mix
8444	-11.315516	ши
8445	-11.315730	partes
8446	-11.315780	comunicar
8447	-11.315788	pathan
8448	-11.315974	nata
8449	-11.316053	platz
8450	-11.316085	த்தி
8451	-11.316107	carica
8452	-11.316555	valued
8453	-11.316711	isda
8454	-11.316813	करा
8455	-11.317110	પી
8456	-11.317583	partij
8457	-11.317884	ेल
8458	-11.318407	डो
8459	-11.318537	usha
8460	-11.318594	ছিলেন
8461	-11.319016	ext
8462	-11.319955	natal
8463	-11.319991	soci
8464	-11.320174	kö
8465	-11.320276	deshmukh
8466	-11.320276	vergadering
8467	-11.320276	게
8468	-11.320276	일
8469	-11.320277	inversión
8470	-11.320287	exemple
8471	-11.320297	finaliser
8472	-11.320303	prevention
8473	-11.320320	enfoque
8474	-11.320351	grund
8475	-11.320359	bhatia
8476	-11.320367	finanzierung
8477	-11.320398	propriété
8478	-11.320443	gültig
8479	-11.320443	intercambio
8480	-11.320445	tailored
8481	-11.320514	पु
8482	-11.320555	pari
8483	-11.320733	ון
8484	-11.320736	outcome
8485	-11.321033	dritte
8486	-11.321248	lori
8487	-11.321318	gebruikt
8488	-11.321371	کار
8489	-11.321414	revision
8490	-11.321639	además
8491	-11.321802	kamath
8492	-11.322459	್
8493	-11.322903	teile
8494	-11.323133	bedrijf
8495	-11.323199	vulnerabilit
8496	-11.323243	clr
8497	-11.323399	arora
8498	-11.323508	devo
8499	-11.323715	controllare
8500	-11.323728	allons
8501	-11.323755	cambia
8502	-11.323949	prego
8503	-11.323970	trace
8504	-11.323981	ông
8505	-11.324145	hablar
8506	-11.324389	schon
8507	-11.324543	banking
8508	-11.324627	astro
8509	-11.324924	स्व
8510	-11.325120	seguire
8511	-11.325204	discussing
8512	-11.325386	cruciale
8513	-11.325904	filing
8514	-11.326628	உரை
8515	-11.326646	bhattacharya
8516	-11.326646	conformément
8517	-11.326646	rodriguez
8518	-11.326646	তৈরি
8519	-11.326646	સાથે
8520	-11.326646	எங்கே
8521	-11.326647	மொழி
8522	-11.326648	fornirmi
8523	-11.326648	ingredient
8524	-11.326649	transexual
8525	-11.326650	pièce
8526	-11.326656	borough
8527	-11.326662	technische
8528	-11.326666	మంచి
8529	-11.326675	agricultural
8530	-11.326720	middle
8531	-11.326806	click
8532	-11.326907	hub
8533	-11.326940	đang
8534	-11.327037	recuerda
8535	-11.327059	yadav
8536	-11.327156	ഹാ
8537	-11.327655	eating
8538	-11.328185	பின்
8539	-11.328238	ियन
8540	-11.328290	concentra
8541	-11.328671	ంత
8542	-11.328750	tische
8543	-11.328857	ਜੀ
8544	-11.329068	fähigkeiten
8545	-11.329190	તી
8546	-11.329191	happen
8547	-11.329380	considering
8548	-11.329474	termina
8549	-11.329700	ડી
8550	-11.329831	தலை
8551	-11.329857	individui
8552	-11.330050	ுகிறது
8553	-11.330143	incidents
8554	-11.330228	க்கும்
8555	-11.330365	pack
8556	-11.330730	marché
8557	-11.330765	regelmäßig
8558	-11.330780	होने
8559	-11.330817	fatto
8560	-11.330935	organi
8561	-11.330986	ética
8562	-11.331355	شا
8563	-11.331693	figure
8564	-11.331748	coop
8565	-11.331957	দেশ
8566	-11.331959	experts
8567	-11.332018	rechtlichen
8568	-11.332064	zorgen
8569	-11.332322	fraud
8570	-11.332435	gam
8571	-11.332532	rado
8572	-11.332696	னர்
8573	-11.332922	wolf
8574	-11.332938	வழி
8575	-11.333051	వ్యక్తి
8576	-11.333055	ৌ
8577	-11.333055	विशेष
8578	-11.333056	respuesta
8579	-11.333056	varghese
8580	-11.333056	संदर्भ
8581	-11.333058	copertura
8582	-11.333061	alternate
8583	-11.333066	symbol
8584	-11.333066	ટ્ર
8585	-11.333067	politik
8586	-11.333071	있어
8587	-11.333078	taylor
8588	-11.333147	సో
8589	-11.333179	blick
8590	-11.333343	targa
8591	-11.333490	accedi
8592	-11.333560	patent
8593	-11.333627	netto
8594	-11.333956	खेळ
8595	-11.334023	mohan
8596	-11.334436	sprach
8597	-11.334587	imposta
8598	-11.334588	ಿಯ
8599	-11.334608	мне
8600	-11.334908	bestellung
8601	-11.335149	घा
8602	-11.335323	vivo
8603	-11.336136	rolle
8604	-11.336686	gül
8605	-11.336715	buona
8606	-11.336991	rencontre
8607	-11.337012	झा
8608	-11.337357	bü
8609	-11.338041	رک
8610	-11.338153	ാന
8611	-11.338160	estos
8612	-11.338407	ਤਰ
8613	-11.338765	perspectives
8614	-11.339132	itna
8615	-11.339271	ouvert
8616	-11.339334	நேர
8617	-11.339508	advocacy
8618	-11.339508	jardín
8619	-11.339508	tâches
8620	-11.339510	absolutely
8621	-11.339510	impatto
8622	-11.339512	secteur
8623	-11.339523	banerjee
8624	-11.339547	હોય
8625	-11.339592	queremos
8626	-11.339606	ವೇ
8627	-11.339615	médicaux
8628	-11.339788	chopra
8629	-11.339890	dutta
8630	-11.339896	இல்
8631	-11.339913	conception
8632	-11.339977	creazione
8633	-11.340018	acqua
8634	-11.340096	ized
8635	-11.340266	inclusive
8636	-11.340310	empfehlen
8637	-11.340340	تھی
8638	-11.340969	upload
8639	-11.341818	arrival
8640	-11.341988	yet
8641	-11.342020	दर
8642	-11.342280	geht
8643	-11.342451	કી
8644	-11.342667	unki
8645	-11.342804	mondal
8646	-11.343010	derechos
8647	-11.343068	בר
8648	-11.343125	signor
8649	-11.343148	lié
8650	-11.343540	tareas
8651	-11.344143	notifica
8652	-11.344491	лу
8653	-11.344775	comfort
8654	-11.345049	ordine
8655	-11.345111	ditt
8656	-11.345216	beim
8657	-11.345266	sä
8658	-11.345308	bara
8659	-11.345650	בי
8660	-11.345823	announce
8661	-11.345941	heures
8662	-11.345969	gusta
8663	-11.346002	académique
8664	-11.346002	augenfarbe
8665	-11.346002	fällig
8666	-11.346002	optimization
8667	-11.346002	rodrigues
8668	-11.346002	überweisung
8669	-11.346003	emocionado
8670	-11.346009	notamment
8671	-11.346025	मार्ग
8672	-11.346043	ક્ષ
8673	-11.346107	dhillon
8674	-11.346111	எனக்குக்
8675	-11.346133	determined
8676	-11.346145	materia
8677	-11.346210	actuelle
8678	-11.346469	న్స్
8679	-11.346594	raum
8680	-11.346619	rizvi
8681	-11.346648	ન્ડ
8682	-11.346820	ayaan
8683	-11.347111	टॉमला
8684	-11.347115	consegna
8685	-11.347249	తీగ
8686	-11.347544	juegos
8687	-11.347657	maand
8688	-11.347870	चं
8689	-11.347986	chester
8690	-11.348413	acquisto
8691	-11.348450	covers
8692	-11.349027	clase
8693	-11.349554	simple
8694	-11.349609	initiated
8695	-11.349710	cir
8696	-11.349728	prüfen
8697	-11.350367	stä
8698	-11.350584	ந்து
8699	-11.350723	usse
8700	-11.350733	ಂದ
8701	-11.350793	deep
8702	-11.350924	checks
8703	-11.351230	ಕರ
8704	-11.351437	doel
8705	-11.351598	ತರ
8706	-11.352142	ernaar
8707	-11.352520	ಬಹುದು
8708	-11.352534	meervoud
8709	-11.352536	ক্স
8710	-11.352537	disposal
8711	-11.352614	प्रति
8712	-11.352697	pereira
8713	-11.352697	sensibles
8714	-11.352767	zustimmung
8715	-11.352974	sentimiento
8716	-11.353070	highway
8717	-11.353079	उनके
8718	-11.353176	division
8719	-11.353223	rapid
8720	-11.353383	district
8721	-11.353383	రణ
8722	-11.353406	middel
8723	-11.353691	hall
8724	-11.353909	burgh
8725	-11.353943	materialien
8726	-11.354710	garten
8727	-11.354827	wä
8728	-11.354837	യൂ
8729	-11.354845	grad
8730	-11.355434	ത്ര
8731	-11.356027	menu
8732	-11.356071	gegeben
8733	-11.356089	यु
8734	-11.356301	consiglia
8735	-11.356526	médecine
8736	-11.356608	remote
8737	-11.356711	commencer
8738	-11.356816	desai
8739	-11.357718	pada
8740	-11.357757	साल
8741	-11.358155	தெ
8742	-11.358303	invita
8743	-11.358317	prendere
8744	-11.358420	deben
8745	-11.358565	foster
8746	-11.358991	veel
8747	-11.359117	boulevard
8748	-11.359117	competitive
8749	-11.359117	gemeenschap
8750	-11.359117	scholarship
8751	-11.359118	cuttack
8752	-11.359118	esempio
8753	-11.359118	gokhale
8754	-11.359210	साझा
8755	-11.359272	dónde
8756	-11.359338	ఏమి
8757	-11.359346	nood
8758	-11.359375	leistung
8759	-11.359489	ants
8760	-11.359552	тома
8761	-11.359840	facilitate
8762	-11.359891	फ्
8763	-11.359971	identifié
8764	-11.360096	medicine
8765	-11.360468	mae
8766	-11.360756	seeking
8767	-11.360867	هل
8768	-11.360889	టే
8769	-11.360991	ப்படும்
8770	-11.361430	build
8771	-11.361436	jain
8772	-11.361539	mali
8773	-11.361543	classes
8774	-11.361939	ટર
8775	-11.362129	marco
8776	-11.362194	ട്ടി
8777	-11.362238	sichere
8778	-11.362423	mitali
8779	-11.362612	साठी
8780	-11.362729	ún
8781	-11.362759	bgeschlossen
8782	-11.362877	sponsabilité
8783	-11.363066	partage
8784	-11.363137	జీ
8785	-11.363382	ball
8786	-11.363829	hegde
8787	-11.363909	ফি
8788	-11.364090	symptoms
8789	-11.364258	misure
8790	-11.364272	ಟೆ
8791	-11.364363	privée
8792	-11.364549	voll
8793	-11.364669	exist
8794	-11.364883	voeren
8795	-11.364915	hcl
8796	-11.365208	shu
8797	-11.365290	political
8798	-11.365577	સિ
8799	-11.365738	ਘ
8800	-11.365739	bijeenkomst
8801	-11.365739	harassment
8802	-11.365739	procedura
8803	-11.365739	scolastica
8804	-11.365739	zindagi
8805	-11.365739	último
8806	-11.365740	gesprek
8807	-11.365748	கருவி
8808	-11.365755	ہوئے
8809	-11.365774	derivative
8810	-11.365777	twice
8811	-11.365785	aircraft
8812	-11.365814	होगी
8813	-11.365842	eregistreerd
8814	-11.365867	verrà
8815	-11.365906	charity
8816	-11.365918	സെ
8817	-11.366052	apr
8818	-11.366111	heureux
8819	-11.366203	পরি
8820	-11.366223	sama
8821	-11.366249	classroom
8822	-11.366287	sample
8823	-11.366362	முடி
8824	-11.366562	executed
8825	-11.366652	remain
8826	-11.366665	யும்
8827	-11.366830	verifique
8828	-11.366864	కల
8829	-11.367014	brauchen
8830	-11.367137	aiutare
8831	-11.367856	ীয়
8832	-11.367869	ਟਰ
8833	-11.368325	surname
8834	-11.368660	rust
8835	-11.368727	ayant
8836	-11.368908	੍
8837	-11.369347	host
8838	-11.369482	keeping
8839	-11.370039	baum
8840	-11.370354	ühl
8841	-11.370380	stark
8842	-11.370438	finanziaria
8843	-11.370612	wesen
8844	-11.370859	juego
8845	-11.371371	களைப்
8846	-11.371995	neha
8847	-11.372186	along
8848	-11.372315	ਰਿ
8849	-11.372355	nehmer
8850	-11.372405	auswirkungen
8851	-11.372405	biblioteca
8852	-11.372405	inscripción
8853	-11.372405	intéressant
8854	-11.372405	riservatezza
8855	-11.372405	হিসাবে
8856	-11.372406	dipartimento
8857	-11.372407	positif
8858	-11.372408	courriel
8859	-11.372409	എന്നിവ
8860	-11.372412	saxena
8861	-11.372417	télé
8862	-11.372424	inscrire
8863	-11.372438	gabriel
8864	-11.372467	promoting
8865	-11.372469	podemos
8866	-11.372476	ಇದು
8867	-11.372619	shuru
8868	-11.372642	inizio
8869	-11.372646	വും
8870	-11.372693	clark
8871	-11.373137	linkbase
8872	-11.373211	ân
8873	-11.373614	basé
8874	-11.373827	tegen
8875	-11.373842	verfahren
8876	-11.373914	essentiel
8877	-11.374053	vinden
8878	-11.374337	erfordert
8879	-11.374505	heit
8880	-11.374812	നോ
8881	-11.374883	ffer
8882	-11.375010	उत्तर
8883	-11.375022	wilson
8884	-11.375381	coming
8885	-11.375886	canton
8886	-11.375976	nir
8887	-11.376729	வது
8888	-11.376763	grave
8889	-11.376770	fattu
8890	-11.376838	lån
8891	-11.376929	लोग
8892	-11.377177	रही
8893	-11.377759	envía
8894	-11.377872	rechte
8895	-11.378448	ajuste
8896	-11.378540	verma
8897	-11.378661	signora
8898	-11.378729	ായി
8899	-11.379005	verifi
8900	-11.379117	borivali
8901	-11.379117	struttura
8902	-11.379117	tactics
8903	-11.379117	यात्रा
8904	-11.379118	secundair
8905	-11.379126	residency
8906	-11.379141	teaching
8907	-11.379158	rezept
8908	-11.379175	rathore
8909	-11.379175	ഭാ
8910	-11.379198	जीवन
8911	-11.379211	contesto
8912	-11.379241	finanziament
8913	-11.379438	కె
8914	-11.379442	località
8915	-11.379568	tagore
8916	-11.379743	goel
8917	-11.380062	versuch
8918	-11.380068	او
8919	-11.380216	fields
8920	-11.380251	indirizzi
8921	-11.380354	टॉमने
8922	-11.381138	nähe
8923	-11.381331	ખા
8924	-11.381369	ಫ
8925	-11.382138	ગો
8926	-11.382195	نہیں
8927	-11.382549	returns
8928	-11.382792	ळा
8929	-11.382824	espero
8930	-11.382830	يا
8931	-11.382923	oog
8932	-11.383080	trail
8933	-11.383297	ಯೇ
8934	-11.383327	ını
8935	-11.383445	మన
8936	-11.383486	vill
8937	-11.383896	નિ
8938	-11.383898	hsr
8939	-11.383961	റെ
8940	-11.384082	dost
8941	-11.384119	glen
8942	-11.384132	groeten
8943	-11.384253	volontari
8944	-11.384392	kris
8945	-11.384467	stratégie
8946	-11.384520	orient
8947	-11.384589	monat
8948	-11.384652	ਕੁ
8949	-11.385011	telephonenum
8950	-11.385044	він
8951	-11.385184	சீ
8952	-11.385324	death
8953	-11.385328	ടെ
8954	-11.385346	chem
8955	-11.385530	china
8956	-11.385696	poor
8957	-11.385874	analytics
8958	-11.385874	cliënt
8959	-11.385874	detaillierte
8960	-11.385874	instructor
8961	-11.385874	terrarium
8962	-11.385874	vorremmo
8963	-11.385874	விளையாட்டு
8964	-11.385876	declaration
8965	-11.385883	attribute
8966	-11.385901	క్రింది
8967	-11.385926	लगता
8968	-11.385937	பொ
8969	-11.386048	registrement
8970	-11.386115	presenza
8971	-11.386146	escolar
8972	-11.386147	emploi
8973	-11.386170	signore
8974	-11.386172	promptly
8975	-11.386288	она
8976	-11.386356	exactly
8977	-11.386458	highlights
8978	-11.386477	enviado
8979	-11.386572	दिया
8980	-11.386625	polisnummer
8981	-11.386910	demander
8982	-11.387338	investigate
8983	-11.387448	melde
8984	-11.387557	flor
8985	-11.387560	definition
8986	-11.387575	schreiben
8987	-11.387578	icherstellen
8988	-11.387665	க்கவும்
8989	-11.387889	gaat
8990	-11.387938	efter
8991	-11.388036	dienste
8992	-11.388541	عام
8993	-11.388935	reserve
8994	-11.389221	individuum
8995	-11.389699	யூ
8996	-11.389855	stabili
8997	-11.389889	ത്ത്
8998	-11.390503	ரின்
8999	-11.390936	על
9000	-11.391367	ದೇಶ
9001	-11.391383	feature
9002	-11.391428	abilità
9003	-11.391462	transactie
9004	-11.391586	gol
9005	-11.391664	ాము
9006	-11.391827	wieder
9007	-11.391976	ucci
9008	-11.391976	ਬਰ
9009	-11.392574	ড়া
9010	-11.392613	therapeut
9011	-11.392619	considera
9012	-11.392667	ظ
9013	-11.392676	chowdary
9014	-11.392676	modifiche
9015	-11.392676	protéger
9016	-11.392676	ਊ
9017	-11.392676	ਦੱਸੋ
9018	-11.392677	qureshi
9019	-11.392677	verbetering
9020	-11.392684	shopping
9021	-11.392687	disaster
9022	-11.392704	condiciones
9023	-11.392736	meny
9024	-11.392775	registriert
9025	-11.392790	assuré
9026	-11.392861	ಕೊ
9027	-11.392866	consultez
9028	-11.392971	mensual
9029	-11.393003	भेजें
9030	-11.393201	achat
9031	-11.393425	hä
9032	-11.393566	performed
9033	-11.393961	ziele
9034	-11.394033	ത്തെ
9035	-11.394136	সম
9036	-11.394421	hani
9037	-11.394443	hören
9038	-11.394520	‌ను
9039	-11.394626	angegeben
9040	-11.394714	تم
9041	-11.394722	யர்
9042	-11.394865	enregistrée
9043	-11.395149	mailing
9044	-11.395446	kindes
9045	-11.395638	ప్ప
9046	-11.395733	milieu
9047	-11.396259	skin
9048	-11.396653	elles
9049	-11.396808	jose
9050	-11.397154	നെ
9051	-11.397561	wall
9052	-11.397621	rze
9053	-11.397758	nisha
9054	-11.398079	slav
9055	-11.398433	सर
9056	-11.398446	produits
9057	-11.399526	gachibowli
9058	-11.399526	impliqué
9059	-11.399526	त्यांना
9060	-11.399526	दिए
9061	-11.399526	దయచేసి
9062	-11.399526	సూచన
9063	-11.399527	benvenuto
9064	-11.399528	outstanding
9065	-11.399529	chronic
9066	-11.399533	interesado
9067	-11.399546	dialect
9068	-11.399546	enthält
9069	-11.399570	bietet
9070	-11.399595	risque
9071	-11.399613	diritto
9072	-11.399794	xlink
9073	-11.399802	spenden
9074	-11.399884	reality
9075	-11.399926	ത്തിന്റെ
9076	-11.399948	andheri
9077	-11.400106	amministra
9078	-11.400315	annuale
9079	-11.400496	onsnummer
9080	-11.400816	mauka
9081	-11.400844	shinde
9082	-11.400985	gestire
9083	-11.400990	ंक
9084	-11.401118	unusual
9085	-11.401603	ണി
9086	-11.401613	gesch
9087	-11.401631	walker
9088	-11.401825	सह
9089	-11.401917	came
9090	-11.402091	foundation
9091	-11.402145	viaje
9092	-11.402272	anusha
9093	-11.402579	dzie
9094	-11.402701	tels
9095	-11.403043	familiar
9096	-11.403222	lynn
9097	-11.403263	brevet
9098	-11.403306	mau
9099	-11.404291	trait
9100	-11.404353	గ్రా
9101	-11.404450	problemas
9102	-11.404693	lange
9103	-11.404709	serv
9104	-11.404881	ăn
9105	-11.405404	nette
9106	-11.405465	actie
9107	-11.405472	mese
9108	-11.405816	ছে
9109	-11.406038	ਮੀ
9110	-11.406056	mediation
9111	-11.406104	вер
9112	-11.406268	चाल
9113	-11.406399	நிற
9114	-11.406400	உலக
9115	-11.406411	도
9116	-11.406422	velachery
9117	-11.406422	अच्छी
9118	-11.406422	ਕਿਹਡ਼ਾ
9119	-11.406422	గుర్తించండిః
9120	-11.406423	deshpande
9121	-11.406423	plaisir
9122	-11.406423	பிரபலமான
9123	-11.406429	risiken
9124	-11.406432	pretty
9125	-11.406495	coordination
9126	-11.406501	athlete
9127	-11.406567	declare
9128	-11.406581	cisgender
9129	-11.406592	rò
9130	-11.406632	inversiones
9131	-11.406684	পু
9132	-11.406906	towers
9133	-11.407010	hone
9134	-11.407013	inspector
9135	-11.407112	ля
9136	-11.407341	nói
9137	-11.407497	vijay
9138	-11.407959	ગા
9139	-11.408123	début
9140	-11.408329	gopal
9141	-11.408425	ogen
9142	-11.408449	uniforme
9143	-11.408669	sang
9144	-11.409203	ುವುದು
9145	-11.409236	mang
9146	-11.409468	transcript
9147	-11.410051	sankt
9148	-11.410415	ನೇ
9149	-11.410495	कला
9150	-11.410868	syl
9151	-11.410872	defect
9152	-11.411499	pdf
9153	-11.411549	meilleure
9154	-11.411913	wing
9155	-11.411949	lezioni
9156	-11.411991	quieres
9157	-11.412357	miembro
9158	-11.412584	apartments
9159	-11.412642	calcul
9160	-11.413183	बार
9161	-11.413204	attiva
9162	-11.413330	पहचान
9163	-11.413364	ঙ্গ
9164	-11.413366	bewerbung
9165	-11.413366	complète
9166	-11.413366	conocimiento
9167	-11.413366	creativity
9168	-11.413366	términos
9169	-11.413366	प्राप्त
9170	-11.413370	jubilee
9171	-11.413377	ங்களின்
9172	-11.413382	pensioen
9173	-11.413532	đư
9174	-11.413614	swamy
9175	-11.413624	went
9176	-11.413653	permission
9177	-11.414340	workplace
9178	-11.414874	ended
9179	-11.414963	தாள
9180	-11.415079	recently
9181	-11.415146	కార్
9182	-11.415312	jal
9183	-11.415542	સો
9184	-11.415668	confirmé
9185	-11.415779	לו
9186	-11.415817	جن
9187	-11.415894	staan
9188	-11.415907	games
9189	-11.416275	ीय
9190	-11.416276	ಸ್ಟ್
9191	-11.416554	യർ
9192	-11.416767	fach
9193	-11.417583	മാർ
9194	-11.417665	paz
9195	-11.418188	impl
9196	-11.418311	medizin
9197	-11.418461	reciente
9198	-11.418800	stoff
9199	-11.418987	juntos
9200	-11.419325	ಯೂ
9201	-11.419359	ਿਕ
9202	-11.419388	certo
9203	-11.419443	wol
9204	-11.419469	hazard
9205	-11.419578	privat
9206	-11.419714	slut
9207	-11.419807	brook
9208	-11.419834	வும்
9209	-11.419953	grün
9210	-11.420137	शे
9211	-11.420229	भर
9212	-11.420237	raju
9213	-11.420360	centimeters
9214	-11.420360	conferenza
9215	-11.420360	improving
9216	-11.420360	prescription
9217	-11.420360	promuovere
9218	-11.420360	ಎಂಬುದನ್ನು
9219	-11.420360	മികച്ച
9220	-11.420361	schmidt
9221	-11.420361	मुख्य
9222	-11.420361	প্রথম
9223	-11.420362	mitigation
9224	-11.420362	ottenere
9225	-11.420364	kamaraj
9226	-11.420366	thakkar
9227	-11.420371	éthique
9228	-11.420382	límite
9229	-11.420422	ಅವರು
9230	-11.420444	மாகும்
9231	-11.420466	assignment
9232	-11.420543	tradition
9233	-11.420570	xxxxxxxx
9234	-11.420592	abcdef
9235	-11.420704	sudah
9236	-11.420758	gravi
9237	-11.420839	referenz
9238	-11.420861	feri
9239	-11.421002	amigo
9240	-11.421138	ಸೆ
9241	-11.421165	virtuelle
9242	-11.421200	ઘ
9243	-11.421258	inspira
9244	-11.421336	smooth
9245	-11.421465	admission
9246	-11.421545	haj
9247	-11.421612	seorang
9248	-11.421660	സ്ക
9249	-11.421782	materiales
9250	-11.422228	historische
9251	-11.422287	này
9252	-11.422301	tab
9253	-11.422530	highly
9254	-11.422651	signalé
9255	-11.423339	pharmaceuti
9256	-11.423543	lavora
9257	-11.423659	beck
9258	-11.423786	नए
9259	-11.423979	informarle
9260	-11.424106	moda
9261	-11.424212	veux
9262	-11.424296	gew
9263	-11.424576	importanti
9264	-11.425273	ше
9265	-11.425327	akash
9266	-11.425567	llama
9267	-11.425755	ional
9268	-11.425831	joindre
9269	-11.425832	vpn
9270	-11.426002	réoccupation
9271	-11.426247	בו
9272	-11.426371	ctualización
9273	-11.426609	liés
9274	-11.426636	అంద
9275	-11.426996	registre
9276	-11.427122	interaction
9277	-11.427159	നം
9278	-11.427182	navigate
9279	-11.427402	janakpuri
9280	-11.427402	kakkanad
9281	-11.427402	landscape
9282	-11.427402	raccolta
9283	-11.427403	müller
9284	-11.427408	adherence
9285	-11.427423	stockholm
9286	-11.427545	உங்கள்
9287	-11.427649	benchmark
9288	-11.427831	durable
9289	-11.427891	ਸੁ
9290	-11.427901	similar
9291	-11.427959	average
9292	-11.428015	ರೇ
9293	-11.428220	ఎం
9294	-11.428630	traité
9295	-11.428891	ர்கள்
9296	-11.429017	boleh
9297	-11.429033	ಸು
9298	-11.429449	word
9299	-11.429486	assure
9300	-11.429682	chiamo
9301	-11.429749	ત્ર
9302	-11.430096	ದ್
9303	-11.430633	cfc
9304	-11.430848	ਲਿ
9305	-11.430928	andra
9306	-11.431008	filled
9307	-11.431022	anlage
9308	-11.431190	યા
9309	-11.431282	civic
9310	-11.431589	horn
9311	-11.432474	બ્
9312	-11.432480	necessari
9313	-11.432538	uff
9314	-11.432675	scott
9315	-11.432775	kunj
9316	-11.432872	yourself
9317	-11.433001	placer
9318	-11.433274	signatures
9319	-11.433602	ஸ்ட
9320	-11.433639	வ்
9321	-11.433666	deposito
9322	-11.434155	veilig
9323	-11.434209	igna
9324	-11.434278	arun
9325	-11.434468	pool
9326	-11.434486	ಃ
9327	-11.434494	versorgung
9328	-11.434494	على
9329	-11.434494	पूजा
9330	-11.434494	फिल्म
9331	-11.434494	பட்டியலை
9332	-11.434494	సహాయం
9333	-11.434496	netzwerk
9334	-11.434497	onderteken
9335	-11.434497	বছর
9336	-11.434503	anomalie
9337	-11.434503	riguardante
9338	-11.434504	membri
9339	-11.434523	सर्वात
9340	-11.434584	दु
9341	-11.434592	rohini
9342	-11.434706	size
9343	-11.434790	meister
9344	-11.434820	ಟರ್
9345	-11.434855	khana
9346	-11.435165	esamina
9347	-11.435564	mention
9348	-11.435569	pilot
9349	-11.435858	વામાં
9350	-11.436073	posta
9351	-11.436146	chart
9352	-11.436902	ಶಾ
9353	-11.436967	constant
9354	-11.437108	நிலை
9355	-11.437175	luck
9356	-11.437497	aspect
9357	-11.438092	kov
9358	-11.438222	conducting
9359	-11.438302	baner
9360	-11.438403	parental
9361	-11.438484	casi
9362	-11.438890	ändern
9363	-11.438970	ير
9364	-11.439086	leader
9365	-11.439204	ał
9366	-11.439299	gru
9367	-11.439753	objectifs
9368	-11.439773	reside
9369	-11.440508	ingresos
9370	-11.441253	grati
9371	-11.441273	joy
9372	-11.441285	मार
9373	-11.441620	ziri
9374	-11.441625	수
9375	-11.441626	antwort
9376	-11.441635	ഖ
9377	-11.441637	chiarimenti
9378	-11.441637	dürfen
9379	-11.441637	indiranagar
9380	-11.441637	कुठे
9381	-11.441638	vergessen
9382	-11.441638	பெரிய
9383	-11.441644	srinivas
9384	-11.441654	ಮೇಲೆ
9385	-11.441671	હતો
9386	-11.441680	pooja
9387	-11.441697	gold
9388	-11.441741	atharv
9389	-11.441870	streven
9390	-11.441882	گی
9391	-11.441930	kraft
9392	-11.441932	parteien
9393	-11.441971	detect
9394	-11.442181	య్య
9395	-11.442371	gün
9396	-11.442440	شن
9397	-11.442624	فر
9398	-11.442672	hijo
9399	-11.442762	owski
9400	-11.442837	izing
9401	-11.442848	kost
9402	-11.442912	ización
9403	-11.443611	edward
9404	-11.443717	gard
9405	-11.444052	proprio
9406	-11.444104	angabe
9407	-11.444535	financières
9408	-11.444761	aires
9409	-11.444774	সের
9410	-11.444776	ായിരുന്നു
9411	-11.444804	requests
9412	-11.445124	так
9413	-11.445702	сти
9414	-11.445735	effects
9415	-11.445887	viola
9416	-11.446380	ಶ್
9417	-11.447600	destin
9418	-11.447675	सम
9419	-11.447709	மிக
9420	-11.447739	luis
9421	-11.447985	estimados
9422	-11.448339	autorizza
9423	-11.448361	schade
9424	-11.448610	institut
9425	-11.448633	ক্র
9426	-11.448831	beautiful
9427	-11.448831	cobertura
9428	-11.448831	scolastico
9429	-11.448831	tambaram
9430	-11.448831	بتائیں
9431	-11.448831	ಉತ್ತಮ
9432	-11.448832	population
9433	-11.448833	সবচেয়ে
9434	-11.448833	restaurant
9435	-11.448835	jayanagar
9436	-11.448839	jayega
9437	-11.448861	bientôt
9438	-11.448865	powai
9439	-11.448870	följande
9440	-11.448906	vorschlag
9441	-11.448908	جاتا
9442	-11.448910	rajput
9443	-11.449104	arb
9444	-11.449155	doesn
9445	-11.449181	appeler
9446	-11.449189	pressure
9447	-11.449298	કરો
9448	-11.449479	ব্যা
9449	-11.449521	adyar
9450	-11.449542	puesto
9451	-11.449829	ான
9452	-11.449883	clause
9453	-11.449892	watch
9454	-11.450047	ರಲ್ಲಿ
9455	-11.450187	enrich
9456	-11.450199	దే
9457	-11.450603	marine
9458	-11.451243	sanitario
9459	-11.451278	tı
9460	-11.451556	ప్రా
9461	-11.451651	ాం
9462	-11.451853	individus
9463	-11.451922	stefan
9464	-11.451988	seweg
9465	-11.452384	গা
9466	-11.452506	personas
9467	-11.452516	gain
9468	-11.452642	kinderen
9469	-11.452702	ట్లు
9470	-11.452894	iitd
9471	-11.452966	oye
9472	-11.452994	marque
9473	-11.453007	scambio
9474	-11.453114	bevestig
9475	-11.453402	tres
9476	-11.453694	द्या
9477	-11.453987	books
9478	-11.454032	arch
9479	-11.454055	champ
9480	-11.455140	pression
9481	-11.455979	ਦਰ
9482	-11.455987	সালে
9483	-11.456077	ഥ
9484	-11.456078	compliant
9485	-11.456078	guarantee
9486	-11.456078	impegna
9487	-11.456078	mohammed
9488	-11.456078	ondersteunen
9489	-11.456078	physique
9490	-11.456078	psicologico
9491	-11.456078	richtlijnen
9492	-11.456078	wetgeving
9493	-11.456078	œuvre
9494	-11.456078	रिकॉर्ड
9495	-11.456078	सिविल
9496	-11.456079	progetti
9497	-11.456079	retention
9498	-11.456112	iniziativa
9499	-11.456115	corretto
9500	-11.456116	pranav
9501	-11.456127	מש
9502	-11.456128	bilancio
9503	-11.456141	ष्ट
9504	-11.456166	gupta
9505	-11.456213	ఆఫ్
9506	-11.456277	jackson
9507	-11.456312	select
9508	-11.456454	akhil
9509	-11.456467	કરી
9510	-11.456552	ueber
9511	-11.456567	impression
9512	-11.456698	gebühr
9513	-11.456789	belopp
9514	-11.456825	emplacement
9515	-11.456940	హి
9516	-11.457111	ंस
9517	-11.457171	rath
9518	-11.457184	utilisateurs
9519	-11.457215	vostri
9520	-11.457229	harish
9521	-11.457429	envoyés
9522	-11.457509	જી
9523	-11.457515	करू
9524	-11.457582	acchi
9525	-11.457639	many
9526	-11.457874	beni
9527	-11.458132	demographics
9528	-11.458156	viman
9529	-11.458192	lease
9530	-11.458198	comprendre
9531	-11.458237	gatan
9532	-11.458245	fol
9533	-11.458279	våra
9534	-11.458924	href
9535	-11.459102	חו
9536	-11.459559	pura
9537	-11.459635	zahlen
9538	-11.459651	జర్
9539	-11.459874	heights
9540	-11.459887	palak
9541	-11.459915	lica
9542	-11.460013	attempts
9543	-11.460067	ransacciones
9544	-11.460316	oq
9545	-11.460364	rhein
9546	-11.460378	proyectos
9547	-11.460491	زی
9548	-11.461365	tratta
9549	-11.461571	পারে
9550	-11.461575	nick
9551	-11.461661	bagh
9552	-11.461807	گو
9553	-11.461815	మం
9554	-11.461843	usar
9555	-11.462040	meter
9556	-11.462111	player
9557	-11.462656	शास्त्री
9558	-11.462812	trouble
9559	-11.462862	abbia
9560	-11.462908	ലോ
9561	-11.462949	ਡਾ
9562	-11.462966	ਕਸ
9563	-11.463077	prompt
9564	-11.463095	फे
9565	-11.463377	beaucoup
9566	-11.463377	chakraborty
9567	-11.463377	chaudhary
9568	-11.463377	competenze
9569	-11.463377	désolé
9570	-11.463377	proteggere
9571	-11.463377	religious
9572	-11.463377	transparency
9573	-11.463377	vereinbaren
9574	-11.463377	गांधी
9575	-11.463377	વધુ
9576	-11.463380	siddiqui
9577	-11.463380	verzamel
9578	-11.463384	avenida
9579	-11.463385	brabant
9580	-11.463387	kavitha
9581	-11.463417	double
9582	-11.463509	प्रिया
9583	-11.463641	வகை
9584	-11.463694	कुमारी
9585	-11.463767	degree
9586	-11.463778	sole
9587	-11.464158	nidhi
9588	-11.464178	చు
9589	-11.464430	ਮੈਂ
9590	-11.464570	transaktions
9591	-11.464746	minor
9592	-11.465043	mereka
9593	-11.465207	contenu
9594	-11.465450	nivas
9595	-11.465557	admin
9596	-11.465678	financiero
9597	-11.466045	leave
9598	-11.466259	சை
9599	-11.466395	vertrags
9600	-11.466413	dient
9601	-11.466443	bow
9602	-11.466640	দু
9603	-11.466857	albert
9604	-11.467012	teri
9605	-11.467046	branding
9606	-11.467253	selvam
9607	-11.467299	பீ
9608	-11.467324	tecnologia
9609	-11.468024	रु
9610	-11.468163	fois
9611	-11.468580	agne
9612	-11.468719	arjun
9613	-11.468884	ਸ਼ਾ
9614	-11.468945	leren
9615	-11.469039	ചെയ്യ
9616	-11.469317	sponsabilità
9617	-11.469426	گر
9618	-11.470288	ний
9619	-11.470379	corn
9620	-11.470626	sensible
9621	-11.470709	sponsor
9622	-11.470730	artículo
9623	-11.470730	influenza
9624	-11.470730	probleem
9625	-11.470730	récemment
9626	-11.470730	réclamation
9627	-11.470730	शब्द
9628	-11.470730	వయస్సు
9629	-11.470731	inserire
9630	-11.470737	inviarmi
9631	-11.470737	twitter
9632	-11.470740	હતું
9633	-11.470783	authority
9634	-11.470799	mountain
9635	-11.470801	apakah
9636	-11.470812	vikram
9637	-11.470930	ఉన్నారు
9638	-11.470945	arising
9639	-11.470945	কোনটি
9640	-11.471150	liga
9641	-11.471242	therefore
9642	-11.471251	kamp
9643	-11.471408	vasant
9644	-11.472008	دہ
9645	-11.472231	shankar
9646	-11.472649	ப்பட
9647	-11.472673	hardik
9648	-11.472769	importantes
9649	-11.472790	unknown
9650	-11.472812	mí
9651	-11.472857	tiro
9652	-11.473183	schl
9653	-11.473194	informa
9654	-11.473548	easy
9655	-11.473721	drink
9656	-11.474371	وس
9657	-11.474484	patiënten
9658	-11.474663	ਰਾਜ
9659	-11.474787	geschäfts
9660	-11.475079	प्रा
9661	-11.475757	hasta
9662	-11.475945	function
9663	-11.475996	rino
9664	-11.476093	figli
9665	-11.476391	ਗਾ
9666	-11.476461	lösung
9667	-11.477058	sayani
9668	-11.477674	designs
9669	-11.477746	gym
9670	-11.477910	roni
9671	-11.477965	rom
9672	-11.478047	अंतर
9673	-11.478090	activo
9674	-11.478116	ಐ
9675	-11.478137	zentrum
9676	-11.478137	überwachung
9677	-11.478137	किंवा
9678	-11.478137	निम्नलिखित
9679	-11.478137	प्रसिद्ध
9680	-11.478138	conversación
9681	-11.478141	banjara
9682	-11.478142	చేసిన
9683	-11.478147	triplex
9684	-11.478147	whether
9685	-11.478148	కొత్త
9686	-11.478149	legacy
9687	-11.478150	residential
9688	-11.478151	membro
9689	-11.478155	praveen
9690	-11.478167	speaker
9691	-11.478168	whatsapp
9692	-11.478301	అనేక
9693	-11.478312	plein
9694	-11.478326	ਕੀਤੀ
9695	-11.478347	आयु
9696	-11.478354	anjali
9697	-11.478422	sarebbe
9698	-11.478668	insurer
9699	-11.478694	housing
9700	-11.478718	किए
9701	-11.478820	tablissement
9702	-11.478926	preis
9703	-11.479230	virtuel
9704	-11.479252	ക്ര
9705	-11.479565	transacties
9706	-11.479640	هو
9707	-11.479805	valide
9708	-11.479920	পর
9709	-11.480161	natur
9710	-11.480356	busy
9711	-11.480609	ುತ್ತವೆ
9712	-11.480801	regelmäßige
9713	-11.481066	gardens
9714	-11.481088	wick
9715	-11.481213	उन
9716	-11.481574	एम
9717	-11.481589	ਹਾਂ
9718	-11.481631	తం
9719	-11.481875	suivants
9720	-11.481904	concerne
9721	-11.482148	anmelde
9722	-11.482358	transfert
9723	-11.482446	ند
9724	-11.483225	ہوں
9725	-11.483340	റ്റി
9726	-11.483429	terminant
9727	-11.484025	മായി
9728	-11.484164	vermeld
9729	-11.484255	tree
9730	-11.484302	adjunto
9731	-11.484458	continued
9732	-11.484996	rechten
9733	-11.485078	ન્ટ
9734	-11.485126	படி
9735	-11.485181	vote
9736	-11.485279	ਖਾ
9737	-11.485457	llevar
9738	-11.485470	ொடுக்கப்பட்ட
9739	-11.485478	संख्या
9740	-11.485576	라
9741	-11.485600	particulier
9742	-11.485600	vastrapur
9743	-11.485600	زیادہ
9744	-11.485600	বলুন
9745	-11.485600	எவ்வாறு
9746	-11.485600	பெற
9747	-11.485600	అవసరం
9748	-11.485600	freight
9749	-11.485602	scuole
9750	-11.485602	ಅವರ
9751	-11.485604	vaishali
9752	-11.485611	desideriamo
9753	-11.485625	département
9754	-11.485628	keerthi
9755	-11.485633	بہت
9756	-11.485649	pillay
9757	-11.485673	weather
9758	-11.485674	quar
9759	-11.485944	sameer
9760	-11.486178	occupation
9761	-11.486182	modifica
9762	-11.486380	approche
9763	-11.486445	diesen
9764	-11.486539	inclure
9765	-11.486586	cherche
9766	-11.486597	detallado
9767	-11.486738	download
9768	-11.486905	motivation
9769	-11.486905	tanmay
9770	-11.487019	తారు
9771	-11.487296	માન
9772	-11.487315	horario
9773	-11.487332	rejoindre
9774	-11.487473	candidate
9775	-11.487477	comité
9776	-11.487544	esperto
9777	-11.487816	phir
9778	-11.487885	mening
9779	-11.488013	programmato
9780	-11.488368	recept
9781	-11.488379	rama
9782	-11.488441	દર
9783	-11.488752	essai
9784	-11.488999	ться
9785	-11.489295	উপ
9786	-11.489543	financier
9787	-11.489611	્ટ
9788	-11.489811	willing
9789	-11.489916	ಭಾಗ
9790	-11.490154	loft
9791	-11.490230	veiligheid
9792	-11.490246	ಚ್
9793	-11.490575	continuo
9794	-11.490990	ಪದ
9795	-11.491229	volgens
9796	-11.491299	би
9797	-11.491356	burn
9798	-11.491394	पानी
9799	-11.491430	seguros
9800	-11.491995	തെ
9801	-11.492058	cookies
9802	-11.492782	ತ್ತ
9803	-11.492833	رہ
9804	-11.493073	effettua
9805	-11.493073	श्री
9806	-11.493092	ಮೊದಲ
9807	-11.493118	dipendenti
9808	-11.493118	mansarovar
9809	-11.493118	techmahindra
9810	-11.493118	ਕੌਣ
9811	-11.493121	malattie
9812	-11.493125	voortgang
9813	-11.493126	excelente
9814	-11.493127	लोकप्रिय
9815	-11.493134	zürich
9816	-11.493142	madhav
9817	-11.493143	fehler
9818	-11.493145	gemacht
9819	-11.493145	lajpat
9820	-11.493148	zusammenhang
9821	-11.493174	কিভাবে
9822	-11.493278	cabin
9823	-11.493297	howrah
9824	-11.493318	ਜਾਂਦਾ
9825	-11.493319	ਕੀਤਾ
9826	-11.493337	ਬੀ
9827	-11.493411	adjust
9828	-11.493739	looks
9829	-11.493968	ಕಾರ್
9830	-11.494002	früh
9831	-11.494206	verantwoorde
9832	-11.494446	prove
9833	-11.494504	lezione
9834	-11.494715	mieux
9835	-11.495122	implementar
9836	-11.495344	matters
9837	-11.495673	nica
9838	-11.495871	vivek
9839	-11.495988	aundh
9840	-11.496114	legales
9841	-11.496233	zones
9842	-11.496554	projets
9843	-11.496734	werkt
9844	-11.496911	ದಿಂದ
9845	-11.496912	নু
9846	-11.496950	révision
9847	-11.497073	rend
9848	-11.497284	bedrijfs
9849	-11.497355	laboral
9850	-11.498400	sound
9851	-11.498405	rán
9852	-11.498437	ഗാ
9853	-11.498484	મિ
9854	-11.498546	entrega
9855	-11.498554	കാര
9856	-11.499071	varun
9857	-11.499701	porter
9858	-11.499760	వచ్చ
9859	-11.499825	نس
9860	-11.500038	bier
9861	-11.500202	సై
9862	-11.500283	ডে
9863	-11.500316	ault
9864	-11.500422	clara
9865	-11.500477	ratio
9866	-11.500516	پا
9867	-11.500561	িয়ে
9868	-11.500648	formale
9869	-11.500694	eligible
9870	-11.500694	heavenly
9871	-11.500694	maître
9872	-11.500694	શ્રેષ્ઠ
9873	-11.500694	ഖണ്ഡിക
9874	-11.500695	ઉપયોગ
9875	-11.500696	résident
9876	-11.500699	दुनिया
9877	-11.500701	pratiche
9878	-11.500704	ياني
9879	-11.500715	risposta
9880	-11.500716	संग्रह
9881	-11.500731	היא
9882	-11.500773	ಯಾವಾಗ
9883	-11.500783	angebot
9884	-11.500791	gentili
9885	-11.501019	توم
9886	-11.501219	establecer
9887	-11.501332	त्याला
9888	-11.501360	fabric
9889	-11.501431	வரை
9890	-11.501648	നു
9891	-11.501649	tcs
9892	-11.501930	emilia
9893	-11.502007	ದಿನ
9894	-11.502141	sibl
9895	-11.502258	ాలని
9896	-11.502293	seller
9897	-11.502324	של
9898	-11.502436	connected
9899	-11.502563	bsn
9900	-11.502829	sahil
9901	-11.502847	bonds
9902	-11.503133	agenda
9903	-11.503192	yash
9904	-11.503195	alte
9905	-11.503258	णे
9906	-11.503868	कडे
9907	-11.503885	yana
9908	-11.504201	hash
9909	-11.504618	کل
9910	-11.504817	consiglio
9911	-11.505049	buku
9912	-11.505367	kept
9913	-11.505436	signal
9914	-11.506024	initi
9915	-11.506145	veranstalt
9916	-11.506595	loire
9917	-11.506886	ల్స్
9918	-11.507236	dze
9919	-11.507461	baker
9920	-11.507707	ைப்
9921	-11.508001	werd
9922	-11.508327	occasion
9923	-11.508327	എന്തുകൊണ്ടാണ
9924	-11.508329	ejemplo
9925	-11.508330	betrieb
9926	-11.508331	naleving
9927	-11.508334	dhruv
9928	-11.508346	intranet
9929	-11.508350	ಗಳಿವೆ
9930	-11.508354	disruption
9931	-11.508360	ಮಾರ್ಗ
9932	-11.508363	yield
9933	-11.508384	anpassung
9934	-11.508466	మంది
9935	-11.508555	afecta
9936	-11.508640	পো
9937	-11.508646	deiner
9938	-11.508657	beter
9939	-11.508696	waqt
9940	-11.508714	sourav
9941	-11.508894	pickup
9942	-11.508907	encanta
9943	-11.509054	suspect
9944	-11.509292	betaal
9945	-11.509363	dosage
9946	-11.509870	llevará
9947	-11.510074	indicates
9948	-11.510607	outreach
9949	-11.510665	फि
9950	-11.510712	ית
9951	-11.510900	zaak
9952	-11.511003	deepak
9953	-11.511119	haft
9954	-11.511170	geräte
9955	-11.511309	veiligheids
9956	-11.511537	donor
9957	-11.511853	outdoor
9958	-11.511986	ుల
9959	-11.512035	egistrierung
9960	-11.512089	ಎಂ
9961	-11.512098	ಾಗಿ
9962	-11.512432	tara
9963	-11.512718	premier
9964	-11.512742	తె
9965	-11.513014	entire
9966	-11.513122	ચા
9967	-11.513339	ప్రారంభ
9968	-11.513432	attivo
9969	-11.513529	experienced
9970	-11.513577	ಫಿ
9971	-11.513747	काल
9972	-11.513770	signé
9973	-11.513944	segui
9974	-11.514000	سن
9975	-11.514141	brian
9976	-11.514285	мы
9977	-11.514364	logic
9978	-11.514815	strategien
9979	-11.515027	störung
9980	-11.515053	لي
9981	-11.515285	gesetze
9982	-11.515365	نو
9983	-11.515582	pergi
9984	-11.515686	humein
9985	-11.515917	있
9986	-11.516020	madhapur
9987	-11.516020	ਨਹੀਂ
9988	-11.516020	ਵਿੱਚੋਂ
9989	-11.516021	accueillir
9990	-11.516022	frequent
9991	-11.516025	कार्यक्रम
9992	-11.516026	ਕੁਝ
9993	-11.516033	chauhan
9994	-11.516038	கால்பந்து
9995	-11.516040	वाद्य
9996	-11.516041	gérer
9997	-11.516047	mahesh
9998	-11.516071	qualität
9999	-11.516076	capture
10000	-11.516086	rückmeldung
10001	-11.516097	supervision
10002	-11.516098	aplicación
10003	-11.516106	opinione
10004	-11.516111	நாடு
10005	-11.516179	pallavi
10006	-11.516189	whitefield
10007	-11.516236	actuellement
10008	-11.516262	ांची
10009	-11.516343	उनकी
10010	-11.516408	governing
10011	-11.516450	properly
10012	-11.516484	র্ম
10013	-11.516530	zertifizier
10014	-11.516777	તિ
10015	-11.516784	expense
10016	-11.517381	ஷ
10017	-11.517491	wang
10018	-11.517499	logon
10019	-11.517956	impf
10020	-11.518077	mayur
10021	-11.518266	useragent
10022	-11.518711	קו
10023	-11.518770	saket
10024	-11.518972	irfan
10025	-11.519043	presented
10026	-11.519109	inzichten
10027	-11.519156	eerste
10028	-11.519207	caused
10029	-11.519252	çok
10030	-11.519451	bukan
10031	-11.519495	तात
10032	-11.519544	valle
10033	-11.519713	عد
10034	-11.519757	esame
10035	-11.519903	kiara
10036	-11.520038	umfrage
10037	-11.520089	dadar
10038	-11.520123	scheint
10039	-11.520179	пі
10040	-11.520323	abend
10041	-11.520512	स्क
10042	-11.520860	beratungs
10043	-11.520897	reaching
10044	-11.520918	पड
10045	-11.520996	timely
10046	-11.521161	ോൺ
10047	-11.521571	হি
10048	-11.521611	ankur
10049	-11.521618	ন্ত
10050	-11.522348	alten
10051	-11.522449	ಕ್ಯಾ
10052	-11.522885	raad
10053	-11.522999	apport
10054	-11.523159	gesti
10055	-11.523334	ਮੇ
10056	-11.523734	ಏ
10057	-11.523767	கட்ட
10058	-11.523772	ballygunge
10059	-11.523772	नेहरू
10060	-11.523772	ఉంటాయి
10061	-11.523772	ಅತ್ಯುತ್ತಮ
10062	-11.523773	beiträge
10063	-11.523774	geschrieben
10064	-11.523776	crescita
10065	-11.523776	harpreet
10066	-11.523777	divyashree
10067	-11.523801	franchise
10068	-11.523803	hazardous
10069	-11.523816	stipula
10070	-11.523821	harvest
10071	-11.523837	stappen
10072	-11.523904	సీ
10073	-11.523996	rajesh
10074	-11.524004	aiuta
10075	-11.524008	christian
10076	-11.524070	ನೋ
10077	-11.524094	parker
10078	-11.524160	दिल
10079	-11.524245	bella
10080	-11.524329	సంవత్సరాల
10081	-11.524447	empleado
10082	-11.524451	partnership
10083	-11.524464	enhanced
10084	-11.524640	laboratorio
10085	-11.524689	prise
10086	-11.524937	répondre
10087	-11.525405	mom
10088	-11.525892	avtal
10089	-11.526425	vashi
10090	-11.526505	maladies
10091	-11.526668	mass
10092	-11.526752	kavita
10093	-11.526759	ਸਨ
10094	-11.526928	స్తా
10095	-11.527159	ananya
10096	-11.527796	propri
10097	-11.528158	lieber
10098	-11.528285	impacts
10099	-11.528502	glas
10100	-11.528607	premie
10101	-11.528675	చూ
10102	-11.528696	contro
10103	-11.529043	zing
10104	-11.529284	गि
10105	-11.530433	ड्र
10106	-11.530499	rial
10107	-11.530551	mö
10108	-11.530807	టై
10109	-11.530828	methode
10110	-11.530841	investors
10111	-11.531231	वार
10112	-11.531394	groß
10113	-11.531585	algorithm
10114	-11.531585	execution
10115	-11.531585	gemeinschaft
10116	-11.531585	hjälp
10117	-11.531585	murugan
10118	-11.531585	séminaire
10119	-11.531585	आम्ही
10120	-11.531585	लाजपत
10121	-11.531585	ತಂತಿ
10122	-11.531586	তালিকা
10123	-11.531587	überweisen
10124	-11.531617	ഫി
10125	-11.531618	autorisé
10126	-11.531633	disposición
10127	-11.531647	salaris
10128	-11.531650	ਤਾਂ
10129	-11.531670	pradeep
10130	-11.531672	teja
10131	-11.531683	pendiente
10132	-11.531747	écrit
10133	-11.531769	faisal
10134	-11.531791	stima
10135	-11.531850	కూ
10136	-11.531869	réussi
10137	-11.531878	appear
10138	-11.531924	educatieve
10139	-11.532053	medium
10140	-11.532145	logement
10141	-11.532145	moyen
10142	-11.532427	mort
10143	-11.532677	janaki
10144	-11.532769	laura
10145	-11.532799	пере
10146	-11.532913	sensor
10147	-11.533024	अब
10148	-11.533033	ছ
10149	-11.533304	auditor
10150	-11.533343	blanc
10151	-11.533567	sü
10152	-11.533616	rupali
10153	-11.533850	docente
10154	-11.534301	cast
10155	-11.534422	fonction
10156	-11.534876	throughout
10157	-11.534895	rff
10158	-11.535049	ieri
10159	-11.535453	అందించ
10160	-11.535702	hoog
10161	-11.536137	assicura
10162	-11.536222	dry
10163	-11.536568	lauren
10164	-11.536636	ভে
10165	-11.536648	दिन
10166	-11.536773	commenti
10167	-11.537202	buyer
10168	-11.537533	fino
10169	-11.537826	charles
10170	-11.538394	মু
10171	-11.538507	ਇੰ
10172	-11.538529	ജി
10173	-11.538612	పే
10174	-11.539165	applica
10175	-11.539458	connessione
10176	-11.539458	hazratganj
10177	-11.539458	intervención
10178	-11.539458	invitiamo
10179	-11.539458	malleshwaram
10180	-11.539458	vrijwilliger
10181	-11.539458	استعمال
10182	-11.539458	ಉಲ್ಲೇಖ
10183	-11.539459	bescherming
10184	-11.539459	समूह
10185	-11.539461	reyansh
10186	-11.539461	ਖੇਡ
10187	-11.539466	olvides
10188	-11.539467	शुरू
10189	-11.539474	மாநில
10190	-11.539489	injury
10191	-11.539503	regulaciones
10192	-11.539503	பத்தியில்
10193	-11.539508	sociedad
10194	-11.539509	kata
10195	-11.539514	nikhil
10196	-11.539531	меня
10197	-11.539558	આપો
10198	-11.539597	mensuel
10199	-11.539600	பத்தி
10200	-11.539624	aandacht
10201	-11.539679	meera
10202	-11.539762	estas
10203	-11.539766	governed
10204	-11.539773	ஜெ
10205	-11.539786	pehle
10206	-11.539893	enseignants
10207	-11.540154	gelesen
10208	-11.540423	oversee
10209	-11.540546	ులు
10210	-11.540962	crise
10211	-11.540967	ramu
10212	-11.541087	ová
10213	-11.541202	rohit
10214	-11.541467	viene
10215	-11.541741	व्या
10216	-11.541783	venti
10217	-11.541813	remind
10218	-11.541850	badge
10219	-11.541901	prenota
10220	-11.541914	accepte
10221	-11.541924	salva
10222	-11.541924	़
10223	-11.542117	trong
10224	-11.542347	vatten
10225	-11.542376	enlace
10226	-11.542519	مار
10227	-11.542575	ologia
10228	-11.542718	વર્
10229	-11.542777	sakti
10230	-11.542825	আই
10231	-11.543326	informeren
10232	-11.543776	weise
10233	-11.543896	കാർ
10234	-11.544056	mmédiatement
10235	-11.544235	कारण
10236	-11.544307	সং
10237	-11.544403	hér
10238	-11.544420	സോ
10239	-11.544496	voy
10240	-11.544844	ష్ట
10241	-11.544946	सर्व
10242	-11.545232	estrategia
10243	-11.545269	aprender
10244	-11.545305	adjustments
10245	-11.545539	سال
10246	-11.545604	essentielle
10247	-11.545641	ుతుంది
10248	-11.545671	ಶಿ
10249	-11.546229	holt
10250	-11.546567	eerde
10251	-11.546617	ہر
10252	-11.546742	schaden
10253	-11.546879	பட்ட
10254	-11.546932	vega
10255	-11.547064	hus
10256	-11.547387	spend
10257	-11.547395	diskutieren
10258	-11.547395	rejoignez
10259	-11.547395	குழந்தை
10260	-11.547395	ಪ್ಯಾರಾಗ್ರಾಫ್
10261	-11.547396	madhuri
10262	-11.547396	malviya
10263	-11.547400	advocate
10264	-11.547401	mairesse
10265	-11.547403	কখন
10266	-11.547405	voorwaarden
10267	-11.547414	shreya
10268	-11.547421	karthik
10269	-11.547421	utilizzo
10270	-11.547421	ವರ್ಷ
10271	-11.547425	pankaj
10272	-11.547430	ங்களில்
10273	-11.547443	dwarka
10274	-11.547475	aditya
10275	-11.547475	ці
10276	-11.547484	collezione
10277	-11.547523	vuoi
10278	-11.547544	कोणते
10279	-11.547569	kabir
10280	-11.547572	toronto
10281	-11.547647	temple
10282	-11.547757	ਮੁ
10283	-11.547918	आपण
10284	-11.547990	avuto
10285	-11.548053	ngư
10286	-11.548435	pensi
10287	-11.548689	vrij
10288	-11.548748	assessed
10289	-11.549004	सामी
10290	-11.549123	decisions
10291	-11.549167	georgi
10292	-11.549255	known
10293	-11.549288	sozial
10294	-11.549418	kou
10295	-11.549604	rui
10296	-11.549905	ਪਰ
10297	-11.550051	elke
10298	-11.550609	derzeit
10299	-11.550651	inviati
10300	-11.550745	haz
10301	-11.550975	btm
10302	-11.551367	german
10303	-11.551569	stop
10304	-11.551979	ankit
10305	-11.552057	lleva
10306	-11.552530	producto
10307	-11.552607	enweg
10308	-11.552794	prácticas
10309	-11.553045	crop
10310	-11.553101	taraf
10311	-11.553138	लिया
10312	-11.553144	regione
10313	-11.553233	correctly
10314	-11.553516	condo
10315	-11.553638	fay
10316	-11.553747	र्म
10317	-11.553923	pagare
10318	-11.553948	stai
10319	-11.554265	షన్
10320	-11.554408	করেন
10321	-11.554720	encontrará
10322	-11.555005	donné
10323	-11.555302	interno
10324	-11.555394	చరిత్ర
10325	-11.555395	resilience
10326	-11.555395	ण्यासाठी
10327	-11.555395	स्नेहा
10328	-11.555395	ఆధారంగా
10329	-11.555396	beschreibung
10330	-11.555398	ameerpet
10331	-11.555398	según
10332	-11.555414	presence
10333	-11.555415	neutral
10334	-11.555415	हुई
10335	-11.555415	வகையான
10336	-11.555422	colección
10337	-11.555482	ఫోన్
10338	-11.555483	resumen
10339	-11.555571	జాబితాను
10340	-11.555612	fichier
10341	-11.555648	ço
10342	-11.555858	welt
10343	-11.556005	ച്ച്
10344	-11.556128	aplica
10345	-11.556370	அது
10346	-11.556422	daar
10347	-11.556523	coût
10348	-11.556789	યો
10349	-11.556953	commodity
10350	-11.557126	vihar
10351	-11.557472	appreciated
10352	-11.557571	cham
10353	-11.557672	gute
10354	-11.557882	tü
10355	-11.558120	র্ট
10356	-11.558177	iitb
10357	-11.558450	etwas
10358	-11.558513	significa
10359	-11.558599	स्थान
10360	-11.558834	łem
10361	-11.559007	rendre
10362	-11.559064	completato
10363	-11.559840	chemicals
10364	-11.560018	ня
10365	-11.560357	virtuale
10366	-11.560408	beginnt
10367	-11.560413	forums
10368	-11.560734	ળી
10369	-11.561224	assister
10370	-11.561243	ಿಸಿದ
10371	-11.561468	recette
10372	-11.562095	ડિ
10373	-11.562276	outline
10374	-11.563142	character
10375	-11.563250	как
10376	-11.563459	discusión
10377	-11.563459	hadapsar
10378	-11.563459	souhaitons
10379	-11.563459	क्षेत्र
10380	-11.563459	व्यक्तिगत
10381	-11.563459	ઠ
10382	-11.563459	ಅತ್ಯಂತ
10383	-11.563460	திரைப்பட
10384	-11.563462	emboursement
10385	-11.563463	bestimmungen
10386	-11.563464	भारत
10387	-11.563468	minimum
10388	-11.563468	segundo
10389	-11.563478	saraswati
10390	-11.563487	weiß
10391	-11.563490	થાય
10392	-11.563491	aliganj
10393	-11.563506	contatti
10394	-11.563535	matthew
10395	-11.563545	wakad
10396	-11.563573	acceptance
10397	-11.563575	million
10398	-11.563642	karenge
10399	-11.563656	leider
10400	-11.563669	బ్యా
10401	-11.563774	consentement
10402	-11.563780	reply
10403	-11.563796	nbsp
10404	-11.563819	cursus
10405	-11.563863	waard
10406	-11.563873	ਵਾਂ
10407	-11.563954	individuele
10408	-11.564092	garcia
10409	-11.564314	जाना
10410	-11.564437	lening
10411	-11.564485	bild
10412	-11.564488	ahrerlaubnis
10413	-11.564714	വർ
10414	-11.564771	пе
10415	-11.564849	annually
10416	-11.564873	mask
10417	-11.564884	topics
10418	-11.564958	ernährungs
10419	-11.565004	sending
10420	-11.565021	radha
10421	-11.565345	three
10422	-11.565349	డే
10423	-11.565712	ியல்
10424	-11.565789	units
10425	-11.565866	alpes
10426	-11.566936	আর
10427	-11.567498	suivante
10428	-11.567621	zustellen
10429	-11.567744	estructura
10430	-11.568018	menciona
10431	-11.568049	ിലെ
10432	-11.568269	ரெ
10433	-11.568334	manish
10434	-11.568378	શે
10435	-11.568380	னோ
10436	-11.568913	simon
10437	-11.569299	hän
10438	-11.569376	இட
10439	-11.569397	norm
10440	-11.569800	ular
10441	-11.570178	reviewing
10442	-11.570264	ambiental
10443	-11.570312	был
10444	-11.570352	parth
10445	-11.570377	ramp
10446	-11.570455	يد
10447	-11.571414	channels
10448	-11.571589	alsjeblieft
10449	-11.571589	kukatpally
10450	-11.571589	psicologica
10451	-11.571589	பிரித்தெடு
10452	-11.571591	chettiar
10453	-11.571592	einhaltung
10454	-11.571592	émotionnel
10455	-11.571593	reduction
10456	-11.571609	moumita
10457	-11.571630	occurred
10458	-11.571632	philip
10459	-11.571649	мені
10460	-11.571671	పేరాను
10461	-11.571717	rôle
10462	-11.571740	ప్పుడు
10463	-11.571803	टन
10464	-11.571866	menschen
10465	-11.571879	relaxation
10466	-11.571906	ങ്ങ
10467	-11.571963	उनका
10468	-11.571997	durée
10469	-11.572053	improvements
10470	-11.572135	setzung
10471	-11.572253	draft
10472	-11.572571	annuel
10473	-11.572986	dimension
10474	-11.573114	psychische
10475	-11.573270	klas
10476	-11.573286	stratégies
10477	-11.573373	பூ
10478	-11.573539	identifying
10479	-11.573549	farhan
10480	-11.573611	collaborate
10481	-11.573955	rental
10482	-11.574168	composition
10483	-11.574242	ncy
10484	-11.574255	logical
10485	-11.574373	maintained
10486	-11.574497	considerar
10487	-11.574746	arbeitet
10488	-11.574807	germany
10489	-11.575297	تح
10490	-11.575304	pap
10491	-11.575389	سم
10492	-11.575401	suchen
10493	-11.575496	genau
10494	-11.575680	cup
10495	-11.575769	വെ
10496	-11.575999	motion
10497	-11.576472	advised
10498	-11.576637	peak
10499	-11.576654	rätt
10500	-11.576670	bandra
10501	-11.576792	adicionales
10502	-11.577050	verantwortli
10503	-11.577052	estar
10504	-11.577094	orang
10505	-11.577105	positiv
10506	-11.577127	encounter
10507	-11.577249	geef
10508	-11.577593	enclave
10509	-11.577663	কু
10510	-11.577693	تک
10511	-11.577888	ಯಿ
10512	-11.578241	arif
10513	-11.578266	చేర
10514	-11.578444	morgan
10515	-11.578449	slag
10516	-11.578529	segna
10517	-11.578919	necessarie
10518	-11.579455	ോള
10519	-11.579623	solution
10520	-11.579743	내
10521	-11.579767	palm
10522	-11.579786	bedürfnisse
10523	-11.579786	ejercicio
10524	-11.579786	gesellschaft
10525	-11.579786	gurpreet
10526	-11.579786	hinjewadi
10527	-11.579786	koramangala
10528	-11.579786	matrícula
10529	-11.579786	nstrucciones
10530	-11.579786	সাথে
10531	-11.579786	நல்ல
10532	-11.579786	விரும்ப
10533	-11.579786	வென்ற
10534	-11.579786	తయారు
10535	-11.579786	ನಿಮ್ಮ
10536	-11.579790	modèle
10537	-11.579792	recevoir
10538	-11.579812	authorities
10539	-11.579813	calificación
10540	-11.579821	அடிப்படையில்
10541	-11.579824	klinik
10542	-11.579828	netaji
10543	-11.579865	ചെ
10544	-11.579868	நோ
10545	-11.579902	tendrá
10546	-11.579918	നല്ല
10547	-11.579945	ಹು
10548	-11.579947	unterschrift
10549	-11.579961	genial
10550	-11.579972	என்பதைக்
10551	-11.580002	portail
10552	-11.580201	arma
10553	-11.580265	revealed
10554	-11.580402	מי
10555	-11.580437	startdate
10556	-11.580563	pwd
10557	-11.580649	soit
10558	-11.580707	మాట్లాడ
10559	-11.581297	équipement
10560	-11.581485	showed
10561	-11.581879	examiner
10562	-11.582219	voeg
10563	-11.582286	schulung
10564	-11.582591	banana
10565	-11.582921	masked
10566	-11.582955	castle
10567	-11.582968	kirch
10568	-11.582985	arco
10569	-11.583058	ন্দ
10570	-11.583129	र्क
10571	-11.583192	rajat
10572	-11.583226	все
10573	-11.583468	explo
10574	-11.584023	dog
10575	-11.584396	gepland
10576	-11.584508	unless
10577	-11.584939	তিনি
10578	-11.585278	sugli
10579	-11.585442	ಯೋ
10580	-11.585835	ashish
10581	-11.586411	druga
10582	-11.586467	tay
10583	-11.587191	scrapbook
10584	-11.587439	carr
10585	-11.587937	zoo
10586	-11.587951	எனக்கு
10587	-11.588051	attualmente
10588	-11.588051	bibliothèque
10589	-11.588051	courrier
10590	-11.588051	ethnicity
10591	-11.588051	koninklijke
10592	-11.588051	kothrud
10593	-11.588051	particolare
10594	-11.588051	spezifische
10595	-11.588051	sukhwinder
10596	-11.588051	मालवीय
10597	-11.588051	राहुल
10598	-11.588051	ব্যবহার
10599	-11.588051	ನೀಡಿದರೆ
10600	-11.588052	holistic
10601	-11.588053	flagged
10602	-11.588055	dépenses
10603	-11.588056	riguardanti
10604	-11.588058	ਸੇ
10605	-11.588059	chaitanya
10606	-11.588069	semester
10607	-11.588072	interesante
10608	-11.588072	ಬೇಕು
10609	-11.588106	allegato
10610	-11.588115	thing
10611	-11.588121	தீ
10612	-11.588131	వరకు
10613	-11.588234	ਬੇ
10614	-11.588268	cbt
10615	-11.588435	nandini
10616	-11.588438	craft
10617	-11.588558	liegt
10618	-11.588631	ска
10619	-11.588644	nikol
10620	-11.588739	advance
10621	-11.588742	vogel
10622	-11.588775	muito
10623	-11.588856	نٹ
10624	-11.588928	geocoord
10625	-11.589253	packing
10626	-11.589420	ambientale
10627	-11.589448	calculation
10628	-11.589464	উপর
10629	-11.589548	plurale
10630	-11.589836	rahul
10631	-11.589854	corresponden
10632	-11.589859	strategia
10633	-11.589948	musik
10634	-11.590062	nagaraj
10635	-11.590115	higher
10636	-11.590165	micro
10637	-11.590479	sumit
10638	-11.590539	sofort
10639	-11.590752	certificado
10640	-11.590865	zor
10641	-11.591164	remains
10642	-11.591244	bestätige
10643	-11.591448	ক্যা
10644	-11.591499	witt
10645	-11.591749	suka
10646	-11.591927	gius
10647	-11.591974	schritte
10648	-11.592075	shawn
10649	-11.592211	די
10650	-11.592367	ಾದ
10651	-11.592386	terza
10652	-11.592592	ٹو
10653	-11.592623	huel
10654	-11.592678	jah
10655	-11.593323	verdächtige
10656	-11.593759	valeur
10657	-11.593880	ñ
10658	-11.594033	ransferencia
10659	-11.594557	bist
10660	-11.594824	लिख
10661	-11.594835	ನೀಡಿ
10662	-11.595040	företag
10663	-11.595119	പു
10664	-11.595154	ग्र
10665	-11.595222	servi
10666	-11.595591	actively
10667	-11.595596	mediatamente
10668	-11.595830	carter
10669	-11.595881	vorfall
10670	-11.596103	متن
10671	-11.596241	sachin
10672	-11.596261	ട്ട്
10673	-11.596291	ऐ
10674	-11.596348	licht
10675	-11.596384	basavaraj
10676	-11.596384	expansion
10677	-11.596384	giardino
10678	-11.596384	siddharth
10679	-11.596384	vaibhav
10680	-11.596384	उन्होंने
10681	-11.596384	दिल्ली
10682	-11.596384	श्रीमती
10683	-11.596384	ஆண்டில்
10684	-11.596385	betreuung
10685	-11.596388	mitigate
10686	-11.596389	anushka
10687	-11.596394	mahatma
10688	-11.596397	entsprechend
10689	-11.596399	english
10690	-11.596461	лю
10691	-11.596465	کرتے
10692	-11.596480	solving
10693	-11.596508	naresh
10694	-11.596621	javed
10695	-11.596697	disability
10696	-11.596711	programmata
10697	-11.596749	mä
10698	-11.596766	previsto
10699	-11.597010	skydd
10700	-11.597092	গুলির
10701	-11.597293	anmelden
10702	-11.597347	respecter
10703	-11.597593	્યો
10704	-11.597798	hearing
10705	-11.597982	nello
10706	-11.598002	ך
10707	-11.598035	rati
10708	-11.598060	stability
10709	-11.598140	éré
10710	-11.598387	فا
10711	-11.598602	swetha
10712	-11.598648	finalize
10713	-11.598668	script
10714	-11.598693	הי
10715	-11.599041	अर
10716	-11.599636	bijdrage
10717	-11.599820	wegen
10718	-11.599841	লের
10719	-11.600112	eric
10720	-11.600160	iona
10721	-11.600250	grants
10722	-11.600328	ம்ப
10723	-11.600348	corsi
10724	-11.600543	nouvel
10725	-11.600559	ਦਿ
10726	-11.600575	folk
10727	-11.600585	స్ట
10728	-11.600609	migliore
10729	-11.600924	യെ
10730	-11.601489	danken
10731	-11.601511	ਜੇ
10732	-11.601544	five
10733	-11.601569	கூ
10734	-11.601749	നൽകുക
10735	-11.601986	adrian
10736	-11.601990	loop
10737	-11.602013	palliative
10738	-11.602064	erfolgen
10739	-11.602199	assam
10740	-11.602571	ொ
10741	-11.602634	kunal
10742	-11.602907	notable
10743	-11.603025	intro
10744	-11.603256	handled
10745	-11.603458	దేశ
10746	-11.603697	yah
10747	-11.603723	divya
10748	-11.603776	মো
10749	-11.604305	ाने
10750	-11.604384	verhalten
10751	-11.604473	સ્ત
10752	-11.604560	tough
10753	-11.604577	diskussionen
10754	-11.604657	बस
10755	-11.604693	financiers
10756	-11.604746	अनु
10757	-11.604754	సాధారణ
10758	-11.604755	आवडत
10759	-11.604788	burgemeester
10760	-11.604788	edappally
10761	-11.604788	konferenz
10762	-11.604788	rishabh
10763	-11.604788	secunderabad
10764	-11.604788	sugerencia
10765	-11.604788	ulteriore
10766	-11.604788	எவ்வளவு
10767	-11.604788	గేమ్
10768	-11.604790	പട്ടിക
10769	-11.604794	troubleshoot
10770	-11.604796	updating
10771	-11.604800	परियोजना
10772	-11.604810	agriculture
10773	-11.604816	mondiale
10774	-11.604817	therapeutic
10775	-11.604822	ആണ്
10776	-11.604827	swapnil
10777	-11.604842	emprunteur
10778	-11.604904	prakash
10779	-11.604905	ஷ்
10780	-11.604939	schau
10781	-11.604944	మొ
10782	-11.604985	sindaca
10783	-11.605015	सू
10784	-11.605026	finale
10785	-11.605096	tradeheader
10786	-11.605186	integrate
10787	-11.605320	certified
10788	-11.605344	രിക്ക
10789	-11.605528	elenco
10790	-11.605536	giochi
10791	-11.605559	organizzare
10792	-11.605892	utrecht
10793	-11.606238	actually
10794	-11.606406	এস
10795	-11.606568	suresh
10796	-11.606580	மாற்ற
10797	-11.606593	naveen
10798	-11.606648	ತ್ತು
10799	-11.606701	conserva
10800	-11.607113	ried
10801	-11.607124	display
10802	-11.607578	margin
10803	-11.607638	salman
10804	-11.607899	inviata
10805	-11.608115	richtlinie
10806	-11.608381	persist
10807	-11.608415	befindet
10808	-11.608570	ethische
10809	-11.609659	pavan
10810	-11.609858	zwei
10811	-11.609925	schulen
10812	-11.610112	మ్మ
10813	-11.610440	datenbank
10814	-11.610602	arnav
10815	-11.610893	gather
10816	-11.611030	myra
10817	-11.611251	actividad
10818	-11.611304	எல்
10819	-11.611592	naj
10820	-11.611772	rata
10821	-11.611852	donne
10822	-11.611859	entend
10823	-11.612193	correcto
10824	-11.612237	ಕ್ಸ್
10825	-11.612752	veilige
10826	-11.612799	barb
10827	-11.613073	harper
10828	-11.613074	metri
10829	-11.613116	છ
10830	-11.613136	ellen
10831	-11.613168	его
10832	-11.613203	કરવા
10833	-11.613215	confident
10834	-11.613226	ఇవ్వ
10835	-11.613257	డో
10836	-11.613262	compléter
10837	-11.613262	empfohlen
10838	-11.613262	navrangpura
10839	-11.613262	physician
10840	-11.613262	subscription
10841	-11.613262	venkatesh
10842	-11.613262	بہترین
10843	-11.613262	कॉलोनी
10844	-11.613262	പ്രധാന
10845	-11.613263	earliest
10846	-11.613265	besonders
10847	-11.613269	manpreet
10848	-11.613270	trasporto
10849	-11.613271	યાદી
10850	-11.613277	mitchell
10851	-11.613277	rakesh
10852	-11.613280	advait
10853	-11.613297	సంప్రదించండి
10854	-11.613313	imaging
10855	-11.613319	gurleen
10856	-11.613328	હું
10857	-11.613346	paarrekening
10858	-11.613369	லே
10859	-11.613379	भू
10860	-11.613390	klient
10861	-11.613517	invitation
10862	-11.613604	memory
10863	-11.613632	zuzugreifen
10864	-11.613684	album
10865	-11.613684	transferred
10866	-11.613714	meist
10867	-11.613735	expériences
10868	-11.613852	fiction
10869	-11.613875	komm
10870	-11.613905	parlare
10871	-11.613928	எந்தக்
10872	-11.614044	தொடர்
10873	-11.614069	tilak
10874	-11.614145	ashok
10875	-11.615028	ciencia
10876	-11.615081	confirmación
10877	-11.615134	acciones
10878	-11.615184	rajah
10879	-11.615199	dalam
10880	-11.615365	component
10881	-11.615378	symptom
10882	-11.615521	testament
10883	-11.615633	usability
10884	-11.615796	continuar
10885	-11.616097	யி
10886	-11.616293	monitored
10887	-11.616429	anak
10888	-11.616853	ಡಾ
10889	-11.616957	ప్రియ
10890	-11.617003	ccessibility
10891	-11.617045	nati
10892	-11.617132	recenti
10893	-11.617188	ગે
10894	-11.617460	nicola
10895	-11.617573	ுவது
10896	-11.617764	fines
10897	-11.617778	infantile
10898	-11.618008	village
10899	-11.618096	aggio
10900	-11.618225	ã
10901	-11.618450	offers
10902	-11.618628	segnala
10903	-11.619216	ją
10904	-11.619679	definitions
10905	-11.619831	zem
10906	-11.620210	positivo
10907	-11.620325	schein
10908	-11.620427	beginn
10909	-11.620592	ರಣ
10910	-11.620651	റിയ
10911	-11.620670	wah
10912	-11.620707	ساتھ
10913	-11.621070	begrüßen
10914	-11.621160	ર્ડ
10915	-11.621458	prze
10916	-11.621635	poll
10917	-11.621809	consumption
10918	-11.621809	crecimiento
10919	-11.621809	darlehen
10920	-11.621809	jawaharlal
10921	-11.621809	messaging
10922	-11.621809	palarivattom
10923	-11.621809	risparmio
10924	-11.621809	uitgevoerd
10925	-11.621809	کھیل
10926	-11.621809	কোথায়
10927	-11.621809	నమస్కారం
10928	-11.621810	condiviso
10929	-11.621810	entscheidend
10930	-11.621811	dovrebbe
10931	-11.621811	duplex
10932	-11.621811	découvert
10933	-11.621817	contained
10934	-11.621822	kampagne
10935	-11.621829	déjà
10936	-11.621831	podcast
10937	-11.621831	కూడా
10938	-11.621839	deepika
10939	-11.621842	संगीत
10940	-11.621845	examination
10941	-11.621890	afdeling
10942	-11.621911	mayank
10943	-11.621918	sometimes
10944	-11.621918	బీ
10945	-11.622025	aamir
10946	-11.622061	prospectus
10947	-11.622115	maninagar
10948	-11.622142	marcel
10949	-11.622143	défini
10950	-11.622240	taxes
10951	-11.622290	वाली
10952	-11.622389	receta
10953	-11.622408	joueur
10954	-11.622466	pronta
10955	-11.623370	consenso
10956	-11.623669	verte
10957	-11.623751	themen
10958	-11.623755	unica
10959	-11.624139	mbo
10960	-11.624156	ಿಂದ
10961	-11.624276	adjustment
10962	-11.624298	objectif
10963	-11.624408	bevat
10964	-11.624521	moins
10965	-11.624532	spirit
10966	-11.624715	volunteers
10967	-11.624741	ेट
10968	-11.625010	কাজ
10969	-11.625396	asif
10970	-11.625417	bias
10971	-11.626537	টার
10972	-11.626684	schä
10973	-11.626776	tritt
10974	-11.626893	geeta
10975	-11.626903	termini
10976	-11.627251	interne
10977	-11.627289	chose
10978	-11.627341	விட
10979	-11.627531	stone
10980	-11.627588	stap
10981	-11.627725	barones
10982	-11.627725	indien
10983	-11.627766	hoffe
10984	-11.627813	sandra
10985	-11.627857	normes
10986	-11.627874	deepa
10987	-11.627892	large
10988	-11.628358	bear
10989	-11.628418	effectuée
10990	-11.628426	promo
10991	-11.628543	fili
10992	-11.628635	terme
10993	-11.628852	वाह
10994	-11.629405	ਪੀ
10995	-11.629412	பர்
10996	-11.629548	ਚਾ
10997	-11.629556	ડો
10998	-11.629760	roche
10999	-11.630177	vind
11000	-11.630281	exclu
11001	-11.630430	compañía
11002	-11.630430	facilities
11003	-11.630430	jährige
11004	-11.630430	rocedimiento
11005	-11.630430	sorgfältig
11006	-11.630430	verifiëren
11007	-11.630430	withdrawal
11008	-11.630430	बच्चे
11009	-11.630430	ನಗರ
11010	-11.630431	ambedkar
11011	-11.630431	raccomanda
11012	-11.630433	bereiken
11013	-11.630433	richieste
11014	-11.630433	குறிப்பிட
11015	-11.630456	பயண
11016	-11.630457	paradigm
11017	-11.630459	ਯੂ
11018	-11.630471	breakdown
11019	-11.630486	జో
11020	-11.630497	நாய்
11021	-11.630529	adelante
11022	-11.630543	gomti
11023	-11.630644	sandeep
11024	-11.630666	pratica
11025	-11.630672	holz
11026	-11.630688	arrangement
11027	-11.630745	ಹೆಚ್ಚು
11028	-11.631096	anger
11029	-11.631110	courant
11030	-11.631119	comprar
11031	-11.631277	irm
11032	-11.631457	bevestiging
11033	-11.631566	courses
11034	-11.631576	hazards
11035	-11.631606	meena
11036	-11.631835	கன்
11037	-11.631868	kommentar
11038	-11.631880	দে
11039	-11.632084	tarun
11040	-11.632107	diversific
11041	-11.632108	ಗೋ
11042	-11.632148	riel
11043	-11.632497	season
11044	-11.632511	gedrag
11045	-11.632694	রু
11046	-11.632992	யிலிருந்து
11047	-11.633020	ಿಸುವ
11048	-11.633129	volgen
11049	-11.633142	רו
11050	-11.633278	stakeholders
11051	-11.633573	hoffen
11052	-11.634233	fraude
11053	-11.634287	desires
11054	-11.634503	ब्र
11055	-11.634528	generate
11056	-11.634742	cru
11057	-11.635112	ramya
11058	-11.635151	identificar
11059	-11.635152	monatliche
11060	-11.635207	ಿದ
11061	-11.636014	ئے
11062	-11.636086	reform
11063	-11.636173	payal
11064	-11.636271	augen
11065	-11.636600	tragen
11066	-11.637227	brut
11067	-11.637749	beruf
11068	-11.638328	snehal
11069	-11.638951	ਫ਼
11070	-11.638970	বিশ্ব
11071	-11.639083	punt
11072	-11.639125	détecté
11073	-11.639126	balwinder
11074	-11.639126	bibliothek
11075	-11.639126	bungalow
11076	-11.639126	dénommé
11077	-11.639126	envío
11078	-11.639126	supplies
11079	-11.639126	ámbito
11080	-11.639127	recommandati
11081	-11.639129	arindam
11082	-11.639132	descrizione
11083	-11.639132	zertifikat
11084	-11.639133	contrôle
11085	-11.639136	jahren
11086	-11.639145	tumhare
11087	-11.639151	allemaal
11088	-11.639152	chant
11089	-11.639160	satish
11090	-11.639170	rajouri
11091	-11.639177	debjani
11092	-11.639194	पढ़
11093	-11.639196	போட்டி
11094	-11.639200	anticipa
11095	-11.639223	incorporated
11096	-11.639240	necessaria
11097	-11.639249	rajaji
11098	-11.639304	yard
11099	-11.639317	lavorando
11100	-11.639323	choice
11101	-11.639441	operazioni
11102	-11.639475	operaciones
11103	-11.639549	പ്പ്
11104	-11.639628	orientation
11105	-11.639700	welzijn
11106	-11.639783	tanto
11107	-11.639812	replace
11108	-11.639916	humara
11109	-11.640032	manifest
11110	-11.640362	dupont
11111	-11.640401	aperto
11112	-11.640422	cooperation
11113	-11.640559	zipcode
11114	-11.640744	ನೀಡ
11115	-11.640820	confermato
11116	-11.640955	wahr
11117	-11.641109	இரண்டு
11118	-11.641267	moore
11119	-11.641297	उप
11120	-11.641355	gata
11121	-11.641395	obra
11122	-11.641435	showing
11123	-11.641503	tushar
11124	-11.641568	ாண்
11125	-11.641747	masa
11126	-11.641747	premio
11127	-11.642101	ண்ட்
11128	-11.642208	solicita
11129	-11.642329	answer
11130	-11.642669	کم
11131	-11.642859	لن
11132	-11.642951	nitin
11133	-11.642965	बाद
11134	-11.643300	ভাবে
11135	-11.643302	ом
11136	-11.643305	disputes
11137	-11.643313	restrictions
11138	-11.643537	டே
11139	-11.643628	ಬಳಸ
11140	-11.643730	harini
11141	-11.643834	belief
11142	-11.644180	जब
11143	-11.644425	illon
11144	-11.644495	bijdragen
11145	-11.644670	ஃபி
11146	-11.644686	depth
11147	-11.644903	केला
11148	-11.644956	highest
11149	-11.645384	kerst
11150	-11.645492	بار
11151	-11.646062	ilia
11152	-11.646247	transit
11153	-11.646250	పీ
11154	-11.646298	foi
11155	-11.646338	socha
11156	-11.646524	intent
11157	-11.647051	taxnum
11158	-11.647287	så
11159	-11.647332	நீ
11160	-11.647449	chiediamo
11161	-11.647629	asked
11162	-11.647744	giornata
11163	-11.647755	locales
11164	-11.647801	liées
11165	-11.647803	વિશે
11166	-11.647804	goede
11167	-11.647871	서
11168	-11.647897	ਛ
11169	-11.647898	navneet
11170	-11.647898	તરીકે
11171	-11.647899	konzentrier
11172	-11.647899	regelmatig
11173	-11.647899	wettbewerb
11174	-11.647900	fügen
11175	-11.647902	mousumi
11176	-11.647912	gaurav
11177	-11.647914	journée
11178	-11.647935	conflit
11179	-11.647941	debashish
11180	-11.647956	adverse
11181	-11.647959	detection
11182	-11.647984	directors
11183	-11.648014	sakshi
11184	-11.648033	screen
11185	-11.648048	કરવામાં
11186	-11.648050	कधी
11187	-11.648059	biotech
11188	-11.648127	jusqu
11189	-11.648154	जु
11190	-11.648208	മുള്ള
11191	-11.648234	ಎಸ್
11192	-11.648587	hinter
11193	-11.648630	padma
11194	-11.648639	adri
11195	-11.648685	బర్
11196	-11.648855	claimant
11197	-11.648886	transgender
11198	-11.648904	েন
11199	-11.648955	beginning
11200	-11.649157	جر
11201	-11.649271	election
11202	-11.649293	operator
11203	-11.649445	rehan
11204	-11.649453	qualche
11205	-11.649531	diary
11206	-11.649604	consist
11207	-11.649672	personnelle
11208	-11.649778	fattura
11209	-11.650155	jordan
11210	-11.650233	otros
11211	-11.650545	violations
11212	-11.650550	hell
11213	-11.650566	sucht
11214	-11.650897	বু
11215	-11.651319	fornitore
11216	-11.651392	resolve
11217	-11.651710	etica
11218	-11.652102	demonstrated
11219	-11.652377	telecom
11220	-11.652424	reward
11221	-11.652453	terminated
11222	-11.653277	হবে
11223	-11.653680	gnan
11224	-11.654008	inkomst
11225	-11.654841	faites
11226	-11.654952	లతో
11227	-11.655024	franco
11228	-11.655656	mundo
11229	-11.655685	ણી
11230	-11.655766	fondos
11231	-11.655940	établi
11232	-11.655989	आर
11233	-11.656302	kort
11234	-11.656316	sezione
11235	-11.656736	ơ
11236	-11.656747	acquisition
11237	-11.656747	arbitration
11238	-11.656747	plaintiff
11239	-11.656747	presupuesto
11240	-11.656747	résidant
11241	-11.656747	అన్ని
11242	-11.656747	അല്ലെങ്കിൽ
11243	-11.656748	jaspreet
11244	-11.656748	وقت
11245	-11.656753	মূল
11246	-11.656754	జంతువు
11247	-11.656757	reclamo
11248	-11.656757	rutuja
11249	-11.656778	abordar
11250	-11.656794	dichiarazion
11251	-11.656805	réception
11252	-11.656816	safeguard
11253	-11.656816	clarificati
11254	-11.656859	infosys
11255	-11.656887	senthil
11256	-11.656994	vamsi
11257	-11.657033	için
11258	-11.657033	ਪੁ
11259	-11.657134	saanvi
11260	-11.657189	बदल
11261	-11.657371	மார்
11262	-11.657694	ਜਿਸ
11263	-11.657833	transparent
11264	-11.657907	external
11265	-11.658387	му
11266	-11.658470	generation
11267	-11.658681	bedanken
11268	-11.658709	configure
11269	-11.658774	false
11270	-11.658907	incorrect
11271	-11.658965	പെ
11272	-11.659060	serveur
11273	-11.659133	wipro
11274	-11.659265	thread
11275	-11.659327	ाइट
11276	-11.659451	steven
11277	-11.659753	iniziare
11278	-11.659754	ей
11279	-11.659765	swati
11280	-11.659993	aditi
11281	-11.660589	includere
11282	-11.660655	bevor
11283	-11.660687	يت
11284	-11.660690	periodo
11285	-11.660891	יר
11286	-11.661027	dran
11287	-11.661045	prov
11288	-11.661388	mucho
11289	-11.661886	ultime
11290	-11.662043	شر
11291	-11.662334	parked
11292	-11.662347	relation
11293	-11.662771	wahan
11294	-11.663310	ाच्या
11295	-11.663465	components
11296	-11.663560	harris
11297	-11.663659	הת
11298	-11.663672	baden
11299	-11.663699	ني
11300	-11.663824	michel
11301	-11.664117	stimme
11302	-11.664132	jani
11303	-11.664145	dimensions
11304	-11.664173	annum
11305	-11.664216	parler
11306	-11.664219	য়ের
11307	-11.664263	necessit
11308	-11.664392	imran
11309	-11.664849	süd
11310	-11.664959	empleados
11311	-11.665042	familiare
11312	-11.665599	diana
11313	-11.665631	ambito
11314	-11.665675	campagna
11315	-11.665675	capacidad
11316	-11.665675	diferentes
11317	-11.665675	difference
11318	-11.665675	jignesh
11319	-11.665675	mathématique
11320	-11.665675	आयोजित
11321	-11.665675	प्रत्येक
11322	-11.665675	రెండు
11323	-11.665675	ഞ്ഞ
11324	-11.665676	akkoord
11325	-11.665678	bleiben
11326	-11.665678	mukesh
11327	-11.665680	pose
11328	-11.665681	lokesh
11329	-11.665682	iedereen
11330	-11.665682	shruti
11331	-11.665691	వంటి
11332	-11.665697	variety
11333	-11.665701	jyoti
11334	-11.665702	william
11335	-11.665711	profesor
11336	-11.665711	సాధారణంగా
11337	-11.665736	practical
11338	-11.665746	করেছিলেন
11339	-11.665758	কারণ
11340	-11.665767	signorina
11341	-11.665774	leitung
11342	-11.665791	دي
11343	-11.665815	vraiment
11344	-11.665819	ಮೇ
11345	-11.665895	historial
11346	-11.665904	expand
11347	-11.665918	entries
11348	-11.666071	sanjay
11349	-11.666210	الب
11350	-11.666263	rush
11351	-11.666420	tasa
11352	-11.666529	rahega
11353	-11.666570	muskan
11354	-11.666572	eremo
11355	-11.666621	verranno
11356	-11.666645	چا
11357	-11.666761	couverture
11358	-11.666763	maximum
11359	-11.666832	ేషన్
11360	-11.667242	fase
11361	-11.667245	తే
11362	-11.667669	ಣೆ
11363	-11.668167	सन
11364	-11.668290	मर
11365	-11.668340	pinky
11366	-11.668538	techniken
11367	-11.668578	னின்
11368	-11.668591	collecte
11369	-11.668665	ుడు
11370	-11.668736	vihaan
11371	-11.668783	usual
11372	-11.668789	मं
11373	-11.668843	sali
11374	-11.669215	ఆడ
11375	-11.669588	ইন
11376	-11.669710	ಹೆ
11377	-11.669773	కర
11378	-11.670450	écoles
11379	-11.670508	فٹ
11380	-11.670706	aucun
11381	-11.670723	benachricht
11382	-11.671362	பார்
11383	-11.671520	एका
11384	-11.671533	ીય
11385	-11.671585	ठा
11386	-11.671675	addressing
11387	-11.672296	cali
11388	-11.672744	psychologist
11389	-11.672832	كل
11390	-11.673125	humne
11391	-11.673147	ಲಾಗುತ್ತದೆ
11392	-11.673371	vishal
11393	-11.673375	tasso
11394	-11.673406	berufs
11395	-11.673669	wierigkeiten
11396	-11.674010	ె
11397	-11.674500	industria
11398	-11.674647	సంప్రదించ
11399	-11.674678	ப்படுத்த
11400	-11.674685	associato
11401	-11.674685	deductible
11402	-11.674685	enrichissant
11403	-11.674685	singolare
11404	-11.674685	voluntario
11405	-11.674685	ïnteresseerd
11406	-11.674685	लखनऊ
11407	-11.674685	citizen
11408	-11.674685	organisieren
11409	-11.674685	réservation
11410	-11.674691	spécialisé
11411	-11.674700	priyanka
11412	-11.674710	cantidad
11413	-11.674712	revathi
11414	-11.674726	contigo
11415	-11.674742	quartier
11416	-11.674743	extension
11417	-11.674754	ramesh
11418	-11.674754	দিয়ে
11419	-11.674783	laure
11420	-11.674796	વું
11421	-11.674836	samjha
11422	-11.674873	సూ
11423	-11.674889	violazione
11424	-11.674917	opérations
11425	-11.674921	బే
11426	-11.675002	große
11427	-11.675014	corrective
11428	-11.675058	inclusief
11429	-11.675122	jud
11430	-11.675181	regula
11431	-11.675200	যোগ
11432	-11.675343	operate
11433	-11.675435	ڈو
11434	-11.675623	happened
11435	-11.675749	barn
11436	-11.675802	bbc
11437	-11.675852	oak
11438	-11.675890	stabil
11439	-11.675908	islands
11440	-11.675930	అం
11441	-11.676035	conversion
11442	-11.676059	harleen
11443	-11.676543	traiter
11444	-11.676620	భాష
11445	-11.676667	आता
11446	-11.676702	changements
11447	-11.676794	manasi
11448	-11.676933	seconda
11449	-11.677012	ल्स
11450	-11.677021	iere
11451	-11.677065	gou
11452	-11.677099	dinar
11453	-11.677190	shalini
11454	-11.677277	کھا
11455	-11.677331	yorum
11456	-11.677604	aktie
11457	-11.677762	pont
11458	-11.677841	िन
11459	-11.677982	avni
11460	-11.678488	ਚੀ
11461	-11.678555	jord
11462	-11.678659	cult
11463	-11.678710	ੰਗ
11464	-11.678802	rapide
11465	-11.679202	ssement
11466	-11.679288	fang
11467	-11.679420	termes
11468	-11.679614	continuer
11469	-11.679658	informati
11470	-11.679726	ದ್ದು
11471	-11.680107	walter
11472	-11.680845	పం
11473	-11.680943	پو
11474	-11.680951	ર્ટ
11475	-11.681174	produce
11476	-11.681632	ruh
11477	-11.681700	योग
11478	-11.681926	ਜਾਣ
11479	-11.682041	gate
11480	-11.682066	spécifiques
11481	-11.682099	vedere
11482	-11.682354	artistic
11483	-11.682701	warna
11484	-11.682743	شی
11485	-11.683152	rekha
11486	-11.683228	એસ
11487	-11.683237	wohl
11488	-11.683288	strumenti
11489	-11.683361	programms
11490	-11.683712	construct
11491	-11.683776	biswajit
11492	-11.683776	intelligence
11493	-11.683776	quadruplex
11494	-11.683776	terapeuta
11495	-11.683776	वाराणसी
11496	-11.683776	ತಾಳವಾದ್ಯ
11497	-11.683776	ിരിച്ചറിയുകഃ
11498	-11.683778	aimerions
11499	-11.683778	esigenze
11500	-11.683782	architecture
11501	-11.683782	screenshot
11502	-11.683788	opinión
11503	-11.683791	evaluar
11504	-11.683795	situazione
11505	-11.683797	ஐந்து
11506	-11.683807	డేటా
11507	-11.683811	coinvolge
11508	-11.683816	projections
11509	-11.683820	прав
11510	-11.683820	பெற்ற
11511	-11.683825	క్రీడ
11512	-11.683829	revenus
11513	-11.683899	reddito
11514	-11.684055	ਮੋ
11515	-11.684066	kennis
11516	-11.684084	cuando
11517	-11.684091	carefully
11518	-11.684132	షి
11519	-11.684144	black
11520	-11.684394	sardar
11521	-11.684498	creación
11522	-11.684683	য
11523	-11.684696	seekh
11524	-11.684815	necesidades
11525	-11.685162	sudeep
11526	-11.685286	cinema
11527	-11.685891	ervaringen
11528	-11.686263	limits
11529	-11.686593	ైన
11530	-11.686839	cina
11531	-11.687009	gezeigt
11532	-11.687436	செய்
11533	-11.687807	schrijving
11534	-11.687984	હિ
11535	-11.688031	ئر
11536	-11.688072	oglu
11537	-11.688110	பட
11538	-11.688147	candidat
11539	-11.688955	ির
11540	-11.689435	advise
11541	-11.689455	resolved
11542	-11.689685	detallada
11543	-11.689796	erweg
11544	-11.689915	certificat
11545	-11.690194	karta
11546	-11.690437	raja
11547	-11.691087	remercie
11548	-11.691360	investiga
11549	-11.691450	aziendale
11550	-11.691771	ಿದೆ
11551	-11.691805	integral
11552	-11.691957	booking
11553	-11.692186	fully
11554	-11.692278	ுடன்
11555	-11.692792	vinyl
11556	-11.692950	covenants
11557	-11.692950	exercice
11558	-11.692950	involgimento
11559	-11.692950	opportunité
11560	-11.692950	préféré
11561	-11.692950	लाइंस
11562	-11.692950	স্ট্রিং
11563	-11.692952	enterprises
11564	-11.692952	yogesh
11565	-11.692967	meditation
11566	-11.692984	ಗಳಿಗೆ
11567	-11.692986	transition
11568	-11.693009	astronomi
11569	-11.693020	treehouse
11570	-11.693034	डेटा
11571	-11.693036	segue
11572	-11.693044	wrong
11573	-11.693051	pläne
11574	-11.693057	fördern
11575	-11.693069	kavya
11576	-11.693081	única
11577	-11.693172	temporal
11578	-11.693178	ishaan
11579	-11.693203	umfassende
11580	-11.693258	verschlüssel
11581	-11.693344	mondo
11582	-11.693415	abcdefgh
11583	-11.693510	اً
11584	-11.693581	ಚಾ
11585	-11.693591	contextref
11586	-11.693829	gast
11587	-11.694027	cester
11588	-11.694038	ताकि
11589	-11.694181	betalings
11590	-11.694966	ఫా
11591	-11.695124	ર્ક
11592	-11.695165	reactie
11593	-11.695351	icic
11594	-11.695436	تار
11595	-11.695554	bernard
11596	-11.695572	roberts
11597	-11.695718	objetivos
11598	-11.696056	veld
11599	-11.696059	gamer
11600	-11.696231	چی
11601	-11.696527	zahl
11602	-11.696542	वन
11603	-11.696686	punti
11604	-11.696836	जर
11605	-11.696903	alok
11606	-11.697031	giorni
11607	-11.697268	கிறது
11608	-11.697269	detalla
11609	-11.697931	إ
11610	-11.698179	bug
11611	-11.698472	ਅੰ
11612	-11.699092	leyes
11613	-11.700234	steun
11614	-11.700468	mechanisms
11615	-11.700716	جد
11616	-11.700727	ipad
11617	-11.701183	zonder
11618	-11.701292	кі
11619	-11.701582	obtain
11620	-11.701633	decide
11621	-11.701645	dokumenten
11622	-11.701680	एफ
11623	-11.702081	arra
11624	-11.702209	besprechung
11625	-11.702209	kognitive
11626	-11.702209	maatregelen
11627	-11.702209	schrijven
11628	-11.702209	कानपुर
11629	-11.702209	पल्लवी
11630	-11.702209	शिवाजी
11631	-11.702209	సంస్థ
11632	-11.702213	kritika
11633	-11.702225	titular
11634	-11.702226	முடியும்
11635	-11.702228	વર્ષ
11636	-11.702234	riserva
11637	-11.702251	sverige
11638	-11.702271	있다
11639	-11.702272	లేదు
11640	-11.702274	zainab
11641	-11.702276	ओंकार
11642	-11.702277	cambiar
11643	-11.702347	তাদের
11644	-11.702379	contains
11645	-11.702404	बनाया
11646	-11.702503	corrente
11647	-11.702683	empower
11648	-11.702711	స్టా
11649	-11.702850	তো
11650	-11.703285	algunas
11651	-11.703307	rsvp
11652	-11.703454	tried
11653	-11.703566	coord
11654	-11.703737	ocean
11655	-11.704007	ły
11656	-11.704036	ളി
11657	-11.704212	aantal
11658	-11.704315	سل
11659	-11.705115	seema
11660	-11.705235	engineering
11661	-11.705238	appelez
11662	-11.705630	interventie
11663	-11.705971	partire
11664	-11.706544	lijkt
11665	-11.707010	timo
11666	-11.707398	provisions
11667	-11.707448	maggiore
11668	-11.707845	latha
11669	-11.707981	чу
11670	-11.708218	inhalt
11671	-11.708299	சன்
11672	-11.708508	sensibilis
11673	-11.708995	ಂಗ
11674	-11.709089	informazione
11675	-11.709158	loading
11676	-11.709352	gray
11677	-11.709910	left
11678	-11.710763	mét
11679	-11.710913	metric
11680	-11.711102	sina
11681	-11.711450	ક્સ
11682	-11.711555	abhishek
11683	-11.711555	childhood
11684	-11.711555	geschreven
11685	-11.711555	sénateur
11686	-11.711555	بھی
11687	-11.711555	سکتا
11688	-11.711555	इतिहास
11689	-11.711555	राजीव
11690	-11.711555	ক্ত
11691	-11.711555	ఘ
11692	-11.711555	rendimiento
11693	-11.711556	sowmya
11694	-11.711557	vigueur
11695	-11.711558	addiction
11696	-11.711558	espacio
11697	-11.711558	paterno
11698	-11.711561	bhavana
11699	-11.711563	analizza
11700	-11.711566	avviso
11701	-11.711576	notizen
11702	-11.711583	poesia
11703	-11.711585	même
11704	-11.711589	ങ്ങളിൽ
11705	-11.711619	tätig
11706	-11.711623	occur
11707	-11.711632	portamiento
11708	-11.711689	dinesh
11709	-11.711769	யைப்
11710	-11.711947	possibili
11711	-11.712323	expression
11712	-11.712403	piace
11713	-11.712545	patri
11714	-11.712774	rakhna
11715	-11.712945	verstehen
11716	-11.713080	lewis
11717	-11.713587	dani
11718	-11.713784	présentation
11719	-11.714164	bfc
11720	-11.714173	ны
11721	-11.714334	scene
11722	-11.714405	donazione
11723	-11.714487	experiencias
11724	-11.715156	המ
11725	-11.715500	acción
11726	-11.715560	archivo
11727	-11.715590	businesses
11728	-11.715989	specifieke
11729	-11.715993	ेन
11730	-11.716140	lascia
11731	-11.716149	бе
11732	-11.717057	finanziari
11733	-11.717214	lbs
11734	-11.717650	plz
11735	-11.717724	ப்பது
11736	-11.717916	hetal
11737	-11.717964	sneha
11738	-11.718301	extend
11739	-11.718707	carga
11740	-11.719754	adam
11741	-11.720387	publication
11742	-11.720471	ாங்
11743	-11.720559	formele
11744	-11.720568	ем
11745	-11.720783	centra
11746	-11.720882	કેટલા
11747	-11.720901	ियो
11748	-11.720929	difficult
11749	-11.720989	coinvolti
11750	-11.720989	coördinaten
11751	-11.720989	manjunath
11752	-11.720989	prevenzione
11753	-11.720989	professeur
11754	-11.720989	recomienda
11755	-11.720989	rukhsar
11756	-11.720989	schützen
11757	-11.720989	zögern
11758	-11.720989	प्रोजेक्ट
11759	-11.720989	ક્યાં
11760	-11.720989	પ્રથમ
11761	-11.720989	వివరాలు
11762	-11.720992	अमित
11763	-11.720994	résumé
11764	-11.720995	renforcer
11765	-11.721013	tutoraggio
11766	-11.721016	युद्ध
11767	-11.721032	ਕ੍ਰ
11768	-11.721078	exploring
11769	-11.721097	अनुभव
11770	-11.721125	genommen
11771	-11.721177	lifestyle
11772	-11.721226	तरह
11773	-11.721262	android
11774	-11.721266	marknad
11775	-11.721272	chirag
11776	-11.721346	bewijs
11777	-11.721475	sozialnummer
11778	-11.721517	ഗോ
11779	-11.721592	promover
11780	-11.721615	cose
11781	-11.721640	ారా
11782	-11.721784	जाते
11783	-11.721795	igkeit
11784	-11.721960	చా
11785	-11.722096	lieferung
11786	-11.722136	informatique
11787	-11.722209	anliegen
11788	-11.722213	sense
11789	-11.722275	ciò
11790	-11.722330	root
11791	-11.722886	directly
11792	-11.722941	ायचं
11793	-11.723209	jeunes
11794	-11.723351	trailer
11795	-11.723414	rome
11796	-11.723564	registrada
11797	-11.723640	shir
11798	-11.723693	choti
11799	-11.723720	senatore
11800	-11.723804	الأ
11801	-11.724158	roh
11802	-11.724184	garantie
11803	-11.724522	bevestigd
11804	-11.724616	sanitarie
11805	-11.724639	అవ
11806	-11.724842	جس
11807	-11.725200	லு
11808	-11.725649	confi
11809	-11.726013	بنا
11810	-11.726273	tahu
11811	-11.726350	prix
11812	-11.726366	cambios
11813	-11.726526	ouders
11814	-11.726725	ടു
11815	-11.726884	projected
11816	-11.727267	पक
11817	-11.727324	வான
11818	-11.727374	manoj
11819	-11.727549	कं
11820	-11.727582	ontwikkel
11821	-11.727774	ù
11822	-11.728187	toxic
11823	-11.728312	simran
11824	-11.728377	ין
11825	-11.728421	positiva
11826	-11.728715	ਟੋ
11827	-11.728802	ruta
11828	-11.728923	yacht
11829	-11.729104	tejas
11830	-11.729109	mesure
11831	-11.729483	బె
11832	-11.730146	ਟੇ
11833	-11.730365	שי
11834	-11.730439	खरीद
11835	-11.730511	ہوا
11836	-11.730513	bénévole
11837	-11.730513	fmerksamkeit
11838	-11.730513	français
11839	-11.730513	iniciativa
11840	-11.730513	kwaliteit
11841	-11.730513	literatur
11842	-11.730513	réflexion
11843	-11.730513	फुटबॉल
11844	-11.730513	விளையாட
11845	-11.730513	హౌస్
11846	-11.730515	fornirci
11847	-11.730515	sessuale
11848	-11.730515	clothing
11849	-11.730515	ucesivamente
11850	-11.730515	ഏതൊക്കെയാണ്
11851	-11.730517	ভাষা
11852	-11.730518	wirtschaft
11853	-11.730526	lehr
11854	-11.730528	pflicht
11855	-11.730536	ático
11856	-11.730541	properties
11857	-11.730556	sätze
11858	-11.730577	wertvoll
11859	-11.730587	ಎಲ್ಲಿ
11860	-11.730591	siempre
11861	-11.730603	organisé
11862	-11.730605	cantonale
11863	-11.730624	이야
11864	-11.730633	preventive
11865	-11.730647	vicino
11866	-11.730660	மோ
11867	-11.730671	vigente
11868	-11.730676	involvement
11869	-11.730705	préférences
11870	-11.730710	membership
11871	-11.730731	potete
11872	-11.730733	überwiesen
11873	-11.730744	গো
11874	-11.730780	costume
11875	-11.730989	bestimmte
11876	-11.731029	experten
11877	-11.731205	approccio
11878	-11.731299	partecipa
11879	-11.731302	financieros
11880	-11.731578	க்கி
11881	-11.731601	affrontare
11882	-11.731684	verificato
11883	-11.731708	సర్
11884	-11.731774	కారు
11885	-11.731797	zion
11886	-11.731907	farah
11887	-11.731945	developed
11888	-11.731956	solicitado
11889	-11.732584	duties
11890	-11.732591	positieve
11891	-11.732614	participa
11892	-11.732655	કારણ
11893	-11.733320	summer
11894	-11.733694	lichkeiten
11895	-11.733754	வழங்க
11896	-11.733768	stream
11897	-11.734188	rester
11898	-11.734218	कू
11899	-11.734617	depend
11900	-11.734642	quels
11901	-11.735063	karti
11902	-11.735136	தை
11903	-11.735227	provision
11904	-11.735254	ді
11905	-11.735421	miglior
11906	-11.735599	noté
11907	-11.735764	lug
11908	-11.735791	flori
11909	-11.736236	xiao
11910	-11.736269	breaches
11911	-11.736276	shown
11912	-11.736520	starten
11913	-11.736952	ஹா
11914	-11.737302	ceci
11915	-11.737428	près
11916	-11.737481	ിക്കുന്ന
11917	-11.737504	viens
11918	-11.738314	കളുടെ
11919	-11.738324	ছি
11920	-11.738442	checklist
11921	-11.738958	accepted
11922	-11.739714	educatie
11923	-11.739745	gesteld
11924	-11.740032	italy
11925	-11.740110	ঃ
11926	-11.740124	riguarda
11927	-11.740128	résidence
11928	-11.740128	दिवस
11929	-11.740129	augmentation
11930	-11.740129	begrijp
11931	-11.740132	umfasst
11932	-11.740132	ਸੂਚੀ
11933	-11.740134	psicológica
11934	-11.740135	contattarmi
11935	-11.740138	investition
11936	-11.740142	psicológico
11937	-11.740145	chiffre
11938	-11.740150	deinem
11939	-11.740150	చిన్న
11940	-11.740162	espère
11941	-11.740170	behalf
11942	-11.740183	organisons
11943	-11.740189	ভালো
11944	-11.740195	duniya
11945	-11.740271	നിങ്ങൾ
11946	-11.740314	chiara
11947	-11.740435	ша
11948	-11.740515	이다
11949	-11.740520	komal
11950	-11.740634	élevé
11951	-11.740635	peace
11952	-11.740674	informatica
11953	-11.740718	రకాల
11954	-11.740835	ಪಟ್ಟಿ
11955	-11.740978	gina
11956	-11.740982	pueden
11957	-11.741013	dienen
11958	-11.741062	encourageons
11959	-11.741121	lehrplan
11960	-11.741125	behandelt
11961	-11.741447	remaining
11962	-11.741639	connais
11963	-11.741694	étapes
11964	-11.741730	ಿದ್ದಾರೆ
11965	-11.741867	corte
11966	-11.741982	গ্র
11967	-11.742020	ഡോ
11968	-11.742038	serving
11969	-11.742207	rón
11970	-11.742430	mentionnés
11971	-11.742639	രോ
11972	-11.742685	mario
11973	-11.742766	dû
11974	-11.742777	otra
11975	-11.742846	sunita
11976	-11.742870	finanziario
11977	-11.742933	റാ
11978	-11.742971	आम
11979	-11.743291	confront
11980	-11.743340	seeing
11981	-11.743513	ой
11982	-11.743638	valuation
11983	-11.743725	ganj
11984	-11.744132	బు
11985	-11.744691	infantil
11986	-11.744720	försäkring
11987	-11.744930	derecho
11988	-11.745392	unternehmens
11989	-11.746151	ਸਰ
11990	-11.746285	মন
11991	-11.746478	fluid
11992	-11.746987	فل
11993	-11.747625	experto
11994	-11.747817	खो
11995	-11.748317	messo
11996	-11.748822	dress
11997	-11.748988	concentrati
11998	-11.749032	sanitari
11999	-11.749077	કેમ
12000	-11.749224	sath
12001	-11.749416	détail
12002	-11.749819	ূ
12003	-11.749837	entraîne
12004	-11.749837	handtekening
12005	-11.749837	inserisci
12006	-11.749837	préfère
12007	-11.749837	vorschläge
12008	-11.749837	إلى
12009	-11.749837	भोपाल
12010	-11.749837	ਸਕਦਾ
12011	-11.749837	ક્યારે
12012	-11.749837	દ્વારા
12013	-11.749837	உணவு
12014	-11.749838	schätzen
12015	-11.749839	chúng
12016	-11.749855	చిత్ర
12017	-11.749868	कोणी
12018	-11.749872	мері
12019	-11.749877	zubair
12020	-11.749883	gestuurd
12021	-11.749897	ಯಾಗಿ
12022	-11.749923	alumni
12023	-11.749982	french
12024	-11.750015	inspiration
12025	-11.750035	awesome
12026	-11.750178	সেরা
12027	-11.750258	köp
12028	-11.750296	esperti
12029	-11.750385	మనం
12030	-11.750469	সহ
12031	-11.750699	abschluss
12032	-11.750707	viele
12033	-11.750709	baatein
12034	-11.750926	berapa
12035	-11.750945	ಟೋ
12036	-11.750995	গে
12037	-11.751029	papier
12038	-11.751029	strat
12039	-11.751275	préparer
12040	-11.751581	farming
12041	-11.751612	கார
12042	-11.751674	encore
12043	-11.751786	ിരിക്കുന്ന
12044	-11.752261	ferme
12045	-11.752292	ürgermeister
12046	-11.753123	prevede
12047	-11.753408	kurz
12048	-11.753455	comté
12049	-11.753614	परि
12050	-11.753695	beveiliging
12051	-11.753819	employés
12052	-11.754251	operación
12053	-11.754539	cilia
12054	-11.755000	helm
12055	-11.755106	folgen
12056	-11.755260	dolor
12057	-11.755275	আছে
12058	-11.755293	scolaires
12059	-11.755321	ajay
12060	-11.755466	segnalato
12061	-11.755696	कार्य
12062	-11.756298	тому
12063	-11.756787	akte
12064	-11.757555	ಿಸಲು
12065	-11.757563	meyer
12066	-11.757682	mtre
12067	-11.757693	traccia
12068	-11.757812	währung
12069	-11.757906	rispondere
12070	-11.757920	tisch
12071	-11.758073	जाती
12072	-11.758258	roger
12073	-11.758701	శి
12074	-11.758767	ണം
12075	-11.759247	håll
12076	-11.759506	emotions
12077	-11.759558	व्यक्ति
12078	-11.759632	ುತ್ತಾರೆ
12079	-11.759641	divulguer
12080	-11.759641	eingereicht
12081	-11.759641	jharkhand
12082	-11.759641	lteriormente
12083	-11.759641	praktikum
12084	-11.759641	recommandé
12085	-11.759641	rilevato
12086	-11.759641	règlement
12087	-11.759641	उत्पाद
12088	-11.759641	पटना
12089	-11.759641	ਵਧੀਆ
12090	-11.759642	poulami
12091	-11.759642	scotland
12092	-11.759642	ఛ
12093	-11.759643	penthouse
12094	-11.759649	milestone
12095	-11.759659	schneider
12096	-11.759667	unieke
12097	-11.759678	pricing
12098	-11.759697	crediticia
12099	-11.759743	lebih
12100	-11.759756	நீர்
12101	-11.759790	quote
12102	-11.759799	árbol
12103	-11.759805	היה
12104	-11.759807	लोगों
12105	-11.759807	గారికి
12106	-11.759818	fornite
12107	-11.759897	যায়
12108	-11.759912	ಕೇ
12109	-11.760000	martinez
12110	-11.760011	gesetz
12111	-11.760061	nazia
12112	-11.760076	verwacht
12113	-11.760162	leigh
12114	-11.760164	quoi
12115	-11.760530	judge
12116	-11.760543	nutzername
12117	-11.760577	värde
12118	-11.760579	किसने
12119	-11.760895	avete
12120	-11.760942	alright
12121	-11.761002	proud
12122	-11.761033	फ्र
12123	-11.761129	gebouwnummer
12124	-11.761180	informons
12125	-11.761786	sunil
12126	-11.761809	എന്ത
12127	-11.761810	தற்கு
12128	-11.761918	skill
12129	-11.761951	weeks
12130	-11.762163	prochaines
12131	-11.762302	ów
12132	-11.762685	allocated
12133	-11.762939	jährliche
12134	-11.763521	ಲೋ
12135	-11.763647	mentorat
12136	-11.763828	monitorare
12137	-11.763951	soham
12138	-11.764125	initiate
12139	-11.764174	seña
12140	-11.764318	لے
12141	-11.764490	ansia
12142	-11.764502	single
12143	-11.764611	urge
12144	-11.764839	abdel
12145	-11.764985	psych
12146	-11.765110	spett
12147	-11.765188	ਮਾਰ
12148	-11.765315	olivia
12149	-11.765644	హలో
12150	-11.766017	शन
12151	-11.766114	ीन
12152	-11.766262	leben
12153	-11.766570	केले
12154	-11.766730	baf
12155	-11.766955	இரு
12156	-11.767078	herramientas
12157	-11.767103	basel
12158	-11.767249	tasse
12159	-11.767418	זו
12160	-11.768244	गेम
12161	-11.768461	khush
12162	-11.768533	adams
12163	-11.768714	grab
12164	-11.768802	expect
12165	-11.768808	placement
12166	-11.768967	sonali
12167	-11.769208	lanification
12168	-11.769211	suivant
12169	-11.769497	பகுதி
12170	-11.769529	ആദ്യ
12171	-11.769542	aishwarya
12172	-11.769542	destinatario
12173	-11.769542	déclaration
12174	-11.769542	establecido
12175	-11.769542	grâce
12176	-11.769542	matériel
12177	-11.769542	resolución
12178	-11.769542	सदस्य
12179	-11.769542	सुंदर
12180	-11.769542	యునైటెడ్
12181	-11.769544	anirban
12182	-11.769546	saurabh
12183	-11.769551	অনেক
12184	-11.769551	ਪਾਠ
12185	-11.769554	behöver
12186	-11.769555	exclusion
12187	-11.769567	container
12188	-11.769573	quedamos
12189	-11.769599	రంగు
12190	-11.769611	lakukan
12191	-11.769649	museum
12192	-11.769664	envers
12193	-11.769665	மீ
12194	-11.769753	ચે
12195	-11.769815	ausstellung
12196	-11.769860	lodge
12197	-11.769957	కథ
12198	-11.769999	sterling
12199	-11.770178	أنا
12200	-11.770199	ஸ்ட்
12201	-11.770241	guía
12202	-11.770473	dettagliata
12203	-11.770541	filed
12204	-11.770841	hoofd
12205	-11.770949	método
12206	-11.771252	taxable
12207	-11.771355	detailing
12208	-11.771517	rav
12209	-11.771692	kör
12210	-11.771867	zeker
12211	-11.771937	из
12212	-11.772021	பழ
12213	-11.772414	mood
12214	-11.772467	grid
12215	-11.772501	peu
12216	-11.772553	ફે
12217	-11.772676	સુ
12218	-11.772998	verbind
12219	-11.773068	ground
12220	-11.773458	chiave
12221	-11.773488	dura
12222	-11.773616	ங்கு
12223	-11.773844	victim
12224	-11.774498	pagar
12225	-11.774512	वर्
12226	-11.774781	postalcode
12227	-11.775168	arzt
12228	-11.775315	evening
12229	-11.775689	lumina
12230	-11.776321	partha
12231	-11.776786	magar
12232	-11.777461	tanvi
12233	-11.777567	ണ്
12234	-11.777703	ridge
12235	-11.778401	idée
12236	-11.778532	ભા
12237	-11.778835	gebiet
12238	-11.778964	basic
12239	-11.778966	tenido
12240	-11.779490	counter
12241	-11.779542	compagnie
12242	-11.779542	comprensione
12243	-11.779542	credenziali
12244	-11.779542	emergencies
12245	-11.779542	excellence
12246	-11.779542	gratulations
12247	-11.779542	greetings
12248	-11.779542	matematica
12249	-11.779542	necesaria
12250	-11.779542	sufficient
12251	-11.779542	vaishnavi
12252	-11.779542	wohlbefinden
12253	-11.779542	اپنے
12254	-11.779542	سکتے
12255	-11.779542	इंदौर
12256	-11.779542	जयपुर
12257	-11.779542	संयुक्त
12258	-11.779542	খেলা
12259	-11.779542	মার্কিন
12260	-11.779542	ম্ব
12261	-11.779542	விலங்கு
12262	-11.779543	జీవిత
12263	-11.779544	shubham
12264	-11.779548	popular
12265	-11.779551	వ్యక్తిగత
12266	-11.779563	logiciel
12267	-11.779565	saravanan
12268	-11.779566	తేడా
12269	-11.779567	కంటే
12270	-11.779577	soutenir
12271	-11.779594	पहचानें
12272	-11.779598	fatima
12273	-11.779598	ਹੋਏ
12274	-11.779599	asegurado
12275	-11.779599	auditoría
12276	-11.779610	coffee
12277	-11.779621	loren
12278	-11.779628	preferito
12279	-11.779629	holiday
12280	-11.779669	filiale
12281	-11.779717	গু
12282	-11.779719	ਆਈ
12283	-11.779726	టింగ్
12284	-11.779740	osserva
12285	-11.779772	illustr
12286	-11.779800	ਕਲ
12287	-11.779806	கம்
12288	-11.779904	છેઃ
12289	-11.780026	doorgeven
12290	-11.780180	פה
12291	-11.780432	speed
12292	-11.780451	రూ
12293	-11.780457	preso
12294	-11.780579	gathering
12295	-11.780626	omkar
12296	-11.780723	bö
12297	-11.780819	baby
12298	-11.781038	مس
12299	-11.781153	तं
12300	-11.781183	बल
12301	-11.781211	företaget
12302	-11.781225	उसे
12303	-11.781309	करके
12304	-11.781423	వర
12305	-11.781781	erfolg
12306	-11.781785	procédures
12307	-11.781799	prince
12308	-11.782014	तील
12309	-11.782218	stories
12310	-11.782227	umesh
12311	-11.782503	sozialen
12312	-11.782726	talking
12313	-11.782766	impatients
12314	-11.782795	tables
12315	-11.782800	structured
12316	-11.782822	hurt
12317	-11.782933	myself
12318	-11.783197	checked
12319	-11.783329	ించడానికి
12320	-11.783473	concern
12321	-11.783502	csr
12322	-11.784203	blijf
12323	-11.784460	తేదీ
12324	-11.784986	hej
12325	-11.785151	padre
12326	-11.785173	enough
12327	-11.785381	firmado
12328	-11.785547	invio
12329	-11.785911	invitar
12330	-11.786383	muni
12331	-11.786530	enviarme
12332	-11.786613	leuk
12333	-11.786960	boot
12334	-11.787119	uttar
12335	-11.787135	ರೈ
12336	-11.787143	stia
12337	-11.787261	ந்திர
12338	-11.787267	ਦੇਸ਼
12339	-11.787315	enddate
12340	-11.787327	circle
12341	-11.787498	destaca
12342	-11.787558	enseignement
12343	-11.787744	kartennummer
12344	-11.787876	gesetzt
12345	-11.787977	zetten
12346	-11.788068	मू
12347	-11.788076	ları
12348	-11.788081	ов
12349	-11.788578	traulichkeit
12350	-11.789487	মানুষ
12351	-11.789507	plannen
12352	-11.789537	ങ്ക
12353	-11.789630	ൃ
12354	-11.789632	ತಿಳಿಸಿ
12355	-11.789642	bewältigung
12356	-11.789642	defendant
12357	-11.789642	dipendente
12358	-11.789642	jennifer
12359	-11.789642	snapchat
12360	-11.789642	transféré
12361	-11.789642	बड़ा
12362	-11.789643	ുമ്പോൾ
12363	-11.789644	australia
12364	-11.789644	educator
12365	-11.789644	র্ক
12366	-11.789644	பட்டியலிட
12367	-11.789645	trimestre
12368	-11.789655	peligro
12369	-11.789656	పెద్ద
12370	-11.789662	শেষ
12371	-11.789665	situatie
12372	-11.789666	referral
12373	-11.789672	besondere
12374	-11.789687	richten
12375	-11.789689	sistemi
12376	-11.789694	docteur
12377	-11.789699	confiance
12378	-11.789720	થઈ
12379	-11.789724	girish
12380	-11.789742	ത്തിന്
12381	-11.789746	reflection
12382	-11.789757	manejo
12383	-11.789770	encuesta
12384	-11.789786	genetische
12385	-11.789812	balaji
12386	-11.789812	stattfinden
12387	-11.789837	aniket
12388	-11.789861	കാല
12389	-11.789901	prioritize
12390	-11.789930	industrial
12391	-11.789973	স্ত
12392	-11.790106	nforderungen
12393	-11.790380	coaching
12394	-11.790428	vasanthi
12395	-11.790530	tenemos
12396	-11.790569	ರೂ
12397	-11.790624	beispiel
12398	-11.790696	scrapbooking
12399	-11.790757	potrebbero
12400	-11.790848	sicura
12401	-11.790998	cdf
12402	-11.790998	raggiungere
12403	-11.791145	ausgaben
12404	-11.791516	ਿਆਂ
12405	-11.791560	э
12406	-11.791727	erreur
12407	-11.791744	ligt
12408	-11.792060	کب
12409	-11.792100	ముందు
12410	-11.792105	webinaire
12411	-11.792109	angst
12412	-11.792376	commun
12413	-11.792386	নিয়ে
12414	-11.792565	חי
12415	-11.792673	र्स
12416	-11.793623	bihar
12417	-11.793641	médecin
12418	-11.793845	statut
12419	-11.794269	लगा
12420	-11.794646	rasa
12421	-11.794710	ബ്ര
12422	-11.794848	ières
12423	-11.794993	meier
12424	-11.795058	rug
12425	-11.795092	ਆਰ
12426	-11.795449	ষ্ট
12427	-11.795507	load
12428	-11.795620	khu
12429	-11.795670	coordinar
12430	-11.795750	liefer
12431	-11.795794	விய
12432	-11.795927	ਫਾ
12433	-11.796206	jestem
12434	-11.796377	donate
12435	-11.796782	ವೈ
12436	-11.796975	presentazion
12437	-11.797175	egger
12438	-11.797337	appro
12439	-11.797339	andrea
12440	-11.797766	ہا
12441	-11.797996	cord
12442	-11.798000	న్న
12443	-11.798086	mı
12444	-11.798406	க்ஸ்
12445	-11.798501	ಿತು
12446	-11.798655	bancari
12447	-11.798884	अर्थ
12448	-11.799291	etrokkenheid
12449	-11.799443	donations
12450	-11.799588	graphic
12451	-11.799816	schließen
12452	-11.799836	einfluss
12453	-11.799847	croissance
12454	-11.799847	davvero
12455	-11.799847	genehmigung
12456	-11.799847	maharashtra
12457	-11.799847	précieuse
12458	-11.799847	recognition
12459	-11.799847	پیراگراف
12460	-11.799847	अनुच्छेद
12461	-11.799847	વચ્ચે
12462	-11.799847	વિશ્વ
12463	-11.799847	ഉപയോഗിക്ക
12464	-11.799848	principles
12465	-11.799850	verplicht
12466	-11.799872	gratuit
12467	-11.799890	dovuto
12468	-11.799907	begrip
12469	-11.799914	instelling
12470	-11.799916	રમત
12471	-11.799937	liquidity
12472	-11.799938	carlos
12473	-11.799951	సంవత్సరాలు
12474	-11.799955	tipps
12475	-11.799979	attendees
12476	-11.800003	précis
12477	-11.800017	ayesha
12478	-11.800104	importe
12479	-11.800117	rapidement
12480	-11.800129	fuente
12481	-11.800144	esitare
12482	-11.800165	recomendarme
12483	-11.800271	settl
12484	-11.800337	manner
12485	-11.800346	करत
12486	-11.800395	పంప
12487	-11.800496	ஜா
12488	-11.800631	rumah
12489	-11.800699	gedanken
12490	-11.800857	mediche
12491	-11.800906	enhancement
12492	-11.800906	उसके
12493	-11.800939	veneto
12494	-11.801115	henri
12495	-11.801124	feu
12496	-11.801142	harbor
12497	-11.801228	ക്കും
12498	-11.801250	verzend
12499	-11.801311	geldig
12500	-11.801371	auth
12501	-11.801716	അത്
12502	-11.801918	andrew
12503	-11.802327	દેશ
12504	-11.802754	ಯಾಗಿದೆ
12505	-11.802810	gezien
12506	-11.802915	yanni
12507	-11.803038	بن
12508	-11.803108	voice
12509	-11.803148	heard
12510	-11.803291	amico
12511	-11.803456	programmé
12512	-11.803578	presidente
12513	-11.803746	frist
12514	-11.803844	damages
12515	-11.803896	described
12516	-11.804012	récentes
12517	-11.804152	travers
12518	-11.804234	finanziarie
12519	-11.804283	passcode
12520	-11.804699	residents
12521	-11.804810	arna
12522	-11.804868	বলে
12523	-11.805142	située
12524	-11.805166	అంత
12525	-11.805365	programada
12526	-11.805564	ಅಂ
12527	-11.805937	লু
12528	-11.806076	beveiligings
12529	-11.806314	générale
12530	-11.806736	ifizierung
12531	-11.806831	koch
12532	-11.806871	partyname
12533	-11.807195	yaz
12534	-11.807491	schrift
12535	-11.807802	öffentlichen
12536	-11.807837	già
12537	-11.807953	ڈا
12538	-11.808239	auteur
12539	-11.809717	ગ્
12540	-11.809916	கிர
12541	-11.809922	chiesto
12542	-11.810125	ങ്ങളുടെ
12543	-11.810156	attentamente
12544	-11.810156	clínica
12545	-11.810156	communicate
12546	-11.810156	kompetenz
12547	-11.810156	moments
12548	-11.810156	ذلك
12549	-11.810156	સંદર્ભ
12550	-11.810156	க்கூடிய
12551	-11.810156	ರೀತಿಯ
12552	-11.810157	aargau
12553	-11.810157	waardevolle
12554	-11.810160	సంబంధించిన
12555	-11.810161	assicurarsi
12556	-11.810174	évaluer
12557	-11.810175	્યું
12558	-11.810187	sophie
12559	-11.810229	ിലാണ്
12560	-11.810237	condivisione
12561	-11.810246	scelto
12562	-11.810266	innovatie
12563	-11.810270	klinische
12564	-11.810327	davey
12565	-11.810333	dekking
12566	-11.810381	comfortable
12567	-11.810385	evenement
12568	-11.810425	agency
12569	-11.810452	antitrust
12570	-11.810621	employed
12571	-11.810677	అది
12572	-11.810789	defined
12573	-11.810815	priorité
12574	-11.810832	interessiere
12575	-11.810925	seekhne
12576	-11.810975	faf
12577	-11.811056	आय
12578	-11.811123	stunden
12579	-11.811204	barrio
12580	-11.811255	stuk
12581	-11.811258	perfil
12582	-11.811406	unable
12583	-11.811478	suggested
12584	-11.811508	fostering
12585	-11.811542	বেশি
12586	-11.811613	bourse
12587	-11.812260	చెందిన
12588	-11.812264	durata
12589	-11.812343	groen
12590	-11.812352	कॅ
12591	-11.812400	bankname
12592	-11.812560	empfehlungen
12593	-11.812685	escrito
12594	-11.812706	ന്റെ
12595	-11.812758	ಮರ
12596	-11.813016	agri
12597	-11.813221	mentoring
12598	-11.813293	spieler
12599	-11.813329	adult
12600	-11.814065	requise
12601	-11.814082	deinen
12602	-11.814174	קר
12603	-11.814428	abrechnung
12604	-11.814451	representati
12605	-11.814581	భావ
12606	-11.814594	europe
12607	-11.814699	பிள
12608	-11.814893	burger
12609	-11.814922	vitali
12610	-11.814969	articipating
12611	-11.815359	nä
12612	-11.815901	chill
12613	-11.815997	ಲೇ
12614	-11.816228	travailler
12615	-11.816311	primo
12616	-11.816344	kijk
12617	-11.816624	richiedere
12618	-11.816774	പ്പെട്ട
12619	-11.816783	الع
12620	-11.817393	পার
12621	-11.817685	dores
12622	-11.818005	discussioni
12623	-11.818525	presentación
12624	-11.818635	sham
12625	-11.818695	negative
12626	-11.819168	kommentare
12627	-11.819388	éra
12628	-11.819477	rinnova
12629	-11.819835	kyun
12630	-11.820250	particular
12631	-11.820434	calendar
12632	-11.820521	говори
12633	-11.820572	ప్రత్యేక
12634	-11.820573	alimentación
12635	-11.820573	bienvenido
12636	-11.820573	constitution
12637	-11.820573	değil
12638	-11.820573	finansiell
12639	-11.820573	geschiedenis
12640	-11.820573	increasing
12641	-11.820573	insegnanti
12642	-11.820573	plusieurs
12643	-11.820573	privatsphäre
12644	-11.820573	público
12645	-11.820573	titulaire
12646	-11.820573	unisciti
12647	-11.820573	प्रमुख
12648	-11.820573	ਹੇਠ
12649	-11.820573	જોઈએ
12650	-11.820573	સામાન્ય
12651	-11.820573	వాయిద్యం
12652	-11.820574	conoscenze
12653	-11.820574	energía
12654	-11.820574	técnico
12655	-11.820574	verpflichtet
12656	-11.820574	தொடங்க
12657	-11.820576	दस्तावेज़
12658	-11.820587	erinnern
12659	-11.820611	വർഷ
12660	-11.820621	preuve
12661	-11.820657	چیز
12662	-11.820678	stephen
12663	-11.820679	justice
12664	-11.820730	licenza
12665	-11.820846	attivamente
12666	-11.821084	highlighted
12667	-11.821277	gayi
12668	-11.821335	எம்
12669	-11.821432	தன்
12670	-11.821445	surprise
12671	-11.821571	verkauf
12672	-11.821596	bengal
12673	-11.821597	emily
12674	-11.821761	cordiales
12675	-11.822030	jansen
12676	-11.822267	groot
12677	-11.822287	solicitar
12678	-11.822313	ఒ
12679	-11.822484	களைக்
12680	-11.822661	mensen
12681	-11.822683	ск
12682	-11.822742	רי
12683	-11.822767	josé
12684	-11.822830	actifs
12685	-11.823125	summit
12686	-11.823142	జు
12687	-11.823153	دار
12688	-11.823184	granted
12689	-11.823198	מד
12690	-11.823271	ചാ
12691	-11.823464	temas
12692	-11.823627	azzo
12693	-11.823713	sangat
12694	-11.823857	physio
12695	-11.823992	ిక
12696	-11.824042	terug
12697	-11.824062	responsabili
12698	-11.824242	ाचा
12699	-11.824328	sochta
12700	-11.824565	iyi
12701	-11.824675	azza
12702	-11.824718	বের
12703	-11.824819	resulting
12704	-11.824909	ధి
12705	-11.825065	marian
12706	-11.825153	patches
12707	-11.825254	ांना
12708	-11.825467	risker
12709	-11.825640	authorize
12710	-11.826283	cdc
12711	-11.826581	madre
12712	-11.826593	ovski
12713	-11.826720	challenge
12714	-11.826973	aware
12715	-11.827297	schemename
12716	-11.827528	வழங்கப்பட்ட
12717	-11.827785	ਹੀ
12718	-11.827980	िस
12719	-11.828012	ಮಾಡಿ
12720	-11.828032	అను
12721	-11.828238	ವರು
12722	-11.828351	reserva
12723	-11.828455	নার
12724	-11.828486	logistic
12725	-11.828600	drop
12726	-11.829058	സു
12727	-11.829229	olli
12728	-11.829462	desire
12729	-11.829539	divulga
12730	-11.829578	juga
12731	-11.829626	coûts
12732	-11.829661	mber
12733	-11.829741	missing
12734	-11.829778	passportnum
12735	-11.829877	faz
12736	-11.829892	libre
12737	-11.830137	క్యా
12738	-11.830188	סו
12739	-11.830912	ڈر
12740	-11.831004	வீரர்
12741	-11.831041	बद्दल
12742	-11.831099	aquarium
12743	-11.831099	impôt
12744	-11.831099	narrative
12745	-11.831099	phishing
12746	-11.831099	résoudre
12747	-11.831099	فہرست
12748	-11.831099	مختلف
12749	-11.831099	पसंदीदा
12750	-11.831099	పూర్తి
12751	-11.831099	ಎಂಬುದು
12752	-11.831100	الجزائر
12753	-11.831100	મુખ્ય
12754	-11.831100	mañana
12755	-11.831101	advisor
12756	-11.831101	राष्ट्रीय
12757	-11.831102	minimize
12758	-11.831103	kapital
12759	-11.831103	மூன்று
12760	-11.831120	aarzel
12761	-11.831122	libretto
12762	-11.831127	sottoscritto
12763	-11.831129	période
12764	-11.831138	douglas
12765	-11.831162	sdorf
12766	-11.831218	brindar
12767	-11.831238	gloves
12768	-11.831268	यहाँ
12769	-11.831279	región
12770	-11.831316	middelen
12771	-11.831340	ਡੇ
12772	-11.831503	connectez
12773	-11.831579	preparation
12774	-11.831636	prevista
12775	-11.831697	consejos
12776	-11.831702	río
12777	-11.831706	grove
12778	-11.831733	voglio
12779	-11.832152	vient
12780	-11.832665	homework
12781	-11.832693	convenu
12782	-11.832788	necessità
12783	-11.833399	aggiornati
12784	-11.833563	discovered
12785	-11.834211	শে
12786	-11.834335	requesting
12787	-11.834449	spill
12788	-11.834520	gasse
12789	-11.834648	considered
12790	-11.834952	petite
12791	-11.834976	caf
12792	-11.835078	ज्या
12793	-11.835218	tonight
12794	-11.835281	gewinn
12795	-11.835382	gallen
12796	-11.835404	ında
12797	-11.835517	fruit
12798	-11.835520	informarla
12799	-11.835789	від
12800	-11.835848	facci
12801	-11.836069	maritime
12802	-11.836371	ഃ
12803	-11.836378	estilo
12804	-11.836429	corner
12805	-11.836657	ाला
12806	-11.836792	పాల
12807	-11.836907	मन
12808	-11.836946	investering
12809	-11.836968	certifi
12810	-11.837424	récente
12811	-11.837471	jim
12812	-11.837668	niño
12813	-11.837827	authent
12814	-11.837967	employé
12815	-11.838088	ئی
12816	-11.838526	router
12817	-11.838530	commento
12818	-11.838625	effort
12819	-11.838674	ফল
12820	-11.838901	italiana
12821	-11.839340	ਵਾਰ
12822	-11.839498	אל
12823	-11.839609	terminate
12824	-11.839722	ış
12825	-11.840078	वेळ
12826	-11.840279	inviate
12827	-11.840561	weiteren
12828	-11.840643	പേ
12829	-11.840646	rabi
12830	-11.840698	inspect
12831	-11.840708	felt
12832	-11.841059	ਿਤ
12833	-11.841082	creationtime
12834	-11.841239	hausen
12835	-11.841421	ுகிறார்கள்
12836	-11.841625	प्रिय
12837	-11.841701	ਯ
12838	-11.841737	mathematik
12839	-11.841737	குறை
12840	-11.841737	ಪ್ರಾಣಿ
12841	-11.841738	alimentaire
12842	-11.841738	anweisungen
12843	-11.841738	beobachtung
12844	-11.841738	compétition
12845	-11.841738	domicile
12846	-11.841738	größe
12847	-11.841738	prestatario
12848	-11.841738	réalisé
12849	-11.841738	suggerimenti
12850	-11.841738	temporaire
12851	-11.841738	अमेरिकी
12852	-11.841738	ਆਪਣੇ
12853	-11.841738	ਸਕਦੇ
12854	-11.841738	എന്നോട്
12855	-11.841739	recupero
12856	-11.841740	genitore
12857	-11.841740	mandatory
12858	-11.841741	বাংলাদেশ
12859	-11.841742	außer
12860	-11.841743	proteger
12861	-11.841745	severity
12862	-11.841745	trigger
12863	-11.841749	lizenz
12864	-11.841749	proveedor
12865	-11.841749	했다
12866	-11.841752	విషయ
12867	-11.841755	ਦਿਓ
12868	-11.841756	tehsil
12869	-11.841785	soussigné
12870	-11.841797	bohot
12871	-11.841802	blijven
12872	-11.841822	invité
12873	-11.841857	કેટલાક
12874	-11.841860	நெ
12875	-11.841874	closing
12876	-11.841948	পারি
12877	-11.841961	inicial
12878	-11.842064	ਪੂ
12879	-11.842077	counselor
12880	-11.842134	खे
12881	-11.842194	eswaran
12882	-11.842388	shift
12883	-11.842453	regalo
12884	-11.842547	helpful
12885	-11.842610	गल
12886	-11.842622	involve
12887	-11.842646	ফা
12888	-11.842817	sofortige
12889	-11.842979	ਪਿ
12890	-11.843147	changer
12891	-11.843289	direkt
12892	-11.843320	dekhna
12893	-11.843386	debate
12894	-11.843448	ન્સ
12895	-11.843513	চার
12896	-11.843524	tenons
12897	-11.843527	जिन
12898	-11.843640	anschrift
12899	-11.843755	ಕಾರ
12900	-11.843872	genomen
12901	-11.843937	न्स
12902	-11.844076	sowie
12903	-11.844383	राज
12904	-11.845108	hawa
12905	-11.845201	jack
12906	-11.845250	scopi
12907	-11.845287	ക്കുക
12908	-11.845300	fuel
12909	-11.845411	הר
12910	-11.845638	noah
12911	-11.845773	കൊ
12912	-11.845816	ਸਤ
12913	-11.845834	invullen
12914	-11.845848	בע
12915	-11.846190	directed
12916	-11.846292	बर्
12917	-11.846666	unico
12918	-11.846769	এন
12919	-11.847049	mother
12920	-11.847366	ധി
12921	-11.848112	lexi
12922	-11.848134	argent
12923	-11.848182	prestaties
12924	-11.848195	lower
12925	-11.848339	instruction
12926	-11.848381	lini
12927	-11.848392	milti
12928	-11.848539	દી
12929	-11.848557	få
12930	-11.848890	jaz
12931	-11.848948	zag
12932	-11.849345	zwecke
12933	-11.849517	ஃப
12934	-11.849595	നായ
12935	-11.850146	impuestos
12936	-11.850326	గ్రహ
12937	-11.850452	cbc
12938	-11.850852	liana
12939	-11.851073	ಜೆ
12940	-11.851396	জার
12941	-11.851701	gemeldet
12942	-11.851739	arriva
12943	-11.852442	klassen
12944	-11.852489	డిజైన్
12945	-11.852490	akademische
12946	-11.852490	confidence
12947	-11.852490	goedgekeurd
12948	-11.852490	intellectual
12949	-11.852490	patrimonio
12950	-11.852490	vaardigheden
12951	-11.852490	आवेदन
12952	-11.852491	anwendung
12953	-11.852493	bearbeitung
12954	-11.852493	construed
12955	-11.852493	restricted
12956	-11.852501	convention
12957	-11.852511	vroeg
12958	-11.852518	réinitialis
12959	-11.852521	에서
12960	-11.852531	applies
12961	-11.852531	explorar
12962	-11.852577	హో
12963	-11.852578	iniziative
12964	-11.852602	લોકો
12965	-11.852610	ബെ
12966	-11.852612	rückfragen
12967	-11.852642	सेवा
12968	-11.852645	speriamo
12969	-11.852674	decimal
12970	-11.852687	dentaire
12971	-11.852741	schwer
12972	-11.852775	organize
12973	-11.852777	పూ
12974	-11.852794	ాన
12975	-11.852825	সালের
12976	-11.852829	ਪੇ
12977	-11.852942	lanificación
12978	-11.853158	டர்
12979	-11.853198	אתה
12980	-11.853253	einführung
12981	-11.853319	jangan
12982	-11.853458	ಸರ್
12983	-11.853461	serait
12984	-11.853611	alumno
12985	-11.853779	interactie
12986	-11.853822	dort
12987	-11.853841	ertificación
12988	-11.853842	làm
12989	-11.853978	धी
12990	-11.854107	prüf
12991	-11.854436	diaries
12992	-11.854492	horaire
12993	-11.854569	verzoeken
12994	-11.854825	பிரி
12995	-11.854927	ipod
12996	-11.855088	exceptional
12997	-11.855340	sagen
12998	-11.855421	enjoying
12999	-11.855695	preservation
13000	-11.855711	meilleur
13001	-11.855720	grow
13002	-11.856111	soumis
13003	-11.856318	હી
13004	-11.856442	presentare
13005	-11.856554	derivat
13006	-11.856968	theater
13007	-11.857047	bloc
13008	-11.857904	cdb
13009	-11.858017	ਬਿ
13010	-11.858202	retro
13011	-11.858295	delay
13012	-11.858321	பர
13013	-11.858551	யாகும்
13014	-11.858709	campaigns
13015	-11.858823	mog
13016	-11.858868	publi
13017	-11.858884	neck
13018	-11.859094	ாளர்
13019	-11.859190	commission
13020	-11.859491	networking
13021	-11.859674	norme
13022	-11.860258	abuse
13023	-11.860383	penso
13024	-11.860571	टीम
13025	-11.860724	णी
13026	-11.860732	professionel
13027	-11.860874	dbf
13028	-11.860916	પણ
13029	-11.861077	ആർ
13030	-11.861078	princ
13031	-11.861701	این
13032	-11.861833	bdd
13033	-11.861882	informé
13034	-11.861910	répond
13035	-11.862137	boss
13036	-11.862416	gramm
13037	-11.862914	auszu
13038	-11.863297	ഏ
13039	-11.863337	शु
13040	-11.863359	empfänger
13041	-11.863359	geschützt
13042	-11.863359	potenzielle
13043	-11.863359	promouvoir
13044	-11.863359	recognize
13045	-11.863359	sviluppa
13046	-11.863359	verheugd
13047	-11.863359	फॉर्म
13048	-11.863359	ধরনের
13049	-11.863359	পাঠ্য
13050	-11.863359	જણાવો
13051	-11.863359	பின்வரும்
13052	-11.863359	ఉండ
13053	-11.863359	ಪ್ರಮುಖ
13054	-11.863359	ೊಂದಿಗೆ
13055	-11.863360	spedizione
13056	-11.863361	sondaggio
13057	-11.863361	strategieën
13058	-11.863361	অংশ
13059	-11.863362	verbunden
13060	-11.863365	annoncer
13061	-11.863373	niedersachs
13062	-11.863379	করুনঃ
13063	-11.863379	organizing
13064	-11.863390	والے
13065	-11.863390	श्रीमान
13066	-11.863391	corriente
13067	-11.863393	omendaciones
13068	-11.863399	നിങ്ങൾക്ക്
13069	-11.863402	encantaría
13070	-11.863403	goedemorgen
13071	-11.863410	robin
13072	-11.863417	telemedicine
13073	-11.863420	mówi
13074	-11.863422	minutos
13075	-11.863452	bedarf
13076	-11.863454	ਵਾਲੇ
13077	-11.863461	हल
13078	-11.863489	umgehend
13079	-11.863501	മ്മ
13080	-11.863505	creo
13081	-11.863571	risoluzione
13082	-11.863688	bücher
13083	-11.863897	gstin
13084	-11.863944	golden
13085	-11.864098	totaal
13086	-11.864195	minimal
13087	-11.864546	excel
13088	-11.864894	fokus
13089	-11.865133	attente
13090	-11.865180	loggen
13091	-11.865192	salutations
13092	-11.865510	victoria
13093	-11.865940	bezahlen
13094	-11.866052	ಹೊಂದ
13095	-11.866128	beneficial
13096	-11.866328	poser
13097	-11.866409	zimmer
13098	-11.866576	sluit
13099	-11.866592	débit
13100	-11.866596	omvat
13101	-11.866707	ruth
13102	-11.866737	solicit
13103	-11.866876	clima
13104	-11.867501	பெயர
13105	-11.867602	angeli
13106	-11.867911	merce
13107	-11.868056	ించారు
13108	-11.868059	nego
13109	-11.868116	minum
13110	-11.868233	misión
13111	-11.868682	resp
13112	-11.869401	केली
13113	-11.869531	haber
13114	-11.869831	joining
13115	-11.869919	مش
13116	-11.870555	ਲੋ
13117	-11.870738	భా
13118	-11.871044	ிலிருந்து
13119	-11.871334	ജോ
13120	-11.871404	nahm
13121	-11.871428	اے
13122	-11.871447	वाला
13123	-11.871599	दार
13124	-11.871645	దీ
13125	-11.871893	ट्स
13126	-11.872112	discrimina
13127	-11.872148	מא
13128	-11.872296	cine
13129	-11.872577	चल
13130	-11.873019	ком
13131	-11.873180	ఆట
13132	-11.873403	இருக்க
13133	-11.873631	méthodes
13134	-11.874019	sweet
13135	-11.874279	involucra
13136	-11.874328	ఫె
13137	-11.874340	evolution
13138	-11.874349	asegúrese
13139	-11.874349	bankruptcy
13140	-11.874349	eligibility
13141	-11.874349	encuentra
13142	-11.874349	flexible
13143	-11.874349	gespeichert
13144	-11.874349	gonzalez
13145	-11.874349	verletzung
13146	-11.874349	खूप
13147	-11.874349	ਦੁਆਰਾ
13148	-11.874349	ఇంటి
13149	-11.874349	వల్ల
13150	-11.874350	conexión
13151	-11.874350	esercizi
13152	-11.874350	implica
13153	-11.874351	మార్గం
13154	-11.874352	erkenntnisse
13155	-11.874368	disputa
13156	-11.874392	тебе
13157	-11.874393	voorkeur
13158	-11.874401	അമേരിക്കൻ
13159	-11.874415	െന്ന്
13160	-11.874421	लेकिन
13161	-11.874440	ہوتا
13162	-11.874443	organizzando
13163	-11.874446	advies
13164	-11.874587	ਪੋ
13165	-11.874603	explain
13166	-11.874643	nieuwste
13167	-11.874680	પિ
13168	-11.874749	cái
13169	-11.874755	bailey
13170	-11.874857	planned
13171	-11.874889	vào
13172	-11.875237	demandons
13173	-11.875381	selected
13174	-11.875435	ха
13175	-11.875654	alerte
13176	-11.875747	montrent
13177	-11.875966	nothing
13178	-11.876151	investerings
13179	-11.876558	ਟ੍ਰ
13180	-11.876581	affecting
13181	-11.876759	herstel
13182	-11.876987	lavorare
13183	-11.877056	డీ
13184	-11.877171	changed
13185	-11.877238	verandering
13186	-11.877327	jeya
13187	-11.877337	greg
13188	-11.877894	పడ
13189	-11.878560	promises
13190	-11.878592	ಚೆ
13191	-11.878654	nachfolgend
13192	-11.878750	skatt
13193	-11.878794	confirmez
13194	-11.878824	sfide
13195	-11.878872	ನಿಯ
13196	-11.879133	jong
13197	-11.879479	photograph
13198	-11.880048	wallis
13199	-11.880308	schritt
13200	-11.880961	öka
13201	-11.881040	తులు
13202	-11.881426	फल
13203	-11.881441	jura
13204	-11.881512	prä
13205	-11.881713	interpret
13206	-11.881982	ತ್ತಿ
13207	-11.882641	నై
13208	-11.882666	geokoordinat
13209	-11.882674	maur
13210	-11.882731	sekundäre
13211	-11.882932	ਸੋ
13212	-11.883600	accepté
13213	-11.884046	সব
13214	-11.884586	partnerships
13215	-11.884986	erstrasse
13216	-11.885105	ño
13217	-11.885459	maturity
13218	-11.885460	académico
13219	-11.885460	antecedentes
13220	-11.885460	construcción
13221	-11.885460	espérons
13222	-11.885460	essenziale
13223	-11.885460	productivity
13224	-11.885460	अनिकेत
13225	-11.885460	उम्र
13226	-11.885460	मौसम
13227	-11.885460	शिंदे
13228	-11.885460	వివిధ
13229	-11.885460	ಪಠ್ಯವನ್ನು
13230	-11.885461	joyería
13231	-11.885461	några
13232	-11.885461	seleziona
13233	-11.885463	eventuele
13234	-11.885463	indagine
13235	-11.885463	ఆహార
13236	-11.885464	certify
13237	-11.885465	première
13238	-11.885468	tendances
13239	-11.885470	genoemd
13240	-11.885474	applied
13241	-11.885475	രാജ്യ
13242	-11.885478	worry
13243	-11.885478	বিভিন্ন
13244	-11.885491	ספר
13245	-11.885511	wirklich
13246	-11.885522	fisica
13247	-11.885522	riscontrato
13248	-11.885538	ministración
13249	-11.885548	conversazion
13250	-11.885560	diseñado
13251	-11.885568	दोस्तों
13252	-11.885598	ಹ್
13253	-11.885607	celebration
13254	-11.885611	ostenibilità
13255	-11.885634	मानसी
13256	-11.885686	applicazione
13257	-11.885763	maintenir
13258	-11.885780	maladie
13259	-11.885814	odor
13260	-11.885980	solicitante
13261	-11.886020	chacun
13262	-11.886137	ஆர்
13263	-11.886310	కింగ్
13264	-11.886371	precio
13265	-11.886509	चीन
13266	-11.886733	serán
13267	-11.886945	pruebas
13268	-11.887113	యర్
13269	-11.887189	erweise
13270	-11.887261	intersex
13271	-11.887433	accountnum
13272	-11.887517	יו
13273	-11.887544	explorer
13274	-11.887627	doelen
13275	-11.887960	jaise
13276	-11.887986	இருந்த
13277	-11.888078	लू
13278	-11.888251	वापर
13279	-11.888394	protecting
13280	-11.888523	dorm
13281	-11.888577	specie
13282	-11.888695	மூ
13283	-11.888723	achtung
13284	-11.888753	बीच
13285	-11.888845	contribuer
13286	-11.888854	gó
13287	-11.888873	ங்கள
13288	-11.889000	nita
13289	-11.889086	msg
13290	-11.889176	chou
13291	-11.889192	compromised
13292	-11.889433	studierenden
13293	-11.889585	वाद
13294	-11.889901	soziale
13295	-11.889976	modello
13296	-11.890063	productos
13297	-11.890462	्ट
13298	-11.890593	alarm
13299	-11.890647	ચિ
13300	-11.890832	ছা
13301	-11.891030	horst
13302	-11.891405	inspire
13303	-11.891555	వ్య
13304	-11.891974	تق
13305	-11.891987	tienda
13306	-11.892157	leggen
13307	-11.892303	invaluable
13308	-11.892405	greatly
13309	-11.892420	boom
13310	-11.892995	stakeholder
13311	-11.893373	сі
13312	-11.894156	conoce
13313	-11.894190	ਜ਼ਾ
13314	-11.894725	എസ്
13315	-11.895012	रात
13316	-11.895098	tief
13317	-11.895557	muz
13318	-11.896397	habla
13319	-11.896565	രുടെ
13320	-11.896685	ிற்கு
13321	-11.896695	சூரிய
13322	-11.896696	auguriamo
13323	-11.896696	doktorin
13324	-11.896696	enriquecedor
13325	-11.896696	regelgeving
13326	-11.896696	त्यांनी
13327	-11.896696	চিহ্নিত
13328	-11.896696	పాఠం
13329	-11.896696	మూడు
13330	-11.896697	packaging
13331	-11.896697	महत्वपूर्ण
13332	-11.896698	lgbtq
13333	-11.896700	विषय
13334	-11.896701	मधील
13335	-11.896708	escuela
13336	-11.896713	voeding
13337	-11.896716	verkoop
13338	-11.896722	basierend
13339	-11.896722	অর্থ
13340	-11.896724	trastorno
13341	-11.896727	کہاں
13342	-11.896742	oficina
13343	-11.896745	richiedente
13344	-11.896749	khayal
13345	-11.896753	mensile
13346	-11.896773	unirse
13347	-11.896806	erkennen
13348	-11.896827	ਦੋ
13349	-11.896832	length
13350	-11.896870	valido
13351	-11.896879	त्याच्या
13352	-11.896966	ರುತ್ತದೆ
13353	-11.896976	avrà
13354	-11.897017	considerando
13355	-11.897028	haryana
13356	-11.897054	apprendre
13357	-11.897076	झाला
13358	-11.897122	paas
13359	-11.897263	karnataka
13360	-11.897406	square
13361	-11.897630	अप
13362	-11.897674	stuff
13363	-11.897762	सांगा
13364	-11.897897	freund
13365	-11.898145	bezig
13366	-11.898340	tahun
13367	-11.898433	angemeldet
13368	-11.898617	হয়েছে
13369	-11.898834	chiederti
13370	-11.898939	terrace
13371	-11.899158	ഗി
13372	-11.899194	नौ
13373	-11.899368	remediation
13374	-11.899727	ரீ
13375	-11.899877	য়ার
13376	-11.899905	alternativa
13377	-11.900126	choisi
13378	-11.900131	aient
13379	-11.900173	geleid
13380	-11.900208	informative
13381	-11.900321	जल
13382	-11.901269	payé
13383	-11.901608	acepta
13384	-11.901879	valutare
13385	-11.901937	continuare
13386	-11.902325	hors
13387	-11.902499	iets
13388	-11.902673	revisado
13389	-11.902937	influencer
13390	-11.903165	boz
13391	-11.903316	confermata
13392	-11.903398	schü
13393	-11.903731	assicurato
13394	-11.904080	इसके
13395	-11.904094	ernst
13396	-11.904132	observa
13397	-11.904174	су
13398	-11.904508	pattern
13399	-11.904666	rupee
13400	-11.904703	cambiare
13401	-11.905025	बंद
13402	-11.905042	लिंग
13403	-11.905050	libri
13404	-11.905920	positie
13405	-11.905930	nio
13406	-11.906491	winter
13407	-11.906497	টো
13408	-11.906517	निक
13409	-11.906532	डर
13410	-11.906943	emotivo
13411	-11.906965	சே
13412	-11.907495	சூ
13413	-11.907939	struktur
13414	-11.907953	ించిన
13415	-11.907969	primera
13416	-11.907973	jugend
13417	-11.908003	efficaci
13418	-11.908031	प्रकाश
13419	-11.908059	amphibien
13420	-11.908059	capacità
13421	-11.908059	geschätzt
13422	-11.908059	تھے
13423	-11.908059	तुम्हें
13424	-11.908059	पेक्षा
13425	-11.908059	প্রধান
13426	-11.908059	ਤੱਕ
13427	-11.908060	dispositivi
13428	-11.908060	ricevuta
13429	-11.908061	ഞ്ച
13430	-11.908066	కుక్క
13431	-11.908068	google
13432	-11.908068	longitude
13433	-11.908068	ഞാൻ
13434	-11.908069	ರಾಜ್ಯ
13435	-11.908076	tecnico
13436	-11.908092	চ্ছ
13437	-11.908093	చేయాలి
13438	-11.908098	రికార్డు
13439	-11.908108	residencia
13440	-11.908112	basket
13441	-11.908113	ஜோ
13442	-11.908119	punjab
13443	-11.908169	krismas
13444	-11.908180	terrario
13445	-11.908239	ਉਹ
13446	-11.908253	diversidad
13447	-11.908260	ruimte
13448	-11.908309	ification
13449	-11.908360	ਗਈ
13450	-11.908363	quota
13451	-11.908494	detto
13452	-11.908555	gier
13453	-11.908581	ವೇನು
13454	-11.909088	sess
13455	-11.909343	compile
13456	-11.909524	बघ
13457	-11.909810	supportive
13458	-11.909874	military
13459	-11.909879	lunch
13460	-11.910250	continuing
13461	-11.910454	dakota
13462	-11.910503	bauer
13463	-11.910556	consignor
13464	-11.910572	slip
13465	-11.910751	nivel
13466	-11.910944	wijzigingen
13467	-11.911077	engaged
13468	-11.912110	chiedere
13469	-11.912558	ਸਾਲ
13470	-11.912777	यादी
13471	-11.912786	ફા
13472	-11.912911	ியது
13473	-11.913177	జన
13474	-11.913230	voel
13475	-11.913363	procesar
13476	-11.913511	र्न
13477	-11.913886	زا
13478	-11.914063	demonstrate
13479	-11.914085	promise
13480	-11.914234	väl
13481	-11.914252	antonio
13482	-11.914444	ningar
13483	-11.915856	ಕ್ರಿ
13484	-11.916085	registrati
13485	-11.916134	cruz
13486	-11.916253	תו
13487	-11.916553	dinero
13488	-11.916731	ohne
13489	-11.916996	donna
13490	-11.917032	priorit
13491	-11.917154	guill
13492	-11.917597	ண்ண
13493	-11.917674	asking
13494	-11.917675	sicherung
13495	-11.917691	ட்டர்
13496	-11.917927	noise
13497	-11.917976	antwoord
13498	-11.918046	त्व
13499	-11.918326	ഇത്
13500	-11.918343	critic
13501	-11.918585	maría
13502	-11.918670	progresso
13503	-11.918681	gedrags
13504	-11.918764	са
13505	-11.919065	ಾನ
13506	-11.919424	ನ್ಸ್
13507	-11.919484	অনুচ্ছেদ
13508	-11.919527	ஞ்ச
13509	-11.919554	equivalent
13510	-11.919554	introduzione
13511	-11.919554	invloed
13512	-11.919554	recycling
13513	-11.919554	rimborso
13514	-11.919554	त्यांच्या
13515	-11.919554	ਢ
13516	-11.919554	ਹੁੰਦਾ
13517	-11.919554	જોતાં
13518	-11.919554	ఆసక్తి
13519	-11.919554	ಗುರುತಿಸಿಃ
13520	-11.919554	ಸಮಯ
13521	-11.919554	വേർതിരിച്ച
13522	-11.919555	efectiva
13523	-11.919559	seamless
13524	-11.919560	heritage
13525	-11.919561	speech
13526	-11.919562	fissato
13527	-11.919563	শহর
13528	-11.919575	eigendom
13529	-11.919588	investigator
13530	-11.919589	ಪ್ರದೇಶ
13531	-11.919604	ഭാഷ
13532	-11.919612	ನಾಯಿ
13533	-11.919615	అందించండి
13534	-11.919645	methodology
13535	-11.919713	reveal
13536	-11.919715	तुमच्या
13537	-11.919720	어를
13538	-11.919727	laptop
13539	-11.919741	obligatie
13540	-11.919794	trim
13541	-11.919800	ಮೊ
13542	-11.919912	odisha
13543	-11.920052	geführt
13544	-11.920092	paymentdates
13545	-11.920115	registrata
13546	-11.920196	thrilled
13547	-11.920235	ાન
13548	-11.920478	nachhilfe
13549	-11.920537	concerning
13550	-11.920618	agit
13551	-11.920666	identificado
13552	-11.920711	diagram
13553	-11.920731	emissions
13554	-11.920860	beveiligd
13555	-11.920949	нь
13556	-11.921165	పాట
13557	-11.921318	driven
13558	-11.921320	traer
13559	-11.921357	abilité
13560	-11.921434	bryan
13561	-11.921554	ministra
13562	-11.921722	tamil
13563	-11.921792	leiter
13564	-11.921940	ற்று
13565	-11.921960	jona
13566	-11.922346	ایس
13567	-11.922358	quello
13568	-11.922672	महा
13569	-11.922957	observacione
13570	-11.923098	ിനെക്കുറിച്ച
13571	-11.923254	તાર
13572	-11.923281	elect
13573	-11.923399	opinioni
13574	-11.923580	ప్రారంభించ
13575	-11.923679	recordar
13576	-11.923684	italian
13577	-11.923735	hält
13578	-11.925104	passé
13579	-11.925227	ుతున్న
13580	-11.926603	ভার
13581	-11.926656	rappeler
13582	-11.926782	ву
13583	-11.926810	סי
13584	-11.927111	dauer
13585	-11.927487	leiten
13586	-11.927855	evans
13587	-11.927891	demographic
13588	-11.928135	विश्व
13589	-11.928706	க்கிறது
13590	-11.929166	song
13591	-11.929771	luz
13592	-11.929771	ಿತ
13593	-11.929827	ંડ
13594	-11.929849	sabki
13595	-11.930071	समझ
13596	-11.930120	وٹ
13597	-11.930182	succes
13598	-11.930343	strand
13599	-11.930346	feest
13600	-11.930358	analyser
13601	-11.930490	ائن
13602	-11.930602	गति
13603	-11.930630	contributi
13604	-11.930777	sortie
13605	-11.931181	నంబరు
13606	-11.931182	approprié
13607	-11.931182	auvergne
13608	-11.931182	entwickelt
13609	-11.931182	experiencing
13610	-11.931182	geriatric
13611	-11.931182	geweldig
13612	-11.931182	inklusive
13613	-11.931182	ompréhension
13614	-11.931182	pédiatrique
13615	-11.931182	আমাদের
13616	-11.931182	ഇന്ത്യ
13617	-11.931183	adecuado
13618	-11.931183	argomento
13619	-11.931183	deductions
13620	-11.931183	gelderland
13621	-11.931183	herausforder
13622	-11.931186	प्रभाव
13623	-11.931188	prodotti
13624	-11.931188	जल्द
13625	-11.931191	दोस्त
13626	-11.931196	oplossing
13627	-11.931208	medikament
13628	-11.931227	qualcosa
13629	-11.931244	ാണോ
13630	-11.931256	realizado
13631	-11.931268	ത്തിലെ
13632	-11.931318	máy
13633	-11.931385	evitare
13634	-11.931392	informiamo
13635	-11.931416	wajah
13636	-11.931457	விமான
13637	-11.931547	வோ
13638	-11.931548	ਕਰਦੇ
13639	-11.931620	viewport
13640	-11.931627	ണ്ട്
13641	-11.931633	ંક
13642	-11.931872	dosti
13643	-11.931916	షా
13644	-11.932168	electrical
13645	-11.932663	کام
13646	-11.932713	geï
13647	-11.932825	clearly
13648	-11.932871	राहत
13649	-11.932993	tardes
13650	-11.933016	zins
13651	-11.933193	owned
13652	-11.933211	தொ
13653	-11.933606	চে
13654	-11.933842	comunicarse
13655	-11.934002	rija
13656	-11.934114	samajhna
13657	-11.934232	இருக்கும்
13658	-11.934484	voraus
13659	-11.934587	compilare
13660	-11.934836	classic
13661	-11.935078	ಎಂಬ
13662	-11.935081	এমন
13663	-11.935179	susan
13664	-11.935240	sochna
13665	-11.935696	boden
13666	-11.935925	ऑफ
13667	-11.936255	rzy
13668	-11.936774	öffentliche
13669	-11.936915	klaus
13670	-11.937188	ತ್ಯ
13671	-11.937207	johann
13672	-11.937294	ఎల్
13673	-11.937527	gelijk
13674	-11.937771	బుల్
13675	-11.937890	specializza
13676	-11.938016	ঙ্ক
13677	-11.938231	contar
13678	-11.938411	leiden
13679	-11.938521	opening
13680	-11.938750	honest
13681	-11.938774	scheid
13682	-11.938851	vrai
13683	-11.938936	metodo
13684	-11.939139	ট্র
13685	-11.939514	informar
13686	-11.939695	operative
13687	-11.939960	functional
13688	-11.939977	bürger
13689	-11.940087	ਬਲ
13690	-11.940232	torno
13691	-11.940265	feed
13692	-11.940433	emittente
13693	-11.941439	gaye
13694	-11.941870	america
13695	-11.942168	altre
13696	-11.942265	angeben
13697	-11.942329	relations
13698	-11.942473	పొ
13699	-11.942675	കി
13700	-11.942692	చెప్ప
13701	-11.942832	eyj
13702	-11.942926	ఫీ
13703	-11.942932	sequence
13704	-11.942946	conferencia
13705	-11.942946	essentieel
13706	-11.942946	histórico
13707	-11.942946	sostenible
13708	-11.942946	volatility
13709	-11.942946	énergie
13710	-11.942946	هذا
13711	-11.942946	आमंत्रित
13712	-11.942946	चर्चा
13713	-11.942946	माहीत
13714	-11.942946	ਬਹੁਤ
13715	-11.942946	ਸ਼ਹਿਰ
13716	-11.942946	பொதுவாக
13717	-11.942946	అమెరికన్
13718	-11.942946	ప్రజలు
13719	-11.942946	ನಡುವಿನ
13720	-11.942947	adequate
13721	-11.942947	shabnam
13722	-11.942948	requisitos
13723	-11.942949	följ
13724	-11.942949	gefragt
13725	-11.942950	ભારત
13726	-11.942951	നഗര
13727	-11.942955	શહેર
13728	-11.942958	revelar
13729	-11.942960	containing
13730	-11.942960	hardware
13731	-11.942968	communities
13732	-11.942968	आपल्या
13733	-11.942984	foreign
13734	-11.942986	tuition
13735	-11.942993	surgery
13736	-11.943027	trabajando
13737	-11.943053	spezielle
13738	-11.943055	ہوتی
13739	-11.943086	ਗਏ
13740	-11.943090	valutazioni
13741	-11.943106	situato
13742	-11.943116	cottage
13743	-11.943119	కానీ
13744	-11.943127	ਬੋ
13745	-11.943187	શકે
13746	-11.943406	voorbeeld
13747	-11.943440	christopher
13748	-11.943490	elkaar
13749	-11.943507	dutch
13750	-11.943578	assegnato
13751	-11.943660	moz
13752	-11.943694	ല്ലാ
13753	-11.943809	মার
13754	-11.943882	kerala
13755	-11.943931	montré
13756	-11.943955	திரு
13757	-11.943958	cook
13758	-11.944037	sättning
13759	-11.944160	мене
13760	-11.944287	vamos
13761	-11.944368	ocd
13762	-11.944571	paseo
13763	-11.944609	ਆਮ
13764	-11.944660	attendons
13765	-11.944810	kru
13766	-11.944846	coach
13767	-11.945046	ക്സ്
13768	-11.945138	celebra
13769	-11.945335	संदेश
13770	-11.945382	hohe
13771	-11.945590	batch
13772	-11.945893	fertig
13773	-11.945898	מר
13774	-11.945996	ен
13775	-11.946485	gì
13776	-11.946507	ಕ್ರ
13777	-11.946968	शो
13778	-11.946975	आया
13779	-11.947128	ಬರ್
13780	-11.947138	victor
13781	-11.947285	opciones
13782	-11.948234	whose
13783	-11.948865	سان
13784	-11.949002	ого
13785	-11.949018	valley
13786	-11.949059	काळ
13787	-11.949187	altijd
13788	-11.949194	ਚਾਰ
13789	-11.949450	estimate
13790	-11.949451	acker
13791	-11.950394	ತ್ವ
13792	-11.950854	kids
13793	-11.951397	brig
13794	-11.951705	ಹೋ
13795	-11.953485	ры
13796	-11.954039	اں
13797	-11.954207	காண
13798	-11.954276	nev
13799	-11.954414	ర్స్
13800	-11.954645	localisation
13801	-11.954850	beleggings
13802	-11.954850	அனைத்து
13803	-11.954851	compagnia
13804	-11.954851	duurzame
13805	-11.954851	fundraising
13806	-11.954851	geografiche
13807	-11.954851	règles
13808	-11.954851	scientist
13809	-11.954851	simulación
13810	-11.954851	sostegno
13811	-11.954851	uttarakhand
13812	-11.954851	कितनी
13813	-11.954851	निकालें
13814	-11.954851	ভিত্তি
13815	-11.954851	যুক্তরাষ্ট্র
13816	-11.954851	అతని
13817	-11.954851	ಭಾಷೆ
13818	-11.954851	ಮುಖ್ಯ
13819	-11.954852	ಭಾರತ
13820	-11.954853	costruzione
13821	-11.954853	graduation
13822	-11.954854	diabetes
13823	-11.954854	linguistic
13824	-11.954854	prestazioni
13825	-11.954854	valiosa
13826	-11.954856	söyle
13827	-11.954857	juvenil
13828	-11.954859	imagine
13829	-11.954861	innovador
13830	-11.954861	maisonette
13831	-11.954861	éviter
13832	-11.954875	sàrl
13833	-11.954879	উপায়
13834	-11.954883	compiti
13835	-11.954884	freedom
13836	-11.954906	ಬಂ
13837	-11.954921	autorisation
13838	-11.954924	न्यू
13839	-11.954928	gewicht
13840	-11.954930	melding
13841	-11.954944	carrière
13842	-11.954946	ఉన్నాను
13843	-11.954977	пре
13844	-11.955010	lopez
13845	-11.955043	হু
13846	-11.955044	그는
13847	-11.955119	estrés
13848	-11.955159	robinson
13849	-11.955179	kelly
13850	-11.955187	gedaan
13851	-11.955216	broker
13852	-11.955251	retained
13853	-11.955275	प्रो
13854	-11.955365	ungewöhnlich
13855	-11.955410	komst
13856	-11.955497	சான்
13857	-11.955626	crew
13858	-11.955693	prezzo
13859	-11.955754	ddf
13860	-11.955802	rispettare
13861	-11.955860	teresa
13862	-11.955955	kayak
13863	-11.956129	medewerkers
13864	-11.956270	proven
13865	-11.956274	henry
13866	-11.956321	danger
13867	-11.956942	piacere
13868	-11.957006	occupational
13869	-11.957198	dream
13870	-11.957210	applying
13871	-11.957216	istische
13872	-11.957218	turner
13873	-11.957252	fantastico
13874	-11.957488	identificato
13875	-11.957602	skriv
13876	-11.957696	chiede
13877	-11.957941	hauteur
13878	-11.957967	ihm
13879	-11.958219	gilt
13880	-11.958269	candle
13881	-11.958426	নী
13882	-11.958581	rasferimento
13883	-11.958700	lenge
13884	-11.959577	kopen
13885	-11.959889	immédiat
13886	-11.959970	नियम
13887	-11.960730	שה
13888	-11.961297	girl
13889	-11.961339	brunn
13890	-11.961553	ദി
13891	-11.962366	পারেন
13892	-11.962602	econtroleerd
13893	-11.962661	accidental
13894	-11.962673	वाट
13895	-11.963069	expire
13896	-11.963845	இந்திய
13897	-11.964079	pratique
13898	-11.964140	mentionné
13899	-11.964164	ofrecer
13900	-11.964236	commentaire
13901	-11.964236	rappresentan
13902	-11.964378	மதிப்ப
13903	-11.964528	ಿದರು
13904	-11.964835	hogi
13905	-11.964902	роз
13906	-11.965462	ಸಾಮಾನ್ಯವಾಗಿ
13907	-11.965584	щ
13908	-11.965603	رس
13909	-11.965956	ий
13910	-11.966197	establece
13911	-11.966273	thrill
13912	-11.966588	serious
13913	-11.966802	आवश्यक
13914	-11.966860	ప్రసిద్ధ
13915	-11.966899	anniversaire
13916	-11.966899	freiwilligen
13917	-11.966899	jubilación
13918	-11.966899	ncorporating
13919	-11.966899	आगरा
13920	-11.966899	ਕਦੋਂ
13921	-11.966899	અલગ
13922	-11.966900	prefiero
13923	-11.966901	percentage
13924	-11.966901	precedent
13925	-11.966902	squadra
13926	-11.966904	aspekte
13927	-11.966904	reducing
13928	-11.966911	umgebung
13929	-11.966911	wondering
13930	-11.966911	எழுதுங்கள்
13931	-11.966912	வகைப்படுத்த
13932	-11.966944	ఇతర
13933	-11.966951	agricole
13934	-11.966952	devrait
13935	-11.966958	belajar
13936	-11.966963	disabilities
13937	-11.966970	gebeten
13938	-11.966983	voldoen
13939	-11.966996	ಕಾರಣ
13940	-11.967023	ತಂಡ
13941	-11.967032	miguel
13942	-11.967165	ਕਰਦਾ
13943	-11.967168	کرنا
13944	-11.967224	ਗੁ
13945	-11.967225	donald
13946	-11.967365	engine
13947	-11.967505	università
13948	-11.967595	interessati
13949	-11.967599	तिला
13950	-11.967674	exposition
13951	-11.967958	threats
13952	-11.968438	oliver
13953	-11.968596	consultare
13954	-11.969189	chime
13955	-11.969446	सीख
13956	-11.969473	contribuire
13957	-11.969637	ಅಮೆರಿಕ
13958	-11.969713	rapportage
13959	-11.970046	adapté
13960	-11.970240	silver
13961	-11.970259	emessa
13962	-11.970558	llamar
13963	-11.970936	punten
13964	-11.972222	tür
13965	-11.972333	parcours
13966	-11.972514	actif
13967	-11.973095	welke
13968	-11.973145	aktuell
13969	-11.973692	কথা
13970	-11.974024	negocios
13971	-11.974267	ги
13972	-11.974387	assign
13973	-11.974389	sopra
13974	-11.974427	ഡാ
13975	-11.974471	fbc
13976	-11.974540	though
13977	-11.974621	serra
13978	-11.974768	शकत
13979	-11.974934	ں
13980	-11.975049	contexto
13981	-11.975091	ਡਿ
13982	-11.975101	einmal
13983	-11.975207	voordat
13984	-11.975472	volledige
13985	-11.975722	zü
13986	-11.975745	ఫై
13987	-11.975791	trabajar
13988	-11.976019	gezond
13989	-11.976112	િન
13990	-11.976209	रिया
13991	-11.976266	hamburg
13992	-11.976362	procédure
13993	-11.976519	délai
13994	-11.976838	जिस
13995	-11.977015	గ్ర
13996	-11.977165	ਨੋ
13997	-11.977248	ਤਾਰ
13998	-11.977488	storie
13999	-11.977894	actualizada
14000	-11.978114	ধা
14001	-11.978148	notional
14002	-11.978149	changement
14003	-11.978227	fils
14004	-11.978354	professorin
14005	-11.978544	animali
14006	-11.978767	okumentation
14007	-11.979094	বন্ধ
14008	-11.979095	artificial
14009	-11.979095	diversified
14010	-11.979095	efficiënt
14011	-11.979095	entschieden
14012	-11.979095	génétique
14013	-11.979095	kennzeichen
14014	-11.979095	mathematics
14015	-11.979095	relacionada
14016	-11.979095	sécuriser
14017	-11.979095	évolution
14018	-11.979095	जैसे
14019	-11.979095	सचिन
14020	-11.979095	பொதுவான
14021	-11.979095	అతను
14022	-11.979095	ಫುಟ್ಬಾಲ್
14023	-11.979095	risolvere
14024	-11.979095	పేరా
14025	-11.979096	புத்தக
14026	-11.979098	otherwise
14027	-11.979102	abonnement
14028	-11.979105	faktor
14029	-11.979105	دیکھتے
14030	-11.979110	ciascun
14031	-11.979110	respective
14032	-11.979111	horizon
14033	-11.979121	oncology
14034	-11.979125	wohnhaft
14035	-11.979134	luzern
14036	-11.979140	하고
14037	-11.979154	जिंक
14038	-11.979177	ziehen
14039	-11.979185	bldg
14040	-11.979188	puerto
14041	-11.979208	volontariato
14042	-11.979211	succesvol
14043	-11.979248	तुजा
14044	-11.979374	ção
14045	-11.979435	mellan
14046	-11.979489	ziekte
14047	-11.979501	policynum
14048	-11.979534	bett
14049	-11.979576	bijwerken
14050	-11.979964	tariff
14051	-11.980030	cooking
14052	-11.980052	closely
14053	-11.980059	இன்
14054	-11.980161	habi
14055	-11.980643	તુ
14056	-11.980888	celebrate
14057	-11.980998	climate
14058	-11.981007	strike
14059	-11.981052	leisten
14060	-11.981600	izzazione
14061	-11.981863	ੰਦ
14062	-11.981886	marca
14063	-11.981913	modul
14064	-11.982100	مح
14065	-11.982330	photography
14066	-11.982845	গত
14067	-11.983000	ayudarte
14068	-11.983038	examine
14069	-11.983430	juri
14070	-11.983433	oire
14071	-11.983529	üss
14072	-11.983602	lungo
14073	-11.983915	milke
14074	-11.984096	niños
14075	-11.984466	bekend
14076	-11.984560	änderung
14077	-11.984859	aktivität
14078	-11.984966	הו
14079	-11.985003	preocupa
14080	-11.985118	দ্য
14081	-11.985318	সো
14082	-11.985635	nlnl
14083	-11.985679	कप
14084	-11.985895	నివసిస్తున్న
14085	-11.986884	autorizzato
14086	-11.987030	curr
14087	-11.987144	کٹ
14088	-11.987334	spéciale
14089	-11.987428	ഹോ
14090	-11.987616	பன்
14091	-11.987839	concours
14092	-11.988484	সন
14093	-11.988538	transformati
14094	-11.988539	gott
14095	-11.988594	gust
14096	-11.988594	ofrece
14097	-11.988783	தர
14098	-11.989239	crisi
14099	-11.989363	تك
14100	-11.989451	karke
14101	-11.989616	followed
14102	-11.989678	عن
14103	-11.989819	bourg
14104	-11.989824	क्षण
14105	-11.990213	trovi
14106	-11.990294	ರಿಗೆ
14107	-11.990427	scala
14108	-11.990861	िका
14109	-11.991289	honor
14110	-11.991385	disclosed
14111	-11.991426	લખાણ
14112	-11.991436	ৎ
14113	-11.991440	alfabetizza
14114	-11.991440	désormais
14115	-11.991440	existential
14116	-11.991440	manufacturer
14117	-11.991440	säkerhet
14118	-11.991440	vereinbart
14119	-11.991440	अनुसार
14120	-11.991440	যুক্ত
14121	-11.991440	ਪ੍ਰਸਿੱਧ
14122	-11.991440	முடியுமா
14123	-11.991441	betroffene
14124	-11.991441	స్టేట్స్
14125	-11.991442	erwartet
14126	-11.991442	swedish
14127	-11.991442	புள்ளி
14128	-11.991443	emphasize
14129	-11.991445	renovation
14130	-11.991446	किताब
14131	-11.991448	planifier
14132	-11.991449	convenient
14133	-11.991449	referentie
14134	-11.991451	festgelegt
14135	-11.991455	misschien
14136	-11.991467	kwestie
14137	-11.991476	bzuschließen
14138	-11.991484	firewall
14139	-11.991488	ఉండే
14140	-11.991494	உலகின்
14141	-11.991496	scrivere
14142	-11.991505	geburtstag
14143	-11.991512	siège
14144	-11.991523	valentin
14145	-11.991523	మానవ
14146	-11.991544	expectations
14147	-11.991575	dietary
14148	-11.991654	iên
14149	-11.991682	லெ
14150	-11.991687	wollte
14151	-11.991696	debido
14152	-11.991735	बनाना
14153	-11.991872	നില
14154	-11.991881	пу
14155	-11.991966	logan
14156	-11.991994	combina
14157	-11.992055	அவை
14158	-11.992102	tagebuch
14159	-11.992123	quarterly
14160	-11.992138	भि
14161	-11.992161	busca
14162	-11.992364	மின்
14163	-11.992395	search
14164	-11.992802	broek
14165	-11.993046	inscrit
14166	-11.993117	priorità
14167	-11.993187	contenido
14168	-11.993246	قر
14169	-11.993272	hinzu
14170	-11.993332	lutte
14171	-11.993407	invito
14172	-11.993418	কম
14173	-11.994038	largo
14174	-11.994251	vér
14175	-11.994268	periodic
14176	-11.994284	שר
14177	-11.994386	seite
14178	-11.994392	ட்ஸ்
14179	-11.994527	دیں
14180	-11.994622	три
14181	-11.994911	technieken
14182	-11.995011	pizza
14183	-11.995047	tracked
14184	-11.995179	permiso
14185	-11.995456	virus
14186	-11.995500	expires
14187	-11.995731	telefonisch
14188	-11.995788	schicke
14189	-11.995804	ുകളുടെ
14190	-11.996255	izada
14191	-11.996290	చూడ
14192	-11.996350	raised
14193	-11.996469	normen
14194	-11.996645	würden
14195	-11.996932	michelle
14196	-11.996984	ceux
14197	-11.996997	isabel
14198	-11.997212	িয়ার
14199	-11.997214	stenibilidad
14200	-11.997325	करती
14201	-11.997335	ম্যা
14202	-11.997677	braun
14203	-11.997766	röffentlicht
14204	-11.998116	orrettamente
14205	-11.998190	concerné
14206	-11.998474	passer
14207	-11.998969	enviarle
14208	-11.999423	accia
14209	-11.999919	schulungs
14210	-12.000340	చేయగల
14211	-12.000553	وم
14212	-12.000877	inkomsten
14213	-12.001031	severe
14214	-12.001379	्प
14215	-12.001464	superiore
14216	-12.001694	mappa
14217	-12.001847	achter
14218	-12.001914	retti
14219	-12.002022	क्रम
14220	-12.002048	ఉపయోగించి
14221	-12.002190	കെ
14222	-12.002205	florin
14223	-12.002239	estará
14224	-12.002482	audio
14225	-12.002557	சர்
14226	-12.003258	evaluated
14227	-12.003314	allergies
14228	-12.003507	helping
14229	-12.003623	bekijk
14230	-12.003898	ിൻ്റെ
14231	-12.003940	approuvé
14232	-12.003940	chiarimento
14233	-12.003940	collègue
14234	-12.003940	cumplir
14235	-12.003940	geändert
14236	-12.003940	instructies
14237	-12.003940	prechpartner
14238	-12.003940	zorgvuldig
14239	-12.003940	पैराग्राफ
14240	-12.003940	स्वप्निल
14241	-12.003940	দ্বারা
14242	-12.003940	బడుతుంది
14243	-12.003940	వాటిని
14244	-12.003941	campaña
14245	-12.003941	ఎక్కువ
14246	-12.003943	amendment
14247	-12.003943	सकें
14248	-12.003946	പറയുക
14249	-12.003950	accogli
14250	-12.003957	romagna
14251	-12.003957	zusammenfass
14252	-12.003961	dedicato
14253	-12.003963	spreker
14254	-12.003965	عرفان
14255	-12.003969	insightful
14256	-12.003975	דו
14257	-12.003979	cambiamenti
14258	-12.003983	घे
14259	-12.003985	télécharge
14260	-12.003987	principi
14261	-12.003991	bemerkt
14262	-12.003994	ఐదు
14263	-12.003995	funziona
14264	-12.004000	loyalty
14265	-12.004004	இல்லை
14266	-12.004023	exposición
14267	-12.004054	కార్డ్
14268	-12.004073	buonasera
14269	-12.004074	tutorial
14270	-12.004086	provenant
14271	-12.004116	massima
14272	-12.004167	défis
14273	-12.004169	ఆమె
14274	-12.004174	shayad
14275	-12.004177	సమయంలో
14276	-12.004186	vägen
14277	-12.004412	aumentar
14278	-12.004496	parking
14279	-12.004499	ిస్తారు
14280	-12.004766	pensé
14281	-12.004835	ருக்கு
14282	-12.005000	comenzar
14283	-12.005228	جب
14284	-12.005334	cassa
14285	-12.005358	rebbe
14286	-12.005447	ignificantly
14287	-12.005754	allowed
14288	-12.005794	voting
14289	-12.005978	త్త
14290	-12.006041	க்கான
14291	-12.006120	했어
14292	-12.006381	wacht
14293	-12.006438	wiesen
14294	-12.006649	consulting
14295	-12.006906	operativ
14296	-12.007287	schlaf
14297	-12.007366	bergstrasse
14298	-12.007520	fazer
14299	-12.008456	graaf
14300	-12.008864	riva
14301	-12.009532	object
14302	-12.009537	organizzato
14303	-12.009585	haag
14304	-12.009620	నగర
14305	-12.010438	gevolg
14306	-12.010798	ದೇ
14307	-12.011941	aaye
14308	-12.012244	טו
14309	-12.012383	sterk
14310	-12.012424	gå
14311	-12.012443	ਬਣ
14312	-12.012492	relacionados
14313	-12.012678	legate
14314	-12.013261	ప్రాంతంలో
14315	-12.013360	సన్
14316	-12.013708	warrant
14317	-12.013731	ayı
14318	-12.013759	torn
14319	-12.013908	pedido
14320	-12.014233	regard
14321	-12.014459	concert
14322	-12.014621	hanging
14323	-12.014756	rempli
14324	-12.014997	جان
14325	-12.015775	finanziellen
14326	-12.015822	wahl
14327	-12.015858	ભાગ
14328	-12.016582	लग
14329	-12.016598	aperçu
14330	-12.016598	institución
14331	-12.016598	provenienti
14332	-12.016598	चाहते
14333	-12.016598	श्रृंखला
14334	-12.016598	হ্যা
14335	-12.016598	ਦਿੱਤੇ
14336	-12.016598	வெற்றி
14337	-12.016598	ಯುನೈಟೆಡ್
14338	-12.016598	കൂടുതൽ
14339	-12.016598	വലിയ
14340	-12.016599	disturbi
14341	-12.016599	einladung
14342	-12.016599	lieblings
14343	-12.016599	observé
14344	-12.016599	સમય
14345	-12.016600	arrivée
14346	-12.016600	gujarat
14347	-12.016600	rajasthan
14348	-12.016600	ചെയ്ത
14349	-12.016601	móvil
14350	-12.016603	explanation
14351	-12.016603	schrijf
14352	-12.016606	davantage
14353	-12.016626	хоче
14354	-12.016628	herzog
14355	-12.016633	பூனை
14356	-12.016637	ಪಟ್ಟಿಯನ್ನು
14357	-12.016649	తేజ
14358	-12.016658	asistir
14359	-12.016658	comercial
14360	-12.016689	કેટલીક
14361	-12.016749	durchführung
14362	-12.016751	شہر
14363	-12.016763	ందో
14364	-12.016773	kantoor
14365	-12.016800	murcia
14366	-12.016800	swapleg
14367	-12.016801	gedeeld
14368	-12.016809	ફ્ર
14369	-12.016854	कोणता
14370	-12.016868	diversité
14371	-12.016884	ద్ద
14372	-12.016957	utility
14373	-12.016987	notificación
14374	-12.017067	suministro
14375	-12.017081	उसने
14376	-12.017149	giving
14377	-12.017224	reasonable
14378	-12.017233	druck
14379	-12.017278	accordingly
14380	-12.017362	zeg
14381	-12.017464	beneficios
14382	-12.017464	ಪರ್
14383	-12.017646	recordamos
14384	-12.017719	installments
14385	-12.017822	डू
14386	-12.017888	kontostand
14387	-12.018029	quindi
14388	-12.018064	conosci
14389	-12.018181	travaille
14390	-12.018972	ਗਰ
14391	-12.018976	claire
14392	-12.019085	baad
14393	-12.019259	యుద్ధం
14394	-12.019547	personality
14395	-12.019685	താണ്
14396	-12.019843	aufgaben
14397	-12.019985	mkt
14398	-12.020073	discuti
14399	-12.020136	vehiclevin
14400	-12.020281	ಮೂಲ
14401	-12.020349	dispose
14402	-12.020394	fullname
14403	-12.020653	पाय
14404	-12.020675	tidur
14405	-12.020884	తమ
14406	-12.021155	আস
14407	-12.021214	actief
14408	-12.021214	avond
14409	-12.021283	tieve
14410	-12.021312	inzet
14411	-12.021491	सर्
14412	-12.021534	represented
14413	-12.021688	druk
14414	-12.021748	செல்ல
14415	-12.022616	పర్
14416	-12.022810	jaana
14417	-12.022836	inspired
14418	-12.023088	ম্প
14419	-12.023159	ున్న
14420	-12.023226	fournies
14421	-12.023569	przy
14422	-12.024495	organic
14423	-12.024737	boro
14424	-12.025033	ணை
14425	-12.025134	formelle
14426	-12.025437	étant
14427	-12.025455	बनाए
14428	-12.025549	langue
14429	-12.025884	gué
14430	-12.026058	ഉപ
14431	-12.026548	र्च
14432	-12.026707	obligation
14433	-12.027010	radingvolume
14434	-12.027152	ांत
14435	-12.027349	étape
14436	-12.027395	એન
14437	-12.027977	બનાવ
14438	-12.028070	maï
14439	-12.028140	liegen
14440	-12.028361	ഷി
14441	-12.028426	kerk
14442	-12.028587	лв
14443	-12.029274	disciplina
14444	-12.029301	ఫో
14445	-12.029383	ología
14446	-12.029415	schlag
14447	-12.029418	anspruch
14448	-12.029418	ಸ್ಥಳ
14449	-12.029419	compleanno
14450	-12.029419	cruciaal
14451	-12.029419	doeleinden
14452	-12.029419	insegnante
14453	-12.029419	ommunautaire
14454	-12.029419	potremmo
14455	-12.029419	praktijk
14456	-12.029419	praktiken
14457	-12.029419	rotterdam
14458	-12.029419	vóór
14459	-12.029419	ठीक
14460	-12.029419	विभिन्न
14461	-12.029419	सुझाव
14462	-12.029419	ਰੱਖ
14463	-12.029419	ண்டறியுங்கள்
14464	-12.029419	అత్యధిక
14465	-12.029419	ಹೊರತೆಗೆಯಿರಿ
14466	-12.029420	erreichbar
14467	-12.029420	telangana
14468	-12.029420	tentative
14469	-12.029421	jessica
14470	-12.029424	ingediend
14471	-12.029426	madhya
14472	-12.029427	miljö
14473	-12.029427	titolare
14474	-12.029430	ಜನರು
14475	-12.029433	ਪੈਰੇ
14476	-12.029435	പറയൂ
14477	-12.029442	consequences
14478	-12.029442	जन्मदिन
14479	-12.029444	చేశారు
14480	-12.029449	inquiry
14481	-12.029453	voulais
14482	-12.029453	waadt
14483	-12.029454	glarus
14484	-12.029466	పంపండి
14485	-12.029467	schaffen
14486	-12.029467	آئی
14487	-12.029467	இணை
14488	-12.029483	efficacité
14489	-12.029536	ereignis
14490	-12.029546	वर्णन
14491	-12.029552	materno
14492	-12.029597	సంవత్సరంలో
14493	-12.029615	tribunal
14494	-12.029620	বড়
14495	-12.029638	पवार
14496	-12.029713	monitoreo
14497	-12.029749	prnc
14498	-12.029918	hartelijk
14499	-12.029960	मिलने
14500	-12.029983	submitting
14501	-12.030026	ಆರ್
14502	-12.030349	streng
14503	-12.030478	জু
14504	-12.030490	favorito
14505	-12.030506	perception
14506	-12.030592	andhra
14507	-12.030676	గారి
14508	-12.030933	ुक
14509	-12.030969	fior
14510	-12.031043	اہم
14511	-12.031092	hassan
14512	-12.031233	hosting
14513	-12.031492	humanos
14514	-12.031575	skatte
14515	-12.031732	wann
14516	-12.031784	memoria
14517	-12.031895	developing
14518	-12.032002	wig
14519	-12.032055	moderate
14520	-12.032113	badal
14521	-12.032175	migliori
14522	-12.032264	lusi
14523	-12.032273	facing
14524	-12.032571	ricordati
14525	-12.032667	தாக
14526	-12.032831	rack
14527	-12.033098	টু
14528	-12.033141	لل
14529	-12.033269	கதை
14530	-12.033337	attach
14531	-12.033564	ിക്കാൻ
14532	-12.033628	marked
14533	-12.034565	trata
14534	-12.034571	isabella
14535	-12.034829	યર
14536	-12.034903	fdc
14537	-12.035131	మార
14538	-12.035336	െക്കുറിച്ച
14539	-12.035496	calm
14540	-12.035518	besar
14541	-12.035659	shanti
14542	-12.035800	comprendere
14543	-12.036668	chalet
14544	-12.036937	قط
14545	-12.037047	परिच्छेद
14546	-12.037186	ಸ್ವ
14547	-12.037326	chandra
14548	-12.037403	க்கப்பட்ட
14549	-12.037461	ஃ
14550	-12.037618	செல்
14551	-12.037771	ologische
14552	-12.038133	संघ
14553	-12.038328	തിര
14554	-12.038540	reitgestellt
14555	-12.038565	கெ
14556	-12.038631	തര
14557	-12.039383	ër
14558	-12.039725	habt
14559	-12.039774	baz
14560	-12.040284	ுதல்
14561	-12.040299	स्ट्र
14562	-12.040859	proposé
14563	-12.041744	യ്ക്ക
14564	-12.042281	ordnung
14565	-12.042405	केंद्र
14566	-12.042406	apprécié
14567	-12.042406	attorney
14568	-12.042406	ausrüstung
14569	-12.042406	difficoltà
14570	-12.042406	dommages
14571	-12.042406	enthusiast
14572	-12.042406	geográficas
14573	-12.042406	maandelijkse
14574	-12.042406	precision
14575	-12.042406	réduction
14576	-12.042406	लैंड
14577	-12.042406	सामान्य
14578	-12.042406	ਮੁੱਖ
14579	-12.042407	después
14580	-12.042407	precautions
14581	-12.042407	अनेक
14582	-12.042409	dedicación
14583	-12.042411	ström
14584	-12.042413	wildlife
14585	-12.042414	gebracht
14586	-12.042415	candidature
14587	-12.042419	bevorderen
14588	-12.042419	critique
14589	-12.042422	ذیل
14590	-12.042432	abogado
14591	-12.042440	హె
14592	-12.042459	relativa
14593	-12.042467	energia
14594	-12.042467	intended
14595	-12.042471	animaux
14596	-12.042482	profiel
14597	-12.042497	இயக்க
14598	-12.042507	disclosing
14599	-12.042523	ڑے
14600	-12.042556	entities
14601	-12.042583	mustermann
14602	-12.042615	શકો
14603	-12.042644	juiste
14604	-12.042727	pronti
14605	-12.043161	milano
14606	-12.043500	growing
14607	-12.043590	desidera
14608	-12.043657	szcz
14609	-12.043923	verwerken
14610	-12.044409	దని
14611	-12.044709	lì
14612	-12.044729	בה
14613	-12.044876	કુ
14614	-12.044936	solve
14615	-12.045277	ചെയ്യുന്ന
14616	-12.045283	ातील
14617	-12.045925	lighting
14618	-12.046078	england
14619	-12.046166	ियाँ
14620	-12.046571	বন
14621	-12.047573	castell
14622	-12.047692	ूंगा
14623	-12.048501	ाचे
14624	-12.048836	ngelegenheit
14625	-12.048885	boven
14626	-12.049018	already
14627	-12.049061	బ్ర
14628	-12.049253	kwh
14629	-12.049309	presenter
14630	-12.049314	résolution
14631	-12.049494	endorsements
14632	-12.049769	interessa
14633	-12.049873	riley
14634	-12.050390	ಮ್ಯಾ
14635	-12.050538	sentito
14636	-12.050566	cadeau
14637	-12.051166	verbinden
14638	-12.051398	talar
14639	-12.051507	acquis
14640	-12.051620	ियर
14641	-12.051826	nicole
14642	-12.052010	ಟನ್
14643	-12.052669	protocolo
14644	-12.052712	మన్
14645	-12.052814	سي
14646	-12.052857	ഗ്ര
14647	-12.053022	গ্রহ
14648	-12.053308	novel
14649	-12.053360	కాల
14650	-12.053847	prueba
14651	-12.054085	ছেন
14652	-12.054139	entidad
14653	-12.054216	ப்படுகின்றன
14654	-12.054529	ಎಲ್
14655	-12.054731	их
14656	-12.054755	bestuur
14657	-12.055223	বাস
14658	-12.055564	ablecimiento
14659	-12.055564	accédez
14660	-12.055564	benvenuti
14661	-12.055564	berechtigt
14662	-12.055564	dialogue
14663	-12.055564	entusiasti
14664	-12.055564	física
14665	-12.055564	geographical
14666	-12.055564	nachhaltige
14667	-12.055564	ospedale
14668	-12.055564	reclamación
14669	-12.055564	émetteur
14670	-12.055564	فیصل
14671	-12.055564	आहात
14672	-12.055564	हमारी
14673	-12.055564	గొప్ప
14674	-12.055564	వ్యవస్థ
14675	-12.055564	ವಾದ್ಯವು
14676	-12.055565	innerhalb
14677	-12.055566	ausflug
14678	-12.055566	british
14679	-12.055566	earlier
14680	-12.055573	ajouté
14681	-12.055577	façon
14682	-12.055598	geteilt
14683	-12.055615	शकतो
14684	-12.055617	heutige
14685	-12.055642	distinti
14686	-12.055644	truly
14687	-12.055693	milegi
14688	-12.055720	లాండ్
14689	-12.055964	interface
14690	-12.055967	എൻ
14691	-12.055969	રંગ
14692	-12.056039	വൈ
14693	-12.056111	subito
14694	-12.056118	sugiere
14695	-12.056166	சொ
14696	-12.056179	பண
14697	-12.056192	duración
14698	-12.056195	ట్రా
14699	-12.056222	reilly
14700	-12.056467	তারা
14701	-12.056557	स्टर
14702	-12.056628	kitni
14703	-12.056736	ெல்
14704	-12.056760	effettuata
14705	-12.056931	mocht
14706	-12.057241	கீ
14707	-12.057307	accurately
14708	-12.057571	dekhne
14709	-12.057675	पते
14710	-12.057836	basement
14711	-12.057967	attesa
14712	-12.058061	logging
14713	-12.058092	leonard
14714	-12.058100	jamais
14715	-12.058149	chhod
14716	-12.058215	fiz
14717	-12.058585	hagen
14718	-12.058623	రియా
14719	-12.058732	representant
14720	-12.058927	inski
14721	-12.058977	लेने
14722	-12.059436	ingresa
14723	-12.059524	zweck
14724	-12.059561	immediata
14725	-12.059577	ہم
14726	-12.059832	ஆண்
14727	-12.059978	minder
14728	-12.060180	contea
14729	-12.060431	manier
14730	-12.060517	kovic
14731	-12.060520	autorise
14732	-12.061749	কাল
14733	-12.061774	artyidscheme
14734	-12.062062	शोध
14735	-12.062155	इसमें
14736	-12.062804	erhalt
14737	-12.062886	folgt
14738	-12.063491	nurse
14739	-12.063741	dirige
14740	-12.064504	lijn
14741	-12.065073	kennung
14742	-12.065306	ום
14743	-12.065332	વાર
14744	-12.065413	ाची
14745	-12.065485	stamp
14746	-12.065737	हाउस
14747	-12.066213	fantastic
14748	-12.066394	किन
14749	-12.066627	pike
14750	-12.066707	ಳು
14751	-12.067349	annuelle
14752	-12.067443	automatic
14753	-12.067556	ramos
14754	-12.068023	ব্য
14755	-12.068346	unicaciones
14756	-12.068460	foot
14757	-12.068463	вам
14758	-12.068550	formación
14759	-12.068608	tieni
14760	-12.068731	posición
14761	-12.068742	ಿಯನ್
14762	-12.068850	except
14763	-12.068889	బడిన
14764	-12.068896	સુધી
14765	-12.068897	chhattisgarh
14766	-12.068897	discrepancy
14767	-12.068897	décision
14768	-12.068897	hernandez
14769	-12.068897	manutenzione
14770	-12.068897	prescribed
14771	-12.068897	prévention
14772	-12.068897	zukünftige
14773	-12.068897	तुझ्या
14774	-12.068897	दक्षिण
14775	-12.068897	যুদ্ধ
14776	-12.068897	ਅਮਰੀਕਾ
14777	-12.068897	પર્ક્યુસન
14778	-12.068897	வெவ்வேறு
14779	-12.068897	అభివృద్ధి
14780	-12.068897	కొనుగోలు
14781	-12.068897	അടിസ്ഥാന
14782	-12.068897	തമ്മിലുള്ള
14783	-12.068897	നിരവധി
14784	-12.068898	begeleiding
14785	-12.068899	verklaring
14786	-12.068899	عارف
14787	-12.068901	bevorzuge
14788	-12.068903	geprüft
14789	-12.068905	bewust
14790	-12.068915	যদি
14791	-12.068928	situata
14792	-12.068947	అందించిన
14793	-12.068965	પ્રકાર
14794	-12.068985	karriere
14795	-12.068998	essayer
14796	-12.069049	कोणती
14797	-12.069057	morris
14798	-12.069058	incluent
14799	-12.069061	disabilità
14800	-12.069094	evitar
14801	-12.069123	einladen
14802	-12.069167	विकत
14803	-12.069179	nationality
14804	-12.069242	utilizando
14805	-12.069324	ലൈ
14806	-12.069328	ಎನ್
14807	-12.069363	న్యూ
14808	-12.069767	digits
14809	-12.069826	તેના
14810	-12.069859	ર્સ
14811	-12.069965	displayed
14812	-12.070067	vincent
14813	-12.070085	ांनी
14814	-12.070267	copyright
14815	-12.070560	শন
14816	-12.070713	dettagliato
14817	-12.071609	austin
14818	-12.071918	geval
14819	-12.071925	meaning
14820	-12.072458	कह
14821	-12.072695	കളിൽ
14822	-12.072766	জল
14823	-12.072928	valeri
14824	-12.073139	கின்றன
14825	-12.073195	beteiligten
14826	-12.073354	protocollo
14827	-12.073380	undergo
14828	-12.073653	erano
14829	-12.073715	ൻസ്
14830	-12.073987	castel
14831	-12.073998	ബർ
14832	-12.074125	פר
14833	-12.074239	luft
14834	-12.074433	वर्ग
14835	-12.075395	workout
14836	-12.075827	ਟਿ
14837	-12.076522	नु
14838	-12.076584	speler
14839	-12.076666	ಲಾಯಿತು
14840	-12.077071	wright
14841	-12.077248	কের
14842	-12.077370	vullen
14843	-12.077535	externe
14844	-12.077938	trud
14845	-12.078120	enligt
14846	-12.078322	farmer
14847	-12.078378	barra
14848	-12.078521	گل
14849	-12.078664	meld
14850	-12.078695	वाच
14851	-12.078962	hogar
14852	-12.079224	cami
14853	-12.079298	folge
14854	-12.079924	listo
14855	-12.080264	ਹਰ
14856	-12.080671	ਗੋ
14857	-12.081023	estación
14858	-12.081092	रुचि
14859	-12.081175	socho
14860	-12.081536	ప్రాజెక్ట్
14861	-12.081658	antoni
14862	-12.082071	entrer
14863	-12.082148	garder
14864	-12.082294	wür
14865	-12.082342	ਲੋਕ
14866	-12.082392	confermi
14867	-12.082403	œ
14868	-12.082410	prävention
14869	-12.082411	abilitazione
14870	-12.082411	apprezziamo
14871	-12.082411	beteiligung
14872	-12.082411	difficile
14873	-12.082411	différentes
14874	-12.082411	hilfreich
14875	-12.082411	inquietud
14876	-12.082411	mushkil
14877	-12.082411	prospettive
14878	-12.082411	कुलकर्णी
14879	-12.082411	फ्रेंच
14880	-12.082411	बरोबर
14881	-12.082411	राजधानी
14882	-12.082411	ఇక్కడ
14883	-12.082411	జట్టు
14884	-12.082411	ట్లయితే
14885	-12.082411	వెంకటేష్
14886	-12.082411	సేకరణ
14887	-12.082412	jewelry
14888	-12.082412	optimize
14889	-12.082412	উত্তর
14890	-12.082413	departure
14891	-12.082414	murphy
14892	-12.082417	prognose
14893	-12.082418	emerging
14894	-12.082419	fiducia
14895	-12.082419	latitude
14896	-12.082421	evaluado
14897	-12.082422	chronische
14898	-12.082422	चित्र
14899	-12.082422	ার্ড
14900	-12.082426	gratitude
14901	-12.082436	మార్గాలు
14902	-12.082437	cumpleaños
14903	-12.082438	issuance
14904	-12.082451	мог
14905	-12.082469	लिखें
14906	-12.082469	વાની
14907	-12.082484	उद्या
14908	-12.082498	ಪ್ರತಿ
14909	-12.082507	observación
14910	-12.082544	തല
14911	-12.082615	વિશેના
14912	-12.082644	betalen
14913	-12.082651	careful
14914	-12.082663	gesichert
14915	-12.082680	binding
14916	-12.082680	contributing
14917	-12.082701	ಮಾರ್
14918	-12.082742	पूर
14919	-12.082755	informamos
14920	-12.082800	hospitality
14921	-12.082869	prämie
14922	-12.082915	movement
14923	-12.082992	નથી
14924	-12.083123	verloren
14925	-12.083190	tension
14926	-12.083305	litige
14927	-12.083376	verwerkt
14928	-12.083411	ник
14929	-12.083453	ಸನ್
14930	-12.083764	textarea
14931	-12.083775	acknowledged
14932	-12.083888	donazioni
14933	-12.083943	minha
14934	-12.083983	esplorare
14935	-12.084240	नई
14936	-12.084291	helen
14937	-12.084294	kevin
14938	-12.084752	grado
14939	-12.084802	رة
14940	-12.084818	stamm
14941	-12.084843	spread
14942	-12.084865	contribui
14943	-12.085214	envíame
14944	-12.085252	adhd
14945	-12.085276	ಕಾಲ
14946	-12.085671	übungen
14947	-12.086086	वाय
14948	-12.086157	এটা
14949	-12.086446	offered
14950	-12.086565	حر
14951	-12.086677	fattori
14952	-12.086693	informado
14953	-12.086707	केलं
14954	-12.087857	heir
14955	-12.088261	adatta
14956	-12.088291	ലു
14957	-12.088567	bdc
14958	-12.088754	metodi
14959	-12.089302	partecipato
14960	-12.089397	लाल
14961	-12.089564	ود
14962	-12.089567	cater
14963	-12.089621	houder
14964	-12.089632	קי
14965	-12.089935	فلم
14966	-12.090098	contrada
14967	-12.090714	minu
14968	-12.090841	ಿಕ
14969	-12.091553	व्य
14970	-12.091729	డర్
14971	-12.092196	им
14972	-12.092645	proporcionad
14973	-12.092745	bezogenen
14974	-12.092788	तरी
14975	-12.093188	prenant
14976	-12.093351	ల్డ్
14977	-12.093463	propria
14978	-12.093713	highlight
14979	-12.094211	estén
14980	-12.094311	robot
14981	-12.094457	ਾਉਣ
14982	-12.094855	ব্র
14983	-12.095007	രെ
14984	-12.095111	তু
14985	-12.095173	सब
14986	-12.095278	ગ્ર
14987	-12.095331	shot
14988	-12.095356	threat
14989	-12.095734	installment
14990	-12.095844	பில்
14991	-12.096036	بنیاد
14992	-12.096109	appendices
14993	-12.096109	depreciation
14994	-12.096109	evacuation
14995	-12.096109	evaluator
14996	-12.096109	excitement
14997	-12.096109	luxury
14998	-12.096109	onthullen
14999	-12.096109	particulière
15000	-12.096109	pédagogique
15001	-12.096109	universidad
15002	-12.096109	verksamhet
15003	-12.096109	württemberg
15004	-12.096109	निर्माण
15005	-12.096109	ਗੁਰਪ੍ਰੀਤ
15006	-12.096109	ਤੌਰ
15007	-12.096109	નીચેના
15008	-12.096109	பொருட்கள
15009	-12.096109	பொறுத்தவரை
15010	-12.096109	వంశీ
15011	-12.096109	റഫറൻസ്
15012	-12.096109	വ്യത്യസ്ത
15013	-12.096110	ganzheitlich
15014	-12.096111	declaración
15015	-12.096111	கொள்ள
15016	-12.096117	déroule
15017	-12.096117	കണക്കി
15018	-12.096118	alcohol
15019	-12.096118	verwelkomen
15020	-12.096119	diploma
15021	-12.096127	encuentre
15022	-12.096128	spécialiste
15023	-12.096130	afternoon
15024	-12.096134	licentie
15025	-12.096141	praxis
15026	-12.096142	oncologie
15027	-12.096146	agregar
15028	-12.096174	woonplaats
15029	-12.096177	relief
15030	-12.096184	winkel
15031	-12.096189	tenir
15032	-12.096193	nacido
15033	-12.096209	telemedicina
15034	-12.096269	జూ
15035	-12.096281	ಬೋ
15036	-12.096294	enthalten
15037	-12.096352	ಸೇ
15038	-12.096451	dédié
15039	-12.096518	acheter
15040	-12.096657	strategische
15041	-12.096673	finished
15042	-12.096841	losses
15043	-12.096844	auprès
15044	-12.096976	ਸ਼ੀ
15045	-12.097059	direcciones
15046	-12.097089	andersson
15047	-12.097645	mål
15048	-12.097739	தயாரி
15049	-12.098221	comunica
15050	-12.098245	attic
15051	-12.098295	selva
15052	-12.098325	കഴി
15053	-12.098353	substate
15054	-12.098390	benar
15055	-12.098598	slaap
15056	-12.099077	einheit
15057	-12.099376	baş
15058	-12.099505	milkar
15059	-12.099514	chiamata
15060	-12.100375	drama
15061	-12.100399	bedenken
15062	-12.100757	jobtitle
15063	-12.100988	മര
15064	-12.101460	kracht
15065	-12.101624	کسی
15066	-12.101886	ঙ
15067	-12.102007	hög
15068	-12.102944	montag
15069	-12.103532	יל
15070	-12.103895	اح
15071	-12.104322	શી
15072	-12.104691	describe
15073	-12.104784	ात्मक
15074	-12.104929	సేవ
15075	-12.105021	பாட
15076	-12.105160	بات
15077	-12.105263	leggere
15078	-12.105266	baik
15079	-12.105268	לע
15080	-12.105877	quint
15081	-12.105942	carry
15082	-12.106104	સૂ
15083	-12.106125	મુ
15084	-12.106532	తర
15085	-12.106745	mutuo
15086	-12.106987	boost
15087	-12.107121	ইউ
15088	-12.107470	ాలలో
15089	-12.107487	స్తుంది
15090	-12.107617	wagen
15091	-12.107635	zig
15092	-12.108228	patron
15093	-12.108507	medewerker
15094	-12.109011	nayi
15095	-12.109029	insight
15096	-12.109137	ுகின்றன
15097	-12.109883	jamie
15098	-12.109920	সাধারণ
15099	-12.109961	registra
15100	-12.109962	vraagt
15101	-12.109992	נת
15102	-12.109998	criminal
15103	-12.109998	einzigartige
15104	-12.109998	entwickeln
15105	-12.109998	transférer
15106	-12.109998	vooruitgang
15107	-12.109998	عمران
15108	-12.109998	چاہیے
15109	-12.109998	गोखले
15110	-12.109998	दौरान
15111	-12.109998	सामग्री
15112	-12.109998	পারকাশন
15113	-12.109998	மிகப்பெரிய
15114	-12.109998	కుండా
15115	-12.109998	చైతన్య
15116	-12.109998	ന്റ്
15117	-12.109999	farmaceuti
15118	-12.110000	exempel
15119	-12.110000	kostnader
15120	-12.110000	பல்வேறு
15121	-12.110001	représentant
15122	-12.110001	toepassing
15123	-12.110002	entscheidung
15124	-12.110003	advancements
15125	-12.110003	navigation
15126	-12.110005	dashboard
15127	-12.110007	sospetta
15128	-12.110010	officiel
15129	-12.110013	fomentar
15130	-12.110015	semestre
15131	-12.110016	पूछ
15132	-12.110021	spannende
15133	-12.110023	vertellen
15134	-12.110032	എല്ലാ
15135	-12.110041	passenger
15136	-12.110054	vigenti
15137	-12.110054	सिंह
15138	-12.110074	پیدا
15139	-12.110086	િયન
15140	-12.110091	పట్ట
15141	-12.110092	buurt
15142	-12.110106	optimis
15143	-12.110120	manipul
15144	-12.110123	vengono
15145	-12.110154	huizen
15146	-12.110186	scholen
15147	-12.110223	अगर
15148	-12.110234	direzione
15149	-12.110244	ಪೋ
15150	-12.110260	દુ
15151	-12.110297	נים
15152	-12.110336	taxpayer
15153	-12.110343	jedoch
15154	-12.110352	levering
15155	-12.110374	untersuchen
15156	-12.110397	annunciare
15157	-12.110408	लिखा
15158	-12.110478	अभी
15159	-12.110529	informativa
15160	-12.110730	werkzeug
15161	-12.110744	lucht
15162	-12.111120	objeto
15163	-12.111163	strictly
15164	-12.111176	uire
15165	-12.111264	chiedo
15166	-12.111339	pandemi
15167	-12.111340	ropa
15168	-12.111434	interestrate
15169	-12.111980	documentatie
15170	-12.112304	normas
15171	-12.112491	opnieuw
15172	-12.112928	umgang
15173	-12.112953	borsa
15174	-12.113647	ਗ੍ਰ
15175	-12.113910	entrada
15176	-12.114179	targeted
15177	-12.114251	einkommen
15178	-12.115094	qualificati
15179	-12.115403	classificati
15180	-12.115520	க்கள்
15181	-12.116047	దేశం
15182	-12.116217	nutritional
15183	-12.116265	paket
15184	-12.116465	إن
15185	-12.116526	holm
15186	-12.116916	र्ज
15187	-12.117832	geeft
15188	-12.117856	mancha
15189	-12.118136	ত্ব
15190	-12.118628	ుకున్న
15191	-12.119217	கில்
15192	-12.119453	studying
15193	-12.119966	रिस
15194	-12.120269	sieht
15195	-12.120696	ought
15196	-12.120817	siento
15197	-12.121770	tutorat
15198	-12.122173	telling
15199	-12.122453	esplora
15200	-12.122559	strive
15201	-12.123043	klasse
15202	-12.123311	enseignant
15203	-12.123341	résultat
15204	-12.123356	consejo
15205	-12.123408	ుకోండి
15206	-12.123942	ఎన్
15207	-12.123965	zakelijke
15208	-12.124020	म्हण
15209	-12.124038	సమయం
15210	-12.124082	ఎవరి
15211	-12.124083	commencing
15212	-12.124083	connectivity
15213	-12.124083	deployment
15214	-12.124083	graubünden
15215	-12.124083	intégration
15216	-12.124083	matériaux
15217	-12.124083	psychiatric
15218	-12.124083	pública
15219	-12.124083	rogettazione
15220	-12.124083	satisfied
15221	-12.124083	vouloir
15222	-12.124083	мэри
15223	-12.124083	حوالہ
15224	-12.124083	अभ्यास
15225	-12.124083	शीर्ष
15226	-12.124083	सकती
15227	-12.124083	ਜਿੱਤ
15228	-12.124083	ਵਜੋਂ
15229	-12.124083	શકું
15230	-12.124083	శక్తి
15231	-12.124083	సంగీత
15232	-12.124083	ುತ್ತೀರಿ
15233	-12.124084	appenzell
15234	-12.124084	సినిమా
15235	-12.124084	stephanie
15236	-12.124084	ವ್ಯತ್ಯಾಸವೇನು
15237	-12.124085	calculated
15238	-12.124088	lincoln
15239	-12.124089	genève
15240	-12.124090	anzumelden
15241	-12.124090	బడ్డాయి
15242	-12.124092	potreste
15243	-12.124099	écris
15244	-12.124100	oggetti
15245	-12.124100	ricordiamo
15246	-12.124101	compromete
15247	-12.124102	warehouse
15248	-12.124104	alexander
15249	-12.124110	म्हणून
15250	-12.124125	fluctuations
15251	-12.124131	톰이
15252	-12.124139	conmigo
15253	-12.124146	दूर
15254	-12.124147	élia
15255	-12.124156	gaz
15256	-12.124174	ertificering
15257	-12.124175	koningin
15258	-12.124179	invitons
15259	-12.124182	aufnahme
15260	-12.124189	ثنا
15261	-12.124196	memories
15262	-12.124201	registrieren
15263	-12.124204	yorkshire
15264	-12.124226	italiano
15265	-12.124277	दिस
15266	-12.124285	کرتا
15267	-12.124309	interaktive
15268	-12.124310	mettez
15269	-12.124353	stöd
15270	-12.124366	ઇન
15271	-12.124403	variance
15272	-12.124537	goederen
15273	-12.124660	ट्ट
15274	-12.124705	beschwerde
15275	-12.124907	под
15276	-12.124913	thoroughly
15277	-12.125302	sensi
15278	-12.125341	ज़ा
15279	-12.125458	falta
15280	-12.125539	jagah
15281	-12.125788	saludable
15282	-12.125904	യെക്കുറിച്ച
15283	-12.125987	ओर
15284	-12.126034	behoeften
15285	-12.126116	restez
15286	-12.126591	radedatetime
15287	-12.126760	misura
15288	-12.126906	sätt
15289	-12.126990	chhoti
15290	-12.127398	maß
15291	-12.127663	மனிதர்
15292	-12.128434	krankheiten
15293	-12.128528	ontario
15294	-12.128707	െയ്
15295	-12.129334	raba
15296	-12.129584	genannten
15297	-12.129608	mauri
15298	-12.129937	rencontrer
15299	-12.130653	ાઓ
15300	-12.130861	hacia
15301	-12.130922	pedro
15302	-12.131427	దీని
15303	-12.131541	geocoordinat
15304	-12.131545	они
15305	-12.132060	ുകയും
15306	-12.132615	িন
15307	-12.132815	चो
15308	-12.133077	হয়ে
15309	-12.133966	সার
15310	-12.133989	mismo
15311	-12.134073	äger
15312	-12.134177	laufen
15313	-12.134289	வாங்க
15314	-12.134553	യം
15315	-12.134571	izado
15316	-12.134722	ತ್ರಿ
15317	-12.134989	லின்
15318	-12.135392	വര
15319	-12.135504	immatricul
15320	-12.135979	maple
15321	-12.136113	organise
15322	-12.136773	affronta
15323	-12.137480	করি
15324	-12.137960	ান্ত
15325	-12.137983	umfassen
15326	-12.138033	ചി
15327	-12.138307	ৈ
15328	-12.138309	ಕೆಳಗಿನ
15329	-12.138361	obliga
15330	-12.138368	প্রাণী
15331	-12.138368	લોકપ્રિય
15332	-12.138368	ఉత్పత్తి
15333	-12.138368	వెళ్ల
15334	-12.138368	ಬಣ್ಣ
15335	-12.138369	assembly
15336	-12.138369	bienvenida
15337	-12.138369	descuento
15338	-12.138369	educative
15339	-12.138369	evidenzia
15340	-12.138369	hôpital
15341	-12.138369	natürlich
15342	-12.138369	prevención
15343	-12.138369	washington
15344	-12.138369	werknemer
15345	-12.138369	будь
15346	-12.138369	पाटील
15347	-12.138369	পছন্দ
15348	-12.138369	అవును
15349	-12.138369	రామారావు
15350	-12.138369	ಗಳಾಗಿವೆ
15351	-12.138369	ಗೊಳಿಸ
15352	-12.138369	ಬಹುದಾದ
15353	-12.138370	conoscenza
15354	-12.138370	svensson
15355	-12.138371	oublié
15356	-12.138371	ಉತ್ತರ
15357	-12.138372	birdhouse
15358	-12.138374	vänlig
15359	-12.138376	thích
15360	-12.138384	दर्श
15361	-12.138385	നൽകിയ
15362	-12.138387	relevé
15363	-12.138404	aggiunto
15364	-12.138404	ஆவார்
15365	-12.138405	encontrado
15366	-12.138405	ಹೊರ
15367	-12.138408	binnenkort
15368	-12.138414	களாக
15369	-12.138442	ராஜா
15370	-12.138443	taluka
15371	-12.138455	होतं
15372	-12.138475	includono
15373	-12.138475	realizada
15374	-12.138475	কীভাবে
15375	-12.138489	soirée
15376	-12.138492	mencionados
15377	-12.138515	पासून
15378	-12.138521	biedt
15379	-12.138540	الن
15380	-12.138542	brigade
15381	-12.138552	examiné
15382	-12.138597	ಮೈ
15383	-12.138634	sapevolezza
15384	-12.138665	erfassung
15385	-12.138677	brengen
15386	-12.138685	సాయి
15387	-12.138803	filter
15388	-12.138853	йте
15389	-12.138857	آف
15390	-12.138866	versichert
15391	-12.139080	série
15392	-12.139103	verkies
15393	-12.139103	जिसे
15394	-12.139133	cliff
15395	-12.139178	listening
15396	-12.139183	த்தைப்
15397	-12.139199	opgesteld
15398	-12.139357	gibson
15399	-12.139407	einsatz
15400	-12.139867	જીત
15401	-12.140119	ті
15402	-12.140181	silva
15403	-12.140193	ण्यात
15404	-12.140239	veränderung
15405	-12.140331	opties
15406	-12.140429	ിച്ചു
15407	-12.140528	ಗೆದ್ದ
15408	-12.140604	hydro
15409	-12.141003	incluso
15410	-12.141073	socialnum
15411	-12.141164	হে
15412	-12.141175	னால்
15413	-12.141331	cleaning
15414	-12.141493	entendu
15415	-12.141704	टिक
15416	-12.141791	ોની
15417	-12.141886	రంగా
15418	-12.142135	मना
15419	-12.142166	claudi
15420	-12.142459	ಿಗೆ
15421	-12.142480	cultiv
15422	-12.142533	truck
15423	-12.142866	гу
15424	-12.143227	pond
15425	-12.143357	פת
15426	-12.143410	ग्रह
15427	-12.143615	നൽക
15428	-12.144171	rimane
15429	-12.144692	తీసుక
15430	-12.145047	दोन
15431	-12.145065	bonus
15432	-12.145935	ില്ല
15433	-12.146091	ట్స్
15434	-12.146092	stanno
15435	-12.146665	పొందిన
15436	-12.147073	saml
15437	-12.147661	verbal
15438	-12.147740	studierende
15439	-12.147833	abri
15440	-12.147898	کہا
15441	-12.147956	ेगा
15442	-12.148593	ಕಾರಿ
15443	-12.148985	historischen
15444	-12.149067	virtuellen
15445	-12.149546	marina
15446	-12.150050	rupay
15447	-12.150216	bereitstell
15448	-12.150237	ચાર
15449	-12.150324	mère
15450	-12.150531	ினார்
15451	-12.151395	الح
15452	-12.151549	করেছে
15453	-12.151912	playing
15454	-12.151917	opération
15455	-12.151944	jason
15456	-12.152194	ాలనుకుంట
15457	-12.152561	يق
15458	-12.152659	вся
15459	-12.152795	פי
15460	-12.152802	blau
15461	-12.152860	కనుగొన
15462	-12.152861	circumstance
15463	-12.152861	creëren
15464	-12.152861	diagnóstico
15465	-12.152861	impliquant
15466	-12.152861	ranscripción
15467	-12.152861	فاطمہ
15468	-12.152861	अमेरिके
15469	-12.152861	ऊर्जा
15470	-12.152861	कंपनी
15471	-12.152861	जाधव
15472	-12.152861	पहला
15473	-12.152861	கருத்தில்
15474	-12.152861	வாழ்க்கை
15475	-12.152861	చూస్తే
15476	-12.152861	ఫుట్బాల్
15477	-12.152861	రెడ్డి
15478	-12.152861	ಜನಪ್ರಿಯ
15479	-12.152861	െടുക്കുമ്പോൾ
15480	-12.152862	couvrir
15481	-12.152862	graduate
15482	-12.152862	ప్రకారం
15483	-12.152862	సృష్టించ
15484	-12.152862	ಪುಸ್ತಕ
15485	-12.152862	ವ್ಯಕ್ತಿ
15486	-12.152863	automated
15487	-12.152863	läuft
15488	-12.152863	ફિલ્મ
15489	-12.152864	anthony
15490	-12.152864	знаю
15491	-12.152866	জনপ্রিয়
15492	-12.152867	giovanni
15493	-12.152871	forensic
15494	-12.152878	ajouter
15495	-12.152883	vastgesteld
15496	-12.152895	ફકરાને
15497	-12.152899	ansiedad
15498	-12.152900	ప్రదేశం
15499	-12.152901	ultimi
15500	-12.152907	gevonden
15501	-12.152912	നിങ്ങളുടെ
15502	-12.152947	einblicke
15503	-12.153008	continuity
15504	-12.153008	அதன்
15505	-12.153011	pagina
15506	-12.153033	picnic
15507	-12.153039	מע
15508	-12.153075	ceramic
15509	-12.153138	వేరు
15510	-12.153147	ಗ್ರಹ
15511	-12.153165	ત્ત
15512	-12.153195	इथे
15513	-12.153234	தாளம்
15514	-12.153271	gång
15515	-12.153342	சென்
15516	-12.153353	തരം
15517	-12.153436	collectie
15518	-12.153446	measurement
15519	-12.153577	encrypt
15520	-12.153644	appeal
15521	-12.153692	cristian
15522	-12.153776	dermatologi
15523	-12.153955	informarti
15524	-12.154000	efficiently
15525	-12.154106	semua
15526	-12.154133	लड़
15527	-12.154208	മേ
15528	-12.154840	ਅਰ
15529	-12.154926	steig
15530	-12.154971	patrones
15531	-12.155087	strategi
15532	-12.155150	carroll
15533	-12.155165	mühl
15534	-12.155249	indique
15535	-12.155384	verfolgen
15536	-12.155414	interact
15537	-12.155434	fdf
15538	-12.155521	गीत
15539	-12.155533	kunstwerk
15540	-12.155921	عمل
15541	-12.156383	शांत
15542	-12.156477	catalog
15543	-12.156824	ananth
15544	-12.157417	papel
15545	-12.157445	opzioni
15546	-12.158182	factura
15547	-12.158191	investir
15548	-12.158411	perché
15549	-12.158515	wahi
15550	-12.158697	సే
15551	-12.158761	conocer
15552	-12.159298	یت
15553	-12.159473	mehrere
15554	-12.159574	aggiornate
15555	-12.160221	attending
15556	-12.160764	шь
15557	-12.160972	ിച്ചത്
15558	-12.161329	eintrag
15559	-12.161349	ahmed
15560	-12.161894	مان
15561	-12.161966	నాడు
15562	-12.162066	গান
15563	-12.162585	ించడం
15564	-12.163109	الج
15565	-12.163363	ooster
15566	-12.163757	formula
15567	-12.163860	constantin
15568	-12.164289	låt
15569	-12.164305	حد
15570	-12.164947	netwerk
15571	-12.165185	distribuzion
15572	-12.165335	combine
15573	-12.165366	becker
15574	-12.165545	دیا
15575	-12.166023	ocumentación
15576	-12.166343	కాం
15577	-12.166451	ेशन
15578	-12.166604	करी
15579	-12.166750	huur
15580	-12.166875	consens
15581	-12.166981	বাদ
15582	-12.167221	soir
15583	-12.167406	पूर्व
15584	-12.167460	કેટલી
15585	-12.167548	സ്ഥാന
15586	-12.167565	extracurricu
15587	-12.167567	angemessen
15588	-12.167567	bevindingen
15589	-12.167567	coinvolto
15590	-12.167567	destinataire
15591	-12.167567	exemption
15592	-12.167567	mademoiselle
15593	-12.167567	nazionalità
15594	-12.167567	notified
15595	-12.167567	recordatorio
15596	-12.167567	sostenibile
15597	-12.167567	tuttavia
15598	-12.167567	uitwisseling
15599	-12.167567	انصاری
15600	-12.167567	کتنے
15601	-12.167567	पहली
15602	-12.167567	অবস্থিত
15603	-12.167567	ਉਹਨਾਂ
15604	-12.167567	ਸੰਯੁਕਤ
15605	-12.167567	ਹੁੰਦੇ
15606	-12.167567	வாழ்
15607	-12.167567	ಎರಡು
15608	-12.167567	ಬರೆಯಿರಿ
15609	-12.167568	resilienz
15610	-12.167568	zugewiesen
15611	-12.167568	வெளியிட
15612	-12.167569	emotionele
15613	-12.167569	exposed
15614	-12.167569	renovación
15615	-12.167569	verarbeitung
15616	-12.167571	promising
15617	-12.167571	ridurre
15618	-12.167571	sebuah
15619	-12.167576	samjho
15620	-12.167583	patrón
15621	-12.167584	emerald
15622	-12.167586	bewahren
15623	-12.167586	recommander
15624	-12.167586	ਅੰਤਰ
15625	-12.167593	coprire
15626	-12.167598	విజయ
15627	-12.167601	ठेव
15628	-12.167605	potencial
15629	-12.167642	చేస్తా
15630	-12.167646	livello
15631	-12.167648	vintage
15632	-12.167655	choose
15633	-12.167664	samenwerken
15634	-12.167666	käufe
15635	-12.167678	massive
15636	-12.167702	credrating
15637	-12.167760	ഡെ
15638	-12.167762	மீன்
15639	-12.167768	कहानी
15640	-12.167837	fatturazione
15641	-12.167838	collective
15642	-12.167871	albero
15643	-12.167883	mbsr
15644	-12.167918	ਟੀਮ
15645	-12.167983	முன்
15646	-12.168044	validatie
15647	-12.168095	showcase
15648	-12.168152	vehiclevrm
15649	-12.168242	scopo
15650	-12.168266	suitable
15651	-12.168278	friday
15652	-12.168325	merger
15653	-12.168502	inspected
15654	-12.168585	nunca
15655	-12.168804	subtotal
15656	-12.168844	costante
15657	-12.168858	ફિ
15658	-12.168972	adaptation
15659	-12.169105	investigador
15660	-12.169162	crash
15661	-12.169262	ടോ
15662	-12.169306	kulturelle
15663	-12.170035	kundige
15664	-12.170079	umsatz
15665	-12.170516	orchid
15666	-12.170592	praten
15667	-12.170629	bonding
15668	-12.170912	ગુ
15669	-12.170914	discute
15670	-12.170993	vertrouwen
15671	-12.171084	souhaitez
15672	-12.171336	glauben
15673	-12.171664	harrison
15674	-12.172144	sección
15675	-12.172169	செய்த
15676	-12.172241	rakhte
15677	-12.172297	clearing
15678	-12.172438	anleitung
15679	-12.172503	utilizzati
15680	-12.173067	కల్
15681	-12.173100	églementaire
15682	-12.173285	café
15683	-12.173294	ண்டு
15684	-12.173405	uang
15685	-12.173410	पण
15686	-12.173778	ाइड
15687	-12.173955	anrufen
15688	-12.174732	జే
15689	-12.174938	gamma
15690	-12.175207	rapiesitzung
15691	-12.175636	futur
15692	-12.175702	konnte
15693	-12.175713	ਧਾ
15694	-12.175719	رنگ
15695	-12.175804	nacional
15696	-12.175888	inschrijving
15697	-12.175914	tharan
15698	-12.176050	correlati
15699	-12.176081	יק
15700	-12.176085	progression
15701	-12.176627	त्रि
15702	-12.177218	scherm
15703	-12.177264	certaines
15704	-12.177711	operazione
15705	-12.178143	নয়
15706	-12.178445	endung
15707	-12.178493	hâte
15708	-12.178941	employ
15709	-12.179528	בל
15710	-12.179562	versucht
15711	-12.179694	বলা
15712	-12.179715	ernährung
15713	-12.179962	पड़
15714	-12.180161	taste
15715	-12.180489	aggiungere
15716	-12.180927	ওয়ে
15717	-12.181176	addition
15718	-12.181723	identiteit
15719	-12.181750	risulta
15720	-12.181950	ઃ
15721	-12.182388	verlie
15722	-12.182492	adecuada
15723	-12.182492	bekräfta
15724	-12.182492	besproken
15725	-12.182492	categorie
15726	-12.182492	chirurgica
15727	-12.182492	educativi
15728	-12.182492	enskommelse
15729	-12.182492	leveraging
15730	-12.182492	prezioso
15731	-12.182492	propietario
15732	-12.182492	pünktlich
15733	-12.182492	reflexion
15734	-12.182492	rhône
15735	-12.182492	simulazione
15736	-12.182492	sunshine
15737	-12.182492	thérapeutiqu
15738	-12.182492	vielleicht
15739	-12.182492	çalış
15740	-12.182492	अच्छे
15741	-12.182492	जैन
15742	-12.182492	तुम्हारे
15743	-12.182492	কুকুর
15744	-12.182492	ਕਿੰਨੇ
15745	-12.182492	ભાષા
15746	-12.182492	உற்பத்தி
15747	-12.182492	தொழில்
15748	-12.182492	కృష్ణ
15749	-12.182492	നേടിയ
15750	-12.182492	സ്ട്രിംഗ്
15751	-12.182493	alimentari
15752	-12.182493	cognitiva
15753	-12.182493	procéder
15754	-12.182493	बड़े
15755	-12.182493	ാഴെപ്പറയുന്ന
15756	-12.182495	ingeniero
15757	-12.182495	ಹೇಳ
15758	-12.182497	specify
15759	-12.182497	दिखा
15760	-12.182497	కలిసి
15761	-12.182497	ಳ್ಳ
15762	-12.182502	mexican
15763	-12.182504	తెలియజేయండి
15764	-12.182505	argument
15765	-12.182508	condividi
15766	-12.182511	ਕਿਹਡ਼ੀਆਂ
15767	-12.182514	belonging
15768	-12.182522	situación
15769	-12.182528	avantages
15770	-12.182535	requisiti
15771	-12.182535	भेट
15772	-12.182548	gevallen
15773	-12.182558	verbessert
15774	-12.182563	interaktion
15775	-12.182570	చేయడం
15776	-12.182582	spanish
15777	-12.182587	involucrados
15778	-12.182604	ownership
15779	-12.182622	elliott
15780	-12.182623	ਵਰਤੋਂ
15781	-12.182652	diversità
15782	-12.182681	cameron
15783	-12.182700	મારે
15784	-12.182701	ജെ
15785	-12.182715	distingu
15786	-12.182755	evident
15787	-12.182771	ಮೋ
15788	-12.182774	hipaa
15789	-12.182789	adakah
15790	-12.182798	grafica
15791	-12.182808	கொண்டு
15792	-12.182825	ಂತೆ
15793	-12.182833	ভাল
15794	-12.182837	ಸೋ
15795	-12.182873	conseiller
15796	-12.182970	ிடம்
15797	-12.183008	arbres
15798	-12.183010	principe
15799	-12.183042	lettura
15800	-12.183100	ulia
15801	-12.183170	atteint
15802	-12.183200	amplia
15803	-12.183220	fischer
15804	-12.183311	indicating
15805	-12.183348	increment
15806	-12.183440	prijs
15807	-12.183558	ständig
15808	-12.183594	swiss
15809	-12.183715	russia
15810	-12.183734	paolo
15811	-12.183746	clair
15812	-12.183873	gründen
15813	-12.184018	फी
15814	-12.184107	добр
15815	-12.184201	rencontré
15816	-12.184566	ஓட்ட
15817	-12.184721	stellt
15818	-12.185065	રહે
15819	-12.185175	regler
15820	-12.185454	ще
15821	-12.185477	finally
15822	-12.185650	tjänster
15823	-12.186296	män
15824	-12.186598	tlán
15825	-12.186649	sitt
15826	-12.187334	grenz
15827	-12.187461	amelia
15828	-12.187744	abuso
15829	-12.187798	madad
15830	-12.188076	inviami
15831	-12.188332	ить
15832	-12.188420	jaata
15833	-12.188702	alpha
15834	-12.188881	familiari
15835	-12.188929	lettre
15836	-12.189127	cript
15837	-12.189296	ಯಾರ
15838	-12.189701	ਉਸ
15839	-12.190110	brake
15840	-12.190855	തോ
15841	-12.190858	cuba
15842	-12.190868	കളി
15843	-12.192430	શિ
15844	-12.193197	futuri
15845	-12.193247	వో
15846	-12.193823	eugen
15847	-12.193883	்கள்
15848	-12.194145	enforce
15849	-12.194433	স্থান
15850	-12.194661	ёт
15851	-12.195670	identifi
15852	-12.196290	divide
15853	-12.196507	ಕರ್
15854	-12.196532	borrow
15855	-12.196630	चला
15856	-12.196773	ನಿರ್
15857	-12.196821	flores
15858	-12.196972	ਡਰ
15859	-12.197629	ਠ
15860	-12.197639	chó
15861	-12.197643	appartamento
15862	-12.197643	cataluña
15863	-12.197643	cellulare
15864	-12.197643	hiranandani
15865	-12.197643	johansson
15866	-12.197643	laboratory
15867	-12.197643	música
15868	-12.197643	receivable
15869	-12.197643	scheduling
15870	-12.197643	supérieur
15871	-12.197643	thérapeute
15872	-12.197643	عائشہ
15873	-12.197643	ऑस्ट्रेलिया
15874	-12.197643	শব্দ
15875	-12.197643	చిరునామా
15876	-12.197643	సజీవంగా
15877	-12.197643	సీజన్
15878	-12.197644	espacial
15879	-12.197644	período
15880	-12.197644	प्रश्न
15881	-12.197644	గుర్తించ
15882	-12.197644	చివరి
15883	-12.197645	clarity
15884	-12.197645	intéresse
15885	-12.197645	worried
15886	-12.197645	उपकरण
15887	-12.197647	pourraient
15888	-12.197648	vergoeding
15889	-12.197651	ಆಗಿದೆ
15890	-12.197655	ebenfalls
15891	-12.197655	hãy
15892	-12.197660	gefahren
15893	-12.197665	episode
15894	-12.197666	beauty
15895	-12.197667	ponerse
15896	-12.197670	есть
15897	-12.197679	visible
15898	-12.197682	स्टेशन
15899	-12.197689	workforce
15900	-12.197690	ഓഫ്
15901	-12.197695	brewing
15902	-12.197704	definitie
15903	-12.197706	ਸਾਰੇ
15904	-12.197710	utilities
15905	-12.197711	plaatsvinden
15906	-12.197715	bachelor
15907	-12.197736	தேவை
15908	-12.197772	forniti
15909	-12.197778	mansion
15910	-12.197814	disciplinary
15911	-12.197822	నీటి
15912	-12.197824	fascin
15913	-12.197847	kitchen
15914	-12.197848	collins
15915	-12.197898	khatam
15916	-12.197898	preferencias
15917	-12.197920	université
15918	-12.197936	ricetta
15919	-12.197954	nutzt
15920	-12.198009	artefact
15921	-12.198042	masih
15922	-12.198053	seriously
15923	-12.198097	verifieer
15924	-12.198174	expressway
15925	-12.198203	ಜರ್
15926	-12.198212	dokumentiert
15927	-12.198249	ਮਾਨ
15928	-12.198266	senador
15929	-12.198338	wetten
15930	-12.198364	asegurarnos
15931	-12.198386	iniciar
15932	-12.198474	देखा
15933	-12.198593	র্ন
15934	-12.198687	highlighting
15935	-12.198699	futuras
15936	-12.198730	יד
15937	-12.198836	ઓફ
15938	-12.198861	sarò
15939	-12.198877	gemeinde
15940	-12.198878	brought
15941	-12.198880	cierto
15942	-12.199120	സർ
15943	-12.199276	requirement
15944	-12.199404	interventi
15945	-12.199715	पिता
15946	-12.199741	నగరం
15947	-12.199759	اق
15948	-12.199800	channel
15949	-12.199941	ಟು
15950	-12.200123	frakt
15951	-12.200268	ricezione
15952	-12.200502	negativ
15953	-12.200504	kandidat
15954	-12.200691	immatriculé
15955	-12.200933	രണ്ട്
15956	-12.201121	alice
15957	-12.201173	ਲੈਂਡ
15958	-12.201214	zahn
15959	-12.201599	రూప
15960	-12.201988	rinse
15961	-12.201998	actor
15962	-12.202060	लु
15963	-12.202113	ದರ್
15964	-12.202565	ించే
15965	-12.202612	জীবন
15966	-12.202812	piani
15967	-12.202833	ಜು
15968	-12.203015	carmen
15969	-12.203165	इसका
15970	-12.203290	dusre
15971	-12.203468	raise
15972	-12.203489	specifiche
15973	-12.203676	ांच्या
15974	-12.204557	tijdelijk
15975	-12.204661	motivo
15976	-12.204683	verantwort
15977	-12.205312	زو
15978	-12.205354	பனி
15979	-12.205364	ರೂಪ
15980	-12.205552	muchas
15981	-12.205643	bida
15982	-12.205701	button
15983	-12.206631	steeg
15984	-12.206672	monnaie
15985	-12.206826	кий
15986	-12.207146	konflikt
15987	-12.207183	candidato
15988	-12.207418	maakt
15989	-12.207703	ние
15990	-12.207933	كن
15991	-12.207973	হার
15992	-12.208635	тер
15993	-12.209528	émise
15994	-12.210052	हां
15995	-12.210918	स्थापना
15996	-12.210982	summa
15997	-12.211217	prépare
15998	-12.211489	geboorte
15999	-12.211845	räum
16000	-12.212260	הא
16001	-12.212358	filecreation
16002	-12.212509	schlüssel
16003	-12.212923	approfondire
16004	-12.212945	ன்று
16005	-12.212967	మని
16006	-12.213023	ದೊಡ್ಡ
16007	-12.213027	protégé
16008	-12.213028	anniversary
16009	-12.213028	dépistage
16010	-12.213028	exigences
16011	-12.213028	fingerprint
16012	-12.213028	portefeuille
16013	-12.213028	samenvatting
16014	-12.213028	tecnologie
16015	-12.213028	täglich
16016	-12.213028	évalué
16017	-12.213028	سمیر
16018	-12.213028	जीवित
16019	-12.213028	माझी
16020	-12.213028	सांगितलं
16021	-12.213028	পার্থক্য
16022	-12.213028	ਅਧਾਰ
16023	-12.213028	வேண்டிய
16024	-12.213028	అతిపెద్ద
16025	-12.213028	గెలుచుకున్న
16026	-12.213028	వాతావరణ
16027	-12.213028	సమాచారాన్ని
16028	-12.213028	సురేష్
16029	-12.213028	വാചകം
16030	-12.213029	inscrivez
16031	-12.213029	विवरण
16032	-12.213029	మొత్తం
16033	-12.213030	infanzia
16034	-12.213032	உயிருடன்
16035	-12.213035	chronique
16036	-12.213036	meadow
16037	-12.213038	swedbank
16038	-12.213039	verzekerde
16039	-12.213041	ഉപകരണമാണ്
16040	-12.213049	svenska
16041	-12.213050	विज्ञान
16042	-12.213056	flood
16043	-12.213056	picture
16044	-12.213058	তুমি
16045	-12.213061	bezahlt
16046	-12.213063	voiture
16047	-12.213084	bewerten
16048	-12.213085	autorización
16049	-12.213099	మెంట్
16050	-12.213113	precisa
16051	-12.213134	அன்று
16052	-12.213150	désigne
16053	-12.213217	ಟೇ
16054	-12.213239	changé
16055	-12.213248	ਹੈਃ
16056	-12.213309	sachsen
16057	-12.213327	activation
16058	-12.213333	बताया
16059	-12.213347	fixedrate
16060	-12.213349	frontera
16061	-12.213365	townhouse
16062	-12.213368	berater
16063	-12.213376	retard
16064	-12.213385	aanmelding
16065	-12.213429	സൈ
16066	-12.213433	teatro
16067	-12.213473	মহা
16068	-12.213489	wereld
16069	-12.213559	informiert
16070	-12.213592	pensando
16071	-12.213680	implication
16072	-12.213762	मॅ
16073	-12.213802	manchester
16074	-12.213805	random
16075	-12.213900	zuständig
16076	-12.214183	மும்
16077	-12.214243	לך
16078	-12.214269	bezeichnung
16079	-12.214317	gfg
16080	-12.214395	ున్నారు
16081	-12.214504	ওয়ার
16082	-12.214883	badiya
16083	-12.214915	має
16084	-12.214928	ತಯಾರಿಸ
16085	-12.215010	aspetta
16086	-12.215174	indicati
16087	-12.215444	हु
16088	-12.215998	ప్ల
16089	-12.216290	telemedizin
16090	-12.216299	bearbeitet
16091	-12.216335	اگر
16092	-12.216940	paix
16093	-12.217165	petr
16094	-12.217232	காட்ட
16095	-12.217521	ಪೆ
16096	-12.217646	anima
16097	-12.217724	schmitt
16098	-12.217923	пер
16099	-12.218144	spécial
16100	-12.218310	archives
16101	-12.218409	adoption
16102	-12.218483	ધાર
16103	-12.218526	rappresenta
16104	-12.218712	quinn
16105	-12.218965	targeting
16106	-12.219219	వారం
16107	-12.220325	ஹெ
16108	-12.220545	był
16109	-12.220943	zaroor
16110	-12.221192	duchess
16111	-12.221456	מרי
16112	-12.221605	milne
16113	-12.221687	edición
16114	-12.222013	பய
16115	-12.222960	फ्ट
16116	-12.222972	mount
16117	-12.223210	است
16118	-12.223265	కాలం
16119	-12.223728	ઝા
16120	-12.223950	terminé
16121	-12.224632	ഗു
16122	-12.226274	டிக்
16123	-12.226631	isponibilité
16124	-12.226776	بي
16125	-12.227260	geleitet
16126	-12.227620	పార్
16127	-12.228432	justificati
16128	-12.228442	శాన్
16129	-12.228631	lógico
16130	-12.228642	ਝ
16131	-12.228647	kenntnis
16132	-12.228653	advertising
16133	-12.228653	beskrivning
16134	-12.228653	bénévolat
16135	-12.228653	confidenzial
16136	-12.228653	contribución
16137	-12.228653	evaluating
16138	-12.228653	featuring
16139	-12.228653	féminin
16140	-12.228653	geeignet
16141	-12.228653	habilitación
16142	-12.228653	intelligenz
16143	-12.228653	quotidien
16144	-12.228653	sapphire
16145	-12.228653	stwetqtfn
16146	-12.228653	toewijding
16147	-12.228653	unterzeichne
16148	-12.228653	vertrauen
16149	-12.228653	پہلے
16150	-12.228653	देशमुख
16151	-12.228653	फ़ोन
16152	-12.228653	बच्चों
16153	-12.228653	আমরা
16154	-12.228653	উচিত
16155	-12.228653	রেফারেন্স
16156	-12.228653	மூலம்
16157	-12.228653	ఆలోచన
16158	-12.228653	ప్రదర్శన
16159	-12.228653	ಚಲನಚಿತ್ರ
16160	-12.228653	മാത്യു
16161	-12.228654	fraudulent
16162	-12.228654	independent
16163	-12.228654	intelligent
16164	-12.228654	मित्र
16165	-12.228655	renovable
16166	-12.228655	écrire
16167	-12.228656	avvocato
16168	-12.228656	ideeën
16169	-12.228656	negotiation
16170	-12.228656	supplement
16171	-12.228657	gebaseerd
16172	-12.228658	incendio
16173	-12.228658	stück
16174	-12.228660	neonatal
16175	-12.228661	competitor
16176	-12.228664	struggle
16177	-12.228667	adjunta
16178	-12.228667	فراہم
16179	-12.228675	automation
16180	-12.228688	असतात
16181	-12.228692	chahti
16182	-12.228695	volevo
16183	-12.228710	bewegung
16184	-12.228713	খাবার
16185	-12.228715	കാര്യ
16186	-12.228730	comparison
16187	-12.228733	farmaci
16188	-12.228760	дуже
16189	-12.228761	kollegen
16190	-12.228761	बढ़
16191	-12.228769	combination
16192	-12.228776	stained
16193	-12.228781	eigentum
16194	-12.228792	യ്ക്ക്
16195	-12.228793	rendement
16196	-12.228811	한다
16197	-12.228818	virement
16198	-12.228836	joshua
16199	-12.228847	enforcement
16200	-12.228850	నీరు
16201	-12.228853	리는
16202	-12.228864	planifica
16203	-12.228882	enfance
16204	-12.228891	regolamenta
16205	-12.228934	capire
16206	-12.228947	benodigde
16207	-12.228955	estimé
16208	-12.228964	chargé
16209	-12.229026	banyak
16210	-12.229029	যেতে
16211	-12.229065	स्टे
16212	-12.229185	karega
16213	-12.229193	navigateur
16214	-12.229196	ಟೊ
16215	-12.229280	masqué
16216	-12.229283	presentamos
16217	-12.229439	হতে
16218	-12.229479	técnica
16219	-12.229511	ottimo
16220	-12.229575	reparto
16221	-12.229596	father
16222	-12.229603	люб
16223	-12.229630	proposons
16224	-12.229800	conoscere
16225	-12.229829	spiega
16226	-12.229841	tesfa
16227	-12.230013	allergie
16228	-12.230233	effettuati
16229	-12.230497	జన్మ
16230	-12.230505	delaware
16231	-12.230710	llard
16232	-12.230744	भेजा
16233	-12.231098	sofia
16234	-12.231411	اسے
16235	-12.231438	flag
16236	-12.231570	anovic
16237	-12.232011	permesso
16238	-12.232473	shree
16239	-12.232998	dealing
16240	-12.233022	ortiz
16241	-12.233214	llamo
16242	-12.233232	থাকে
16243	-12.233421	estaba
16244	-12.233514	berufliche
16245	-12.233523	ಯೆ
16246	-12.233906	propre
16247	-12.234405	changing
16248	-12.235106	kopi
16249	-12.235295	lène
16250	-12.235320	isierten
16251	-12.235585	లెట్
16252	-12.235703	جل
16253	-12.236353	assim
16254	-12.236369	hessen
16255	-12.236611	sagt
16256	-12.236729	korea
16257	-12.237123	échanger
16258	-12.237439	tsang
16259	-12.238145	দল
16260	-12.238363	istico
16261	-12.238508	لوگ
16262	-12.239283	garantiza
16263	-12.239450	wave
16264	-12.239599	فن
16265	-12.240074	kham
16266	-12.240692	ડ્ર
16267	-12.241097	coding
16268	-12.241185	ప్రయాణ
16269	-12.241210	ंडा
16270	-12.241283	প্যা
16271	-12.241489	onservazione
16272	-12.241492	fulfill
16273	-12.241537	franche
16274	-12.241675	drill
16275	-12.241802	fixé
16276	-12.242611	jugador
16277	-12.242721	abilities
16278	-12.243098	రవి
16279	-12.243186	electric
16280	-12.243818	modera
16281	-12.244153	കളെ
16282	-12.244271	ിക്കുന്നത്
16283	-12.244381	ವಿಶ್ವ
16284	-12.244452	పిల్లల
16285	-12.244513	మొదట
16286	-12.244524	पूर्ण
16287	-12.244525	సందర్శించ
16288	-12.244526	accademico
16289	-12.244526	beurteilung
16290	-12.244526	desafío
16291	-12.244526	effizienz
16292	-12.244526	organisator
16293	-12.244526	präsentation
16294	-12.244526	vencimiento
16295	-12.244526	waarborgen
16296	-12.244526	élicitations
16297	-12.244526	मैन
16298	-12.244526	स्वागत
16299	-12.244526	প্রদত্ত
16300	-12.244526	હાર્દિક
16301	-12.244526	ஹரிணி
16302	-12.244526	పిలుస్తారు
16303	-12.244526	స్థానం
16304	-12.244526	ആളുകൾ
16305	-12.244527	zukunft
16306	-12.244527	आहोत
16307	-12.244527	அழிந்துவிட்ட
16308	-12.244528	einreichung
16309	-12.244529	organisiert
16310	-12.244530	সঙ্গে
16311	-12.244530	రూపొందించ
16312	-12.244531	aanvullende
16313	-12.244531	verwerking
16314	-12.244533	significance
16315	-12.244534	എഴുതുക
16316	-12.244539	centrum
16317	-12.244542	చేయబడిన
16318	-12.244547	ముఖ్యమైన
16319	-12.244550	maternal
16320	-12.244552	குழு
16321	-12.244553	ਹੋਇਆ
16322	-12.244556	రాజ్య
16323	-12.244557	ಪ್ರಕಾರ
16324	-12.244561	बोर्ड
16325	-12.244565	தொகை
16326	-12.244570	может
16327	-12.244573	ntragsteller
16328	-12.244577	harvey
16329	-12.244596	ાયેલ
16330	-12.244598	मदत
16331	-12.244604	காற்று
16332	-12.244630	eficiencia
16333	-12.244640	హై
16334	-12.244652	दोनों
16335	-12.244653	identifiable
16336	-12.244654	کوئی
16337	-12.244658	aangifte
16338	-12.244675	hoeveel
16339	-12.244681	murray
16340	-12.244697	vendite
16341	-12.244701	ിലും
16342	-12.244709	oficial
16343	-12.244752	calendario
16344	-12.244771	ಅದು
16345	-12.244785	ಅತಿ
16346	-12.244799	durchführen
16347	-12.244809	जोड़
16348	-12.244810	मूल
16349	-12.244823	vaccinazione
16350	-12.244836	claude
16351	-12.244847	freut
16352	-12.244847	ialah
16353	-12.244854	চু
16354	-12.244861	painting
16355	-12.244901	impatience
16356	-12.244914	soumission
16357	-12.244956	ক্রি
16358	-12.245002	மலை
16359	-12.245038	connaître
16360	-12.245055	realistic
16361	-12.245089	இருப்ப
16362	-12.245148	nstalaciones
16363	-12.245155	facilita
16364	-12.245164	ಕೂ
16365	-12.245280	meneer
16366	-12.245287	മൂ
16367	-12.245288	शकता
16368	-12.245356	consultazion
16369	-12.245369	orrectamente
16370	-12.245426	contactarnos
16371	-12.245580	méthode
16372	-12.245667	পাল
16373	-12.245932	مین
16374	-12.246022	জান
16375	-12.246209	בד
16376	-12.246508	klingt
16377	-12.246612	månad
16378	-12.247045	parlato
16379	-12.247132	juridisch
16380	-12.247132	kyr
16381	-12.247165	sweden
16382	-12.247279	partagez
16383	-12.247313	વર
16384	-12.247500	replacement
16385	-12.247560	टू
16386	-12.247571	kitne
16387	-12.248201	mantri
16388	-12.248223	cooper
16389	-12.248281	isponibilità
16390	-12.248499	péri
16391	-12.248761	गाडी
16392	-12.248877	ట్రీ
16393	-12.250718	partita
16394	-12.250984	leslie
16395	-12.251955	ించాడు
16396	-12.252319	ਫਲ
16397	-12.252526	বই
16398	-12.253054	بد
16399	-12.253333	גר
16400	-12.253633	artisan
16401	-12.253781	ivanov
16402	-12.254169	accent
16403	-12.254616	estava
16404	-12.255481	venez
16405	-12.255948	এম
16406	-12.256232	llegar
16407	-12.256695	പ്പി
16408	-12.257082	associati
16409	-12.257901	கண்ட
16410	-12.258122	చర్చించ
16411	-12.258972	ജാ
16412	-12.258990	kultur
16413	-12.259389	ెంట్
16414	-12.259466	stazione
16415	-12.260360	vermögen
16416	-12.260655	aansprake
16417	-12.260655	anwesenheit
16418	-12.260655	appreciation
16419	-12.260655	bvbmsey
16420	-12.260655	capacitación
16421	-12.260655	challenging
16422	-12.260655	currencies
16423	-12.260655	discuté
16424	-12.260655	extensive
16425	-12.260655	garantía
16426	-12.260655	memorandum
16427	-12.260655	propósito
16428	-12.260655	précieux
16429	-12.260655	rigorous
16430	-12.260655	डायरी
16431	-12.260655	पुरस्कार
16432	-12.260655	আমেরিকা
16433	-12.260655	রাজ্য
16434	-12.260655	ਕਿੱਥੇ
16435	-12.260655	ਹੁੰਦੀ
16436	-12.260655	આપવામાં
16437	-12.260655	તફાવત
16438	-12.260655	વિવિધ
16439	-12.260655	கொண்டுள்ளது
16440	-12.260655	புதிய
16441	-12.260655	பேஸ்பால்
16442	-12.260655	కంపెనీ
16443	-12.260655	పాఠశాల
16444	-12.260656	comunitaria
16445	-12.260656	efectivo
16446	-12.260656	getroffen
16447	-12.260656	préparation
16448	-12.260656	sammeln
16449	-12.260656	வரிசை
16450	-12.260657	kennedy
16451	-12.260658	stärken
16452	-12.260660	ಿಕೊಳ್ಳ
16453	-12.260661	acquistare
16454	-12.260661	ecomendación
16455	-12.260662	confermo
16456	-12.260663	travaux
16457	-12.260663	শুরু
16458	-12.260664	wünsche
16459	-12.260666	achievements
16460	-12.260666	possibilità
16461	-12.260666	தேசிய
16462	-12.260667	െന്നും
16463	-12.260668	cuánto
16464	-12.260669	inhalation
16465	-12.260669	jayegi
16466	-12.260669	જન્મ
16467	-12.260669	ాత్మక
16468	-12.260670	bijoux
16469	-12.260671	tecnica
16470	-12.260675	lumière
16471	-12.260676	സമയ
16472	-12.260681	చేస్తుంది
16473	-12.260689	istituto
16474	-12.260698	lectura
16475	-12.260700	వ్రాయండి
16476	-12.260705	جانور
16477	-12.260708	proceedings
16478	-12.260717	facturation
16479	-12.260717	reliable
16480	-12.260725	osservazioni
16481	-12.260736	anonymous
16482	-12.260744	conçu
16483	-12.260755	dagelijks
16484	-12.260767	priorität
16485	-12.260768	unirte
16486	-12.260785	భూ
16487	-12.260798	ਇਆ
16488	-12.260798	કરીને
16489	-12.260804	पेड़
16490	-12.260812	acheté
16491	-12.260818	gateway
16492	-12.260842	occhiata
16493	-12.260848	આપે
16494	-12.260849	unterschied
16495	-12.260849	કોઈ
16496	-12.260860	imagerie
16497	-12.260866	ಲೈ
16498	-12.260886	עם
16499	-12.260917	mutuel
16500	-12.260983	மற்ற
16501	-12.260988	sicuri
16502	-12.261013	alcalde
16503	-12.261021	ચી
16504	-12.261025	सुन
16505	-12.261154	क्योंकि
16506	-12.261175	compatibilit
16507	-12.261206	શો
16508	-12.261446	transmission
16509	-12.261496	fascinante
16510	-12.261519	എം
16511	-12.261554	graham
16512	-12.261583	sobha
16513	-12.261724	कभी
16514	-12.261988	avancées
16515	-12.261993	பதி
16516	-12.262192	einfach
16517	-12.262238	útil
16518	-12.262437	erhaltung
16519	-12.262465	innovazione
16520	-12.262813	identifies
16521	-12.262821	financiering
16522	-12.262936	для
16523	-12.263093	erziehung
16524	-12.263176	divulgare
16525	-12.263425	ethik
16526	-12.263627	fisher
16527	-12.264005	exige
16528	-12.264135	saving
16529	-12.264238	gerald
16530	-12.264354	margaret
16531	-12.264750	בא
16532	-12.264769	alternativo
16533	-12.265050	പ്പെടുത്തുക
16534	-12.265098	mooi
16535	-12.265153	зи
16536	-12.265535	portion
16537	-12.265701	utilizado
16538	-12.265806	illness
16539	-12.265855	taalrekening
16540	-12.265955	almere
16541	-12.266404	functioning
16542	-12.266733	plémentaire
16543	-12.266978	aktion
16544	-12.267113	publié
16545	-12.267138	యే
16546	-12.267141	echnological
16547	-12.267354	ке
16548	-12.267505	avermi
16549	-12.267511	ుంది
16550	-12.267771	స్తున్నాను
16551	-12.268133	గత
16552	-12.268240	timing
16553	-12.268501	ર્ન
16554	-12.268505	מח
16555	-12.269114	shaw
16556	-12.269330	ಿಸುತ್ತದೆ
16557	-12.269394	watson
16558	-12.269483	catch
16559	-12.269796	அழைக்கப்பட
16560	-12.270146	affirm
16561	-12.270723	fortuna
16562	-12.270818	shore
16563	-12.271460	هي
16564	-12.272117	ക്കു
16565	-12.272182	هم
16566	-12.272852	шу
16567	-12.273501	ци
16568	-12.273569	klärung
16569	-12.274068	बू
16570	-12.274523	விவரிக்க
16571	-12.274578	tsv
16572	-12.274987	ایل
16573	-12.275370	earth
16574	-12.275549	compromise
16575	-12.275682	चाय
16576	-12.275697	indian
16577	-12.275894	beeld
16578	-12.276135	फो
16579	-12.276424	പ്പോ
16580	-12.276556	sorge
16581	-12.276648	বেশ
16582	-12.276939	adding
16583	-12.277049	alphabétis
16584	-12.277049	appartement
16585	-12.277049	barcelona
16586	-12.277049	bedrijven
16587	-12.277049	commendable
16588	-12.277049	discrepanze
16589	-12.277049	frågor
16590	-12.277049	introducción
16591	-12.277049	portafoglio
16592	-12.277049	proprietary
16593	-12.277049	punteggio
16594	-12.277049	trasferito
16595	-12.277049	ufficiale
16596	-12.277049	verstrekt
16597	-12.277049	überwachen
16598	-12.277049	زینب
16599	-12.277049	شناخت
16600	-12.277049	तिवारी
16601	-12.277049	पृथ्वी
16602	-12.277049	बेहतर
16603	-12.277049	समुद्र
16604	-12.277049	सर्वोत्तम
16605	-12.277049	দ্ধ
16606	-12.277049	ফুটবল
16607	-12.277049	ਮਨਪ੍ਰੀਤ
16608	-12.277049	ਹਰਲੀਨ
16609	-12.277049	દિવસ
16610	-12.277049	ૈ
16611	-12.277049	ஒவ்வொரு
16612	-12.277049	செல்வம்
16613	-12.277049	అయితే
16614	-12.277049	నిర్మించ
16615	-12.277049	స్వాతి
16616	-12.277049	ಜೀವನ
16617	-12.277049	എപ്പോഴാണ്
16618	-12.277049	പേരുകൾ
16619	-12.277049	പ്രവർത്ത
16620	-12.277049	ലക്ഷ്മി
16621	-12.277050	phillips
16622	-12.277050	popolare
16623	-12.277050	raccogliere
16624	-12.277051	territori
16625	-12.277053	garcía
16626	-12.277055	departamento
16627	-12.277056	उच्च
16628	-12.277061	landlord
16629	-12.277061	vermogen
16630	-12.277066	bepaald
16631	-12.277066	રાજ્ય
16632	-12.277068	sekarang
16633	-12.277072	ಹೊಂದಿರುವ
16634	-12.277081	verstrekken
16635	-12.277085	ಅಂಶ
16636	-12.277089	gesetzlichen
16637	-12.277091	competent
16638	-12.277092	wanneer
16639	-12.277105	sparbuch
16640	-12.277114	leverage
16641	-12.277125	ങ്ങളും
16642	-12.277128	baumhaus
16643	-12.277129	villkor
16644	-12.277130	preferita
16645	-12.277132	difficultés
16646	-12.277137	condotta
16647	-12.277142	எஃப்
16648	-12.277143	estimada
16649	-12.277159	informatics
16650	-12.277162	dirigé
16651	-12.277166	shilling
16652	-12.277200	ಮಾಡಲು
16653	-12.277207	ವಿವರ
16654	-12.277209	farmhouse
16655	-12.277216	జాతి
16656	-12.277243	vidrio
16657	-12.277244	imparare
16658	-12.277259	நிதி
16659	-12.277353	வழிகள்
16660	-12.277377	ੀਅਨ
16661	-12.277459	तरीका
16662	-12.277492	finish
16663	-12.277520	ashley
16664	-12.277564	ஒன்
16665	-12.277572	banane
16666	-12.277633	valenciana
16667	-12.278414	вас
16668	-12.278476	बिल
16669	-12.278622	అమెరికా
16670	-12.278637	reproductive
16671	-12.278817	vorstellen
16672	-12.279011	tenuti
16673	-12.279178	అల్
16674	-12.279207	gerecht
16675	-12.279302	యంత్ర
16676	-12.279449	హు
16677	-12.279543	performing
16678	-12.279669	नाहीत
16679	-12.279931	ਚਿ
16680	-12.280045	vacation
16681	-12.280249	খু
16682	-12.280298	creek
16683	-12.280647	లింగ్
16684	-12.280656	assessing
16685	-12.280740	waarom
16686	-12.280866	serial
16687	-12.280946	טי
16688	-12.281064	apni
16689	-12.281443	कसा
16690	-12.281838	herstellung
16691	-12.282030	contattami
16692	-12.282273	חל
16693	-12.282829	తుల
16694	-12.283108	यदि
16695	-12.283140	moving
16696	-12.283202	vetro
16697	-12.283606	duidelijk
16698	-12.285698	lancer
16699	-12.285920	মনে
16700	-12.285958	ലേ
16701	-12.286018	régulière
16702	-12.286445	blij
16703	-12.286466	mostrar
16704	-12.286592	vlad
16705	-12.286953	ാൽ
16706	-12.287036	activiteit
16707	-12.287121	delete
16708	-12.287232	inzicht
16709	-12.287559	allegati
16710	-12.287665	ecchi
16711	-12.287680	fonctionne
16712	-12.288617	மன
16713	-12.288790	വോ
16714	-12.288841	detalle
16715	-12.289064	किंग
16716	-12.289155	ಮೂ
16717	-12.289674	جنگ
16718	-12.290291	பெண்
16719	-12.290421	ਥਾ
16720	-12.291178	אר
16721	-12.291191	facilitar
16722	-12.291530	சொல்
16723	-12.291855	оста
16724	-12.292236	जमा
16725	-12.292294	führt
16726	-12.292436	קה
16727	-12.293176	ausbildung
16728	-12.293279	ినప్పుడు
16729	-12.293420	effetti
16730	-12.293467	geburts
16731	-12.293670	vriend
16732	-12.293715	desempeño
16733	-12.293715	estudiantil
16734	-12.293715	evaluaciones
16735	-12.293715	kontrakt
16736	-12.293715	personnalité
16737	-12.293715	reynolds
16738	-12.293715	schätzung
16739	-12.293715	scientific
16740	-12.293715	sesoramiento
16741	-12.293715	vastgelegd
16742	-12.293715	всё
16743	-12.293715	अल्पविराम
16744	-12.293715	चौहान
16745	-12.293715	रॉक
16746	-12.293715	সংখ্যা
16747	-12.293715	ਦੁਨੀਆ
16748	-12.293715	పేర్లు
16749	-12.293715	రెండవ
16750	-12.293715	ಆಟಗಾರ
16751	-12.293715	മൃഗ
16752	-12.293715	സ്ഥിതി
16753	-12.293716	aanbeveling
16754	-12.293716	beziehung
16755	-12.293716	eriksson
16756	-12.293716	incoraggia
16757	-12.293716	licensing
16758	-12.293716	vorbereitung
16759	-12.293716	കഴിയുന്ന
16760	-12.293717	inspiring
16761	-12.293718	respekt
16762	-12.293721	erwarten
16763	-12.293722	timothy
16764	-12.293725	നിയമ
16765	-12.293728	എവിടെയാണ്
16766	-12.293729	wechsel
16767	-12.293730	hipotecario
16768	-12.293735	adhering
16769	-12.293736	హాయ్
16770	-12.293739	तंत्र
16771	-12.293745	உங்களுக்கு
16772	-12.293751	relativo
16773	-12.293755	ഗ്രഹ
16774	-12.293762	ಭಾವ
16775	-12.293764	alexandra
16776	-12.293766	confianza
16777	-12.293766	toekomst
16778	-12.293770	ಕೊಂಡ
16779	-12.293776	ہوئی
16780	-12.293786	locaux
16781	-12.293834	షో
16782	-12.293835	해요
16783	-12.293836	shipped
16784	-12.293845	ಆಫ್
16785	-12.293886	melissa
16786	-12.293886	palace
16787	-12.293912	specialized
16788	-12.293914	charlie
16789	-12.293927	tratando
16790	-12.293954	attachment
16791	-12.293978	ఫార్
16792	-12.293985	employeur
16793	-12.294008	stesso
16794	-12.294070	নিউ
16795	-12.294071	ನಿಂದ
16796	-12.294081	indiquent
16797	-12.294188	करायला
16798	-12.294315	debemos
16799	-12.294364	pulse
16800	-12.294394	hållbar
16801	-12.294454	കോർ
16802	-12.294556	hantera
16803	-12.294709	realidad
16804	-12.294750	ாகும்
16805	-12.294786	ுக்கும்
16806	-12.294852	buiten
16807	-12.294856	ரியா
16808	-12.294909	messagerie
16809	-12.294987	malpractice
16810	-12.294994	sorgen
16811	-12.295068	facile
16812	-12.295180	javier
16813	-12.295299	नदी
16814	-12.295441	implementier
16815	-12.295480	atleta
16816	-12.295654	apartment
16817	-12.295722	એમ
16818	-12.295859	ఇన్
16819	-12.295918	prêteur
16820	-12.296046	hendri
16821	-12.296060	leveren
16822	-12.296322	jederzeit
16823	-12.296720	approfondita
16824	-12.296721	geheim
16825	-12.296771	onderhoud
16826	-12.296916	ಚ್ಚ
16827	-12.297100	parfait
16828	-12.297312	aggiornata
16829	-12.298335	எல்லா
16830	-12.298755	bénéficier
16831	-12.298770	offerta
16832	-12.298898	దేశాల
16833	-12.299816	રુ
16834	-12.300507	לח
16835	-12.300766	vervoer
16836	-12.300964	గలరా
16837	-12.301017	giulia
16838	-12.301252	payee
16839	-12.301727	terry
16840	-12.302559	ött
16841	-12.302567	ગર
16842	-12.302646	એલ
16843	-12.302655	వార్
16844	-12.303612	freelance
16845	-12.303798	blend
16846	-12.303855	verlauf
16847	-12.304276	శ్ర
16848	-12.304384	controller
16849	-12.305444	ertrouwelijk
16850	-12.305692	lohn
16851	-12.306038	grace
16852	-12.306058	ил
16853	-12.306063	lång
16854	-12.306790	ட்டின்
16855	-12.306895	పాత్ర
16856	-12.307007	rillo
16857	-12.307409	נית
16858	-12.307495	बर्फ
16859	-12.307950	ಹೆಸರ
16860	-12.308265	ಮನೆ
16861	-12.308942	தனி
16862	-12.309098	handlung
16863	-12.309308	தங்கள்
16864	-12.309633	esencial
16865	-12.309891	anforderung
16866	-12.310245	productive
16867	-12.310310	stimmt
16868	-12.310453	ढ़
16869	-12.310664	chirurgie
16870	-12.310664	cognitieve
16871	-12.310664	disturbo
16872	-12.310664	expenditure
16873	-12.310664	favourite
16874	-12.310664	konsultation
16875	-12.310664	recruitment
16876	-12.310664	recuperación
16877	-12.310664	virginia
16878	-12.310664	очень
16879	-12.310664	नमस्कार
16880	-12.310664	शैली
16881	-12.310664	सैन
16882	-12.310664	ਦਿੱਤਾ
16883	-12.310664	ਪਛਾਣ
16884	-12.310664	அருண்
16885	-12.310664	அவற்றை
16886	-12.310664	இடையே
16887	-12.310664	பொருள்
16888	-12.310664	லட்சுமி
16889	-12.310664	ఆరోగ్య
16890	-12.310664	ಕೀರ್ತಿ
16891	-12.310664	ಬಹುದೇ
16892	-12.310665	elettronica
16893	-12.310665	oogkleur
16894	-12.310665	präventiv
16895	-12.310665	trimestral
16896	-12.310665	ventilated
16897	-12.310665	wählen
16898	-12.310665	कितना
16899	-12.310665	ನಂತರ
16900	-12.310665	ಭೇಟಿ
16901	-12.310666	alexandru
16902	-12.310666	faculty
16903	-12.310666	holistique
16904	-12.310666	jenkins
16905	-12.310666	primarily
16906	-12.310667	charlotte
16907	-12.310671	ಅತಿದೊಡ್ಡ
16908	-12.310673	favoriete
16909	-12.310673	universität
16910	-12.310676	preferisco
16911	-12.310676	subscribe
16912	-12.310678	час
16913	-12.310679	exceed
16914	-12.310679	integrating
16915	-12.310680	tervenciones
16916	-12.310684	domestic
16917	-12.310687	proveniente
16918	-12.310692	अल्
16919	-12.310695	aspettiamo
16920	-12.310696	kenneth
16921	-12.310696	છું
16922	-12.310701	شامل
16923	-12.310706	sélectionné
16924	-12.310715	ಫೆ
16925	-12.310720	મોટા
16926	-12.310730	retraite
16927	-12.310733	பத்தியின்
16928	-12.310735	auftrag
16929	-12.310740	ಎಫ್
16930	-12.310742	प्रयोग
16931	-12.310760	ఎక్స్
16932	-12.310763	vendita
16933	-12.310783	درج
16934	-12.310796	하는
16935	-12.310798	గె
16936	-12.310812	vuole
16937	-12.310879	passionné
16938	-12.310921	påverka
16939	-12.310953	ہونے
16940	-12.310983	vibrant
16941	-12.311000	ीकरण
16942	-12.311069	regole
16943	-12.311131	transsexual
16944	-12.311148	ாத
16945	-12.311172	ਜਿ
16946	-12.311184	অব
16947	-12.311192	controlled
16948	-12.311307	fighting
16949	-12.311354	réforme
16950	-12.311362	arbets
16951	-12.311394	informarvi
16952	-12.311440	richtung
16953	-12.311514	completament
16954	-12.311522	utmost
16955	-12.311574	masculin
16956	-12.311621	variable
16957	-12.311633	quickly
16958	-12.311698	sleutel
16959	-12.311791	acute
16960	-12.312281	பெயர்களை
16961	-12.312371	అవి
16962	-12.312828	બિ
16963	-12.312841	jugadores
16964	-12.312990	ब्रा
16965	-12.313008	త్రి
16966	-12.313041	nachweis
16967	-12.313486	עת
16968	-12.313715	mittente
16969	-12.313943	angelo
16970	-12.314333	organism
16971	-12.315630	ੈਂਡ
16972	-12.315650	निया
16973	-12.315684	bunu
16974	-12.315734	కుటుంబం
16975	-12.315870	ூட்ட
16976	-12.317216	scheda
16977	-12.317448	ಬ್ಯಾ
16978	-12.317837	క్రియ
16979	-12.318548	وار
16980	-12.318570	خر
16981	-12.318596	exception
16982	-12.318779	వ్యా
16983	-12.319793	కన్
16984	-12.320002	ಮನ್
16985	-12.320086	लीग
16986	-12.320521	माना
16987	-12.320570	feuer
16988	-12.320840	samma
16989	-12.320876	तोय
16990	-12.321256	genannt
16991	-12.321644	આર
16992	-12.321895	åter
16993	-12.322345	জীব
16994	-12.322990	സ്റ്റ്
16995	-12.323449	entrée
16996	-12.323500	శాస్త్రం
16997	-12.323526	తాయి
16998	-12.323632	govern
16999	-12.323675	நிலைய
17000	-12.324206	யே
17001	-12.326097	restant
17002	-12.326188	ফো
17003	-12.326200	ਕਰਨਾ
17004	-12.326293	scrivo
17005	-12.326433	ਰੂ
17006	-12.327808	അമേരിക്ക
17007	-12.327808	톰
17008	-12.327884	రాయండి
17009	-12.327899	సంబంధ
17010	-12.327905	ক্ট
17011	-12.327906	específico
17012	-12.327906	interruption
17013	-12.327906	richiesti
17014	-12.327906	rompecabezas
17015	-12.327906	álbum
17016	-12.327906	économique
17017	-12.327906	الأمازيغية
17018	-12.327906	امریکی
17019	-12.327906	نکالیں
17020	-12.327906	পরিচিত
17021	-12.327906	ਜਾਨਵਰ
17022	-12.327906	ਫਿਲਮ
17023	-12.327906	ਸਿਮਰਨ
17024	-12.327906	அடையாளம்
17025	-12.327906	కూడిన
17026	-12.327906	నిర్మాణ
17027	-12.327906	బేస్బాల్
17028	-12.327906	శ్రీనివాస్
17029	-12.327906	ರಾಷ್ಟ್ರೀಯ
17030	-12.327906	ಸುದೀಪ್
17031	-12.327906	ജോസഫ്
17032	-12.327907	aprobada
17033	-12.327907	bildgebung
17034	-12.327907	investimenti
17035	-12.327907	übertragung
17036	-12.327907	પ્રાણી
17037	-12.327907	માર્ગ
17038	-12.327907	વ્યક્તિ
17039	-12.327908	estgeldkonto
17040	-12.327908	mohammad
17041	-12.327909	ingevoerd
17042	-12.327910	geschickt
17043	-12.327911	marriage
17044	-12.327913	spencer
17045	-12.327915	usparvertrag
17046	-12.327916	visionnement
17047	-12.327917	hamilton
17048	-12.327918	thurgau
17049	-12.327920	বাড়ি
17050	-12.327923	பிறந்தார்
17051	-12.327924	tumhara
17052	-12.327926	agradecer
17053	-12.327926	bianchi
17054	-12.327926	inflation
17055	-12.327933	ഓരോ
17056	-12.327944	fissare
17057	-12.327944	mycket
17058	-12.327945	suggesties
17059	-12.327946	fxios
17060	-12.327948	estrella
17061	-12.327953	ചു
17062	-12.327955	അനിൽ
17063	-12.327964	étrange
17064	-12.327974	కరమైన
17065	-12.327975	scoperto
17066	-12.327982	సాధించ
17067	-12.327985	чтобы
17068	-12.327994	shaping
17069	-12.327997	regolamento
17070	-12.328015	पार्क
17071	-12.328016	gilbert
17072	-12.328031	ಮಾಡುವ
17073	-12.328039	பிரியா
17074	-12.328041	campbell
17075	-12.328051	krankenhaus
17076	-12.328071	promoción
17077	-12.328072	spazio
17078	-12.328098	localización
17079	-12.328108	arnold
17080	-12.328115	पूर्वी
17081	-12.328162	indiqué
17082	-12.328172	னே
17083	-12.328179	கிராம
17084	-12.328210	नंतर
17085	-12.328212	বিশ্বের
17086	-12.328228	besitz
17087	-12.328243	דר
17088	-12.328249	जाऊ
17089	-12.328258	prenotazione
17090	-12.328410	slecht
17091	-12.328450	आर्ट
17092	-12.328465	detectado
17093	-12.328481	achhe
17094	-12.328508	soyez
17095	-12.328531	meaningful
17096	-12.328567	cardiologi
17097	-12.328594	innovant
17098	-12.328818	उसकी
17099	-12.328876	museo
17100	-12.328900	artistique
17101	-12.329055	gokul
17102	-12.329063	స్టార్
17103	-12.329197	প্রা
17104	-12.329287	lodha
17105	-12.329661	jalan
17106	-12.329835	specialmente
17107	-12.330001	investera
17108	-12.330052	wellbeing
17109	-12.330266	elektr
17110	-12.330351	ഡ്ര
17111	-12.330389	கான்
17112	-12.331087	сам
17113	-12.331149	ੇਸ਼ਨ
17114	-12.331439	घटना
17115	-12.331689	ക്കാൻ
17116	-12.332047	analys
17117	-12.332511	देने
17118	-12.332861	બોલ
17119	-12.333107	promotional
17120	-12.333134	utilizzata
17121	-12.333750	pensez
17122	-12.333829	গি
17123	-12.334598	favorita
17124	-12.334885	ٹری
17125	-12.335331	آر
17126	-12.336308	ਭਾਰਤ
17127	-12.336349	agni
17128	-12.336473	ਰੂਪ
17129	-12.336490	ಆಟ
17130	-12.336741	uppgifter
17131	-12.337240	emotiva
17132	-12.337255	detailleerde
17133	-12.338776	fähigkeit
17134	-12.338930	ringrazia
17135	-12.339032	જ્
17136	-12.339709	ಾಗಿದ್ದ
17137	-12.340065	organizza
17138	-12.341308	ിനെ
17139	-12.341682	stionnaire
17140	-12.341849	ഹി
17141	-12.342467	নামে
17142	-12.342610	एक्स
17143	-12.342843	verdad
17144	-12.342845	دة
17145	-12.343029	alingam
17146	-12.343146	winst
17147	-12.343367	greifen
17148	-12.343438	necesidad
17149	-12.343443	encontré
17150	-12.344090	লাই
17151	-12.344294	fass
17152	-12.344311	स्टार
17153	-12.344913	schick
17154	-12.345284	bartol
17155	-12.345408	ağı
17156	-12.345432	వివరించ
17157	-12.345449	akzeptieren
17158	-12.345449	bénéficiaire
17159	-12.345449	fédéral
17160	-12.345449	pediátrica
17161	-12.345449	pollution
17162	-12.345449	psychiatris
17163	-12.345449	raccolti
17164	-12.345449	recomendamos
17165	-12.345449	scolastiche
17166	-12.345449	svizzero
17167	-12.345449	ليلى
17168	-12.345449	जानवर
17169	-12.345449	बड़ी
17170	-12.345449	माध्यम
17171	-12.345449	लिखिए
17172	-12.345449	सारांश
17173	-12.345449	প্রয়োজন
17174	-12.345449	ਖੇਤਰ
17175	-12.345449	ਯੋਗ
17176	-12.345449	આધારે
17177	-12.345449	જ્યારે
17178	-12.345449	சரவணன்
17179	-12.345449	பள்ளி
17180	-12.345449	புல்லட்
17181	-12.345449	ఉత్తర
17182	-12.345449	ಸ್ಟೇಟ್ಸ್
17183	-12.345450	cognitivo
17184	-12.345450	entrepreneur
17185	-12.345450	richiedono
17186	-12.345450	solothurn
17187	-12.345450	पाँच
17188	-12.345450	बास्केटबॉल
17189	-12.345450	চলচ্চিত্র
17190	-12.345450	શબ્દ
17191	-12.345450	ವಸ್ತು
17192	-12.345450	പ്രശസ്ത
17193	-12.345451	soluciones
17194	-12.345451	वर्गीकृत
17195	-12.345451	বিদ্যালয়
17196	-12.345452	asociación
17197	-12.345452	construir
17198	-12.345453	précoce
17199	-12.345455	recuerde
17200	-12.345456	ahorros
17201	-12.345456	benjamin
17202	-12.345457	automatisch
17203	-12.345459	verkehr
17204	-12.345459	श्रीवास्तव
17205	-12.345463	prestige
17206	-12.345464	భూమి
17207	-12.345469	muziek
17208	-12.345474	recueil
17209	-12.345477	bronnen
17210	-12.345480	regardless
17211	-12.345484	сказал
17212	-12.345490	सूर्य
17213	-12.345496	switch
17214	-12.345498	redditi
17215	-12.345524	santander
17216	-12.345549	ہوتے
17217	-12.345550	সাধারণত
17218	-12.345551	russell
17219	-12.345558	weaving
17220	-12.345563	exhibition
17221	-12.345571	ಗಳಿಂದ
17222	-12.345572	bestelling
17223	-12.345582	ablaufdatum
17224	-12.345584	ный
17225	-12.345588	કોણે
17226	-12.345605	অভি
17227	-12.345617	preventiva
17228	-12.345620	ಜೋ
17229	-12.345625	detallamos
17230	-12.345634	deelnemen
17231	-12.345667	christine
17232	-12.345733	osservazione
17233	-12.345737	ਡੋ
17234	-12.345751	sintomi
17235	-12.345833	thème
17236	-12.345853	ਬੁ
17237	-12.345873	buildingnum
17238	-12.345890	нам
17239	-12.345925	probeer
17240	-12.345933	wealth
17241	-12.345934	aplicable
17242	-12.345950	শো
17243	-12.346027	والا
17244	-12.346036	breathing
17245	-12.346037	காலம்
17246	-12.346039	issuing
17247	-12.346052	bolaget
17248	-12.346076	aufgeführt
17249	-12.346140	premises
17250	-12.346180	ടുത്ത
17251	-12.346228	laufenden
17252	-12.346246	तरीके
17253	-12.346292	enfermedades
17254	-12.346331	قسم
17255	-12.346473	mutter
17256	-12.346783	purani
17257	-12.346832	וד
17258	-12.346891	unitref
17259	-12.347077	vergleich
17260	-12.347133	faciliter
17261	-12.347259	verklaar
17262	-12.347459	bijlage
17263	-12.347467	cordial
17264	-12.347757	णं
17265	-12.347987	covid
17266	-12.348061	gehouden
17267	-12.348062	bescheid
17268	-12.348348	హం
17269	-12.348380	ांचा
17270	-12.348449	punya
17271	-12.348473	ingreso
17272	-12.348585	validar
17273	-12.348902	निर्देश
17274	-12.349625	ിക്കുന്നു
17275	-12.349920	howard
17276	-12.350384	ಹೋಗ
17277	-12.350556	eddine
17278	-12.351084	proactive
17279	-12.351442	completado
17280	-12.351829	फिर
17281	-12.352018	behandelplan
17282	-12.352058	korting
17283	-12.352194	ड्या
17284	-12.354458	жд
17285	-12.355065	operativo
17286	-12.355306	ലോക
17287	-12.356391	kirk
17288	-12.356889	visualizza
17289	-12.357670	ಆಡ
17290	-12.358551	ਕਾਰਨ
17291	-12.358653	గాలి
17292	-12.358777	ിയൻ
17293	-12.359179	freundliche
17294	-12.359404	ેશન
17295	-12.359537	tjänst
17296	-12.359577	étique
17297	-12.360279	డై
17298	-12.360979	tiendra
17299	-12.361231	oglio
17300	-12.361289	பெர்
17301	-12.361567	ராக்
17302	-12.361706	উই
17303	-12.361836	pasado
17304	-12.362330	பால்
17305	-12.362451	الك
17306	-12.362497	उत्
17307	-12.362836	migration
17308	-12.363050	લ્સ
17309	-12.363169	practi
17310	-12.363284	ਕਿਹਡ਼ੀ
17311	-12.363297	குடும்ப
17312	-12.363306	ஆங்கில
17313	-12.363307	accumulo
17314	-12.363307	apprécions
17315	-12.363307	ashirwad
17316	-12.363307	california
17317	-12.363307	coinvolte
17318	-12.363307	comprensión
17319	-12.363307	discipline
17320	-12.363307	flexibility
17321	-12.363307	gestaltung
17322	-12.363307	hoogrentende
17323	-12.363307	kündigung
17324	-12.363307	möjlig
17325	-12.363307	natuurlijk
17326	-12.363307	onmiddellijk
17327	-12.363307	pasantía
17328	-12.363307	präsentieren
17329	-12.363307	seleccionado
17330	-12.363307	steigerung
17331	-12.363307	stratégique
17332	-12.363307	verknüpft
17333	-12.363307	امریکہ
17334	-12.363307	जॉन
17335	-12.363307	नवीन
17336	-12.363307	लैला
17337	-12.363307	ক্ল
17338	-12.363307	ਜਸਪ੍ਰੀਤ
17339	-12.363307	અમેરિકન
17340	-12.363307	આવ્યો
17341	-12.363307	செந்தில்
17342	-12.363307	முருகன்
17343	-12.363307	ிருந்தால்
17344	-12.363307	అనూష
17345	-12.363307	నమోదు
17346	-12.363307	సిరీస్
17347	-12.363307	ಪ್ರಸಿದ್ಧ
17348	-12.363307	തോമസ്
17349	-12.363307	ഭൂമി
17350	-12.363308	betekent
17351	-12.363308	influencia
17352	-12.363308	réduire
17353	-12.363308	ప్రణాళిక
17354	-12.363309	herinnering
17355	-12.363310	toezicht
17356	-12.363312	বিড়াল
17357	-12.363313	temprana
17358	-12.363314	innehåll
17359	-12.363316	fornisce
17360	-12.363316	सुरक्षा
17361	-12.363317	వ్యక్తుల
17362	-12.363317	ಒಬ್ಬ
17363	-12.363318	rebecca
17364	-12.363321	ಹೊಂದಿದೆ
17365	-12.363322	francisco
17366	-12.363324	evolving
17367	-12.363324	sebelum
17368	-12.363326	footprint
17369	-12.363326	खुश
17370	-12.363337	तालवाद्य
17371	-12.363347	excess
17372	-12.363350	lombardia
17373	-12.363350	parameters
17374	-12.363356	breakfast
17375	-12.363356	તમારા
17376	-12.363357	erheblich
17377	-12.363357	درجہ
17378	-12.363362	poetry
17379	-12.363367	impresa
17380	-12.363392	ஹோ
17381	-12.363398	constructive
17382	-12.363398	धर्म
17383	-12.363400	పోటీ
17384	-12.363408	شیخ
17385	-12.363460	costura
17386	-12.363492	어로
17387	-12.363493	freiburg
17388	-12.363493	interior
17389	-12.363514	schwyz
17390	-12.363518	fossil
17391	-12.363539	ிலும்
17392	-12.363587	wohnort
17393	-12.363630	थांब
17394	-12.363679	tuteur
17395	-12.363688	dagboek
17396	-12.363755	শু
17397	-12.363770	ptsd
17398	-12.363778	misleading
17399	-12.363779	machinery
17400	-12.363834	seperti
17401	-12.363914	gdpr
17402	-12.363962	ход
17403	-12.364052	menzionati
17404	-12.364150	நான்கு
17405	-12.364216	pernah
17406	-12.364268	பல்
17407	-12.364339	خان
17408	-12.364485	ांमध्ये
17409	-12.364575	plastic
17410	-12.364579	लाभ
17411	-12.364696	দেখা
17412	-12.364708	parkway
17413	-12.364746	teamleden
17414	-12.364823	hätte
17415	-12.364935	streaming
17416	-12.364963	passiva
17417	-12.364996	ఏవి
17418	-12.365069	duduk
17419	-12.365302	ارت
17420	-12.365343	resolver
17421	-12.365396	fdrl
17422	-12.365469	zaroorat
17423	-12.365489	woord
17424	-12.366682	שלך
17425	-12.366730	falsch
17426	-12.366987	ட்டோ
17427	-12.367058	येत
17428	-12.367338	मिला
17429	-12.367543	ாட்ட
17430	-12.367716	ഫോർ
17431	-12.367896	ஸ்டா
17432	-12.368339	నర్
17433	-12.368409	speriment
17434	-12.368830	exceptionnel
17435	-12.369000	marron
17436	-12.369195	funciona
17437	-12.369605	ടാ
17438	-12.369823	असे
17439	-12.370106	সেন
17440	-12.371008	legati
17441	-12.371272	igual
17442	-12.371390	як
17443	-12.371577	кон
17444	-12.371850	ешь
17445	-12.372025	beantrage
17446	-12.372535	स्वत
17447	-12.372746	મ્પ
17448	-12.373325	gemeld
17449	-12.373871	முக
17450	-12.374046	गोल
17451	-12.374336	நில
17452	-12.374502	িয়ান
17453	-12.375150	bosco
17454	-12.376051	ോട്ട
17455	-12.376633	ಬು
17456	-12.376760	posé
17457	-12.376808	equiv
17458	-12.377343	పుస్తకం
17459	-12.377400	ਲਾਈ
17460	-12.377605	הם
17461	-12.377613	validé
17462	-12.377738	വാർ
17463	-12.378035	participe
17464	-12.378192	ുണ്ടോ
17465	-12.378393	জো
17466	-12.378452	configurar
17467	-12.378681	ಮನ
17468	-12.379275	ిస్తుంది
17469	-12.379370	finns
17470	-12.379374	گری
17471	-12.379624	realizará
17472	-12.380717	ट्रे
17473	-12.380762	menziona
17474	-12.381137	र्ग
17475	-12.381316	సంవత్సరం
17476	-12.381480	militar
17477	-12.381482	வெளி
17478	-12.381489	accompagner
17479	-12.381489	advantage
17480	-12.381489	aprobación
17481	-12.381489	atteindre
17482	-12.381489	begeistert
17483	-12.381489	bonifico
17484	-12.381489	comuníquese
17485	-12.381489	consulente
17486	-12.381489	différence
17487	-12.381489	diligence
17488	-12.381489	específica
17489	-12.381489	genehmigt
17490	-12.381489	laboratoire
17491	-12.381489	modalités
17492	-12.381489	nutrizione
17493	-12.381489	qualified
17494	-12.381489	spezialisier
17495	-12.381489	würdigkeit
17496	-12.381489	ريمة
17497	-12.381489	भोजन
17498	-12.381489	ਬਲਵਿੰਦਰ
17499	-12.381489	જરૂર
17500	-12.381489	ત્યારે
17501	-12.381489	பாதுகாப்ப
17502	-12.381489	வேறுபாடு
17503	-12.381489	మరింత
17504	-12.381489	రాజధాని
17505	-12.381489	వాటిలో
17506	-12.381489	సమూహ
17507	-12.381490	abstract
17508	-12.381490	bleibt
17509	-12.381490	opleiding
17510	-12.381491	constaté
17511	-12.381492	fascinating
17512	-12.381493	vermeiden
17513	-12.381494	automotive
17514	-12.381495	incentive
17515	-12.381495	barracks
17516	-12.381495	پسند
17517	-12.381497	autorizo
17518	-12.381497	zahnarzt
17519	-12.381499	mihaela
17520	-12.381500	zugangsdaten
17521	-12.381501	infection
17522	-12.381504	directrices
17523	-12.381506	قابل
17524	-12.381506	देशपांडे
17525	-12.381507	storytelling
17526	-12.381512	soient
17527	-12.381514	apoyar
17528	-12.381519	ائٹ
17529	-12.381523	పెంచ
17530	-12.381528	নির্
17531	-12.381529	laufzeit
17532	-12.381530	avanzada
17533	-12.381535	verlust
17534	-12.381538	utilizing
17535	-12.381559	authenticate
17536	-12.381560	zekerheid
17537	-12.381564	ಅದರ
17538	-12.381569	plenty
17539	-12.381570	tillgång
17540	-12.381577	diversiteit
17541	-12.381583	cambiamento
17542	-12.381593	wissenschaft
17543	-12.381600	অনুচ্ছেদটি
17544	-12.381605	beneficiario
17545	-12.381609	inventario
17546	-12.381624	weiterhin
17547	-12.381633	incontri
17548	-12.381643	schülerinnen
17549	-12.381650	desidero
17550	-12.381655	व्यक्त
17551	-12.381660	raymond
17552	-12.381675	அமைப்ப
17553	-12.381702	salaries
17554	-12.381707	kehna
17555	-12.381721	escribir
17556	-12.381732	propone
17557	-12.381738	streamline
17558	-12.381756	approvazione
17559	-12.381761	autism
17560	-12.381819	regret
17561	-12.381825	આવી
17562	-12.381843	సింగ్
17563	-12.381849	prins
17564	-12.381861	behörde
17565	-12.381870	কোনও
17566	-12.381877	কোনো
17567	-12.381914	sociaux
17568	-12.381945	চাই
17569	-12.381995	நேரம்
17570	-12.382095	tinggal
17571	-12.382178	preventie
17572	-12.382189	stolz
17573	-12.382383	ран
17574	-12.382443	rabatt
17575	-12.382543	observatie
17576	-12.382640	oncologia
17577	-12.382669	alternativ
17578	-12.382708	développer
17579	-12.382807	petro
17580	-12.382932	segni
17581	-12.383027	inviando
17582	-12.383143	होना
17583	-12.383158	त्याने
17584	-12.383437	conflictos
17585	-12.383789	لقد
17586	-12.384081	accettata
17587	-12.384092	indiquer
17588	-12.384134	anzahl
17589	-12.384142	minuti
17590	-12.384835	poterti
17591	-12.384923	jaate
17592	-12.384933	mechanism
17593	-12.384962	contenuti
17594	-12.384963	asociado
17595	-12.385201	klima
17596	-12.385230	concentrer
17597	-12.385355	spécifique
17598	-12.386101	predict
17599	-12.386844	minimalist
17600	-12.386847	feier
17601	-12.387508	బై
17602	-12.387564	দিকে
17603	-12.388061	atleti
17604	-12.388328	général
17605	-12.388460	విశ్
17606	-12.388502	டிக்க
17607	-12.388761	ignant
17608	-12.388860	conjunto
17609	-12.390292	കട
17610	-12.391277	र्ल
17611	-12.391748	والی
17612	-12.392365	ஹி
17613	-12.392717	ರಾಜ
17614	-12.393181	sonalausweis
17615	-12.393545	বেন
17616	-12.394889	reservation
17617	-12.395296	یاں
17618	-12.395339	தால்
17619	-12.395708	دن
17620	-12.396024	வார்
17621	-12.397940	réserver
17622	-12.398394	ট্রি
17623	-12.398676	யுடன்
17624	-12.398815	лся
17625	-12.399997	वास्तव
17626	-12.399999	పాల్గొన
17627	-12.400007	abwicklung
17628	-12.400007	accademica
17629	-12.400007	aquaponics
17630	-12.400007	beschäftig
17631	-12.400007	colleague
17632	-12.400007	dépôt
17633	-12.400007	initiatieven
17634	-12.400007	liderazgo
17635	-12.400007	mckenzie
17636	-12.400007	meticulously
17637	-12.400007	municipal
17638	-12.400007	recommandons
17639	-12.400007	riflessione
17640	-12.400007	rinnovo
17641	-12.400007	régulier
17642	-12.400007	strutture
17643	-12.400007	taxonomy
17644	-12.400007	vrindavan
17645	-12.400007	övriga
17646	-12.400007	اپنی
17647	-12.400007	ماذا
17648	-12.400007	जगह
17649	-12.400007	मुझसे
17650	-12.400007	অন্য
17651	-12.400007	ছোট
17652	-12.400007	ਵੱਧ
17653	-12.400007	ફૂટબોલ
17654	-12.400007	கார்த்திக்
17655	-12.400007	అనుభవ
17656	-12.400007	వచనం
17657	-12.400007	ಯಾವುದೇ
17658	-12.400007	അഞ്ജലി
17659	-12.400007	മനുഷ്യ
17660	-12.400008	administered
17661	-12.400008	anunciar
17662	-12.400008	intervenant
17663	-12.400008	lawrence
17664	-12.400008	maatschappij
17665	-12.400008	voorbereid
17666	-12.400009	comunitario
17667	-12.400009	réservé
17668	-12.400010	ontvangt
17669	-12.400011	vecchio
17670	-12.400013	reducir
17671	-12.400015	conjunta
17672	-12.400017	lancement
17673	-12.400020	revisé
17674	-12.400023	glamorgan
17675	-12.400023	securing
17676	-12.400030	hơn
17677	-12.400033	भारतीय
17678	-12.400040	गुप्ता
17679	-12.400042	valencia
17680	-12.400044	puerta
17681	-12.400044	treasure
17682	-12.400047	hudson
17683	-12.400050	acuerdan
17684	-12.400056	asignado
17685	-12.400057	pelajar
17686	-12.400059	menjadi
17687	-12.400062	ಐದು
17688	-12.400065	எக்ஸ்
17689	-12.400068	analysieren
17690	-12.400071	übersicht
17691	-12.400072	gevraagd
17692	-12.400079	toyota
17693	-12.400104	ریاست
17694	-12.400110	erreicht
17695	-12.400111	گئی
17696	-12.400141	unirti
17697	-12.400145	पूरा
17698	-12.400153	இருந்தது
17699	-12.400155	ఉంచ
17700	-12.400161	aspetti
17701	-12.400170	debería
17702	-12.400170	dedicata
17703	-12.400175	cleveland
17704	-12.400177	तयार
17705	-12.400178	caution
17706	-12.400181	ఎఫ్
17707	-12.400187	conservación
17708	-12.400197	creando
17709	-12.400199	attitude
17710	-12.400202	बनाई
17711	-12.400207	cristina
17712	-12.400208	வில்லை
17713	-12.400209	steeds
17714	-12.400221	அதை
17715	-12.400246	coucou
17716	-12.400285	কারী
17717	-12.400331	två
17718	-12.400343	नीचे
17719	-12.400384	அவர்கள்
17720	-12.400392	এল
17721	-12.400394	रेखा
17722	-12.400429	vänta
17723	-12.400461	arrivo
17724	-12.400513	template
17725	-12.400518	immigration
17726	-12.400528	जिसका
17727	-12.400538	kharch
17728	-12.400549	ausgestellt
17729	-12.400586	waarderen
17730	-12.400620	તેઓ
17731	-12.400766	gesunde
17732	-12.400800	consulté
17733	-12.401053	domenic
17734	-12.401071	provence
17735	-12.401175	basiert
17736	-12.401263	లూ
17737	-12.401283	ему
17738	-12.401313	tessera
17739	-12.401322	camí
17740	-12.401391	relatie
17741	-12.401532	ético
17742	-12.401657	interazione
17743	-12.401691	adjusted
17744	-12.401734	dettagliate
17745	-12.401754	tennis
17746	-12.401780	erfasst
17747	-12.401879	overige
17748	-12.402228	ಸಾಮಾನ್ಯ
17749	-12.402438	engageons
17750	-12.402685	huisnummer
17751	-12.402872	podrá
17752	-12.402941	prinses
17753	-12.402946	دع
17754	-12.403488	universitari
17755	-12.403494	गरज
17756	-12.403646	മാര
17757	-12.404391	бі
17758	-12.404606	présenté
17759	-12.406312	montana
17760	-12.406645	लक्ष
17761	-12.407343	women
17762	-12.407843	sektor
17763	-12.408861	corretta
17764	-12.409726	্যান
17765	-12.409913	ఖా
17766	-12.410024	volant
17767	-12.410398	سٹر
17768	-12.410450	connecté
17769	-12.411028	configura
17770	-12.412139	ificación
17771	-12.412648	স্টার
17772	-12.412695	sentiment
17773	-12.412761	celebrar
17774	-12.413276	quiere
17775	-12.413390	allocate
17776	-12.413742	ించండి
17777	-12.415266	endocrin
17778	-12.416757	సమావేశం
17779	-12.417434	accede
17780	-12.417680	ಫಾ
17781	-12.417942	meldung
17782	-12.418568	стра
17783	-12.418621	anfibi
17784	-12.418765	कुल
17785	-12.418839	aanwezig
17786	-12.418867	ிறீர்கள்
17787	-12.418875	ব্যক্তি
17788	-12.418875	కార్యాలయ
17789	-12.418876	bedraagt
17790	-12.418876	capacité
17791	-12.418876	conciliation
17792	-12.418876	effizient
17793	-12.418876	komputer
17794	-12.418876	legislation
17795	-12.418876	likelihood
17796	-12.418876	proficiency
17797	-12.418876	respirator
17798	-12.418876	trasferire
17799	-12.418876	voltooien
17800	-12.418876	тебя
17801	-12.418876	अंतिम
17802	-12.418876	आम्हाला
17803	-12.418876	कॉफी
17804	-12.418876	छोड़
17805	-12.418876	प्रणाली
17806	-12.418876	ਉਨ੍ਹਾਂ
17807	-12.418876	આવ્યું
17808	-12.418876	கவிதா
17809	-12.418876	தனது
17810	-12.418876	ராமன்
17811	-12.418876	ஹவுஸ்
17812	-12.418876	అంతరించిపోయ
17813	-12.418876	ఎంపిక
17814	-12.418876	ప్రాచుర్యం
17815	-12.418876	ಗಾಳಿ
17816	-12.418876	ದಿವ್ಯಶ್ರೀ
17817	-12.418876	ಭೂಮಿಯ
17818	-12.418876	ವಿವಿಧ
17819	-12.418877	appendix
17820	-12.418877	gobierno
17821	-12.418877	નિધિ
17822	-12.418878	antenimiento
17823	-12.418878	bewerben
17824	-12.418878	escritura
17825	-12.418878	olistica
17826	-12.418880	testimoni
17827	-12.418882	inleiding
17828	-12.418883	godrej
17829	-12.418883	বিষয়
17830	-12.418887	crescent
17831	-12.418887	விளக்கு
17832	-12.418890	ಪಡೆಯ
17833	-12.418892	ntrenamiento
17834	-12.418897	శ్రీ
17835	-12.418900	ஆகியவை
17836	-12.418900	സംസ്ഥാന
17837	-12.418907	যন্ত্রটি
17838	-12.418918	educate
17839	-12.418921	बताएँ
17840	-12.418921	ಮೂರು
17841	-12.418922	toekomstige
17842	-12.418926	trattamenti
17843	-12.418929	വ്യത്യാസം
17844	-12.418933	થયો
17845	-12.418936	enregistrer
17846	-12.418937	ప్రసిద్ధి
17847	-12.418938	actionnaire
17848	-12.418939	stoornissen
17849	-12.418941	தரவு
17850	-12.418950	inhabituelle
17851	-12.418955	சிவப்பு
17852	-12.418956	condotto
17853	-12.418962	ottimizza
17854	-12.418977	esteemed
17855	-12.419015	வேலை
17856	-12.419030	partenaire
17857	-12.419040	outsourcing
17858	-12.419041	junction
17859	-12.419050	finalizza
17860	-12.419056	variation
17861	-12.419071	approvato
17862	-12.419077	musterstadt
17863	-12.419077	único
17864	-12.419080	resultaat
17865	-12.419089	तिच्या
17866	-12.419150	barrier
17867	-12.419288	profitieren
17868	-12.419484	મૂ
17869	-12.419572	pianificando
17870	-12.419591	alegra
17871	-12.419621	coopération
17872	-12.419705	informativo
17873	-12.419776	سید
17874	-12.419780	તેની
17875	-12.420019	يح
17876	-12.420092	நீல
17877	-12.420585	verband
17878	-12.420683	ક્રમ
17879	-12.420796	reaktion
17880	-12.420908	hosted
17881	-12.421825	favoriser
17882	-12.421989	zoning
17883	-12.422491	మార్చ
17884	-12.422678	installazion
17885	-12.422995	ஷா
17886	-12.423079	జాన్
17887	-12.423248	theorie
17888	-12.423908	кто
17889	-12.424087	ল্যা
17890	-12.424229	technologi
17891	-12.424324	impuesto
17892	-12.424442	ägg
17893	-12.424528	volledig
17894	-12.425226	trouw
17895	-12.425240	portamentale
17896	-12.425446	helfe
17897	-12.425793	ário
17898	-12.426244	informatik
17899	-12.426546	కోర
17900	-12.426755	ryptomonnaie
17901	-12.427021	ತೆಯ
17902	-12.427635	തും
17903	-12.427853	psib
17904	-12.427863	warning
17905	-12.429730	iglia
17906	-12.429806	ಸುತ್ತ
17907	-12.429851	уже
17908	-12.429968	olino
17909	-12.430632	య్
17910	-12.430963	సమ
17911	-12.431019	மாத
17912	-12.431562	புர
17913	-12.431764	ரூ
17914	-12.432343	ગી
17915	-12.434903	ঠা
17916	-12.435238	ergebnis
17917	-12.436926	ً
17918	-12.436928	चू
17919	-12.436996	idcardnum
17920	-12.437839	dispiace
17921	-12.437931	speziell
17922	-12.438062	அடிப்படை
17923	-12.438068	когда
17924	-12.438090	కళా
17925	-12.438091	கூறுக
17926	-12.438101	يّة
17927	-12.438101	ૌ
17928	-12.438105	ఠ
17929	-12.438105	െടുക്കുക
17930	-12.438106	beoordeel
17931	-12.438106	emocionante
17932	-12.438106	furniture
17933	-12.438106	geografische
17934	-12.438106	immeuble
17935	-12.438106	mehsoos
17936	-12.438106	palliatifs
17937	-12.438106	procurement
17938	-12.438106	pädiatrische
17939	-12.438106	struggling
17940	-12.438106	ternazionali
17941	-12.438106	toegevoegd
17942	-12.438106	زبان
17943	-12.438106	مقبول
17944	-12.438106	پانچ
17945	-12.438106	کتنی
17946	-12.438106	उपलब्ध
17947	-12.438106	चित्रपट
17948	-12.438106	मिश्रा
17949	-12.438106	নিম্নলিখিত
17950	-12.438106	ਐੱਮ
17951	-12.438106	પ્રદાન
17952	-12.438106	ఆర్థిక
17953	-12.438106	ఉందా
17954	-12.438106	పరిగణించ
17955	-12.438106	ನಾಗರಾಜ್
17956	-12.438106	ಬಸವರಾಜ್
17957	-12.438106	ಸ್ಟಾ
17958	-12.438106	സ്ഥല
17959	-12.438107	argomenti
17960	-12.438107	beslissing
17961	-12.438107	judicial
17962	-12.438107	pensamientos
17963	-12.438107	rispondi
17964	-12.438107	öğren
17965	-12.438107	उल्लेख
17966	-12.438107	जानने
17967	-12.438107	रहने
17968	-12.438107	எதிர்
17969	-12.438107	గుర్తింపు
17970	-12.438107	పరిశీల
17971	-12.438107	saturday
17972	-12.438108	litigation
17973	-12.438110	approbation
17974	-12.438111	council
17975	-12.438111	spiritual
17976	-12.438112	benadering
17977	-12.438113	español
17978	-12.438115	depotkonto
17979	-12.438116	నిర్వహించ
17980	-12.438118	tendenze
17981	-12.438119	normandie
17982	-12.438120	لینڈ
17983	-12.438123	vergiss
17984	-12.438129	retrieve
17985	-12.438134	কৃত
17986	-12.438137	hantering
17987	-12.438147	authenticity
17988	-12.438148	వివరించండి
17989	-12.438148	ಎಲ್ಲಾ
17990	-12.438149	ஞ
17991	-12.438150	conductual
17992	-12.438156	pourrions
17993	-12.438161	regulatoris
17994	-12.438164	अन्य
17995	-12.438177	ிறார்கள்
17996	-12.438190	puntual
17997	-12.438191	altersgruppe
17998	-12.438191	రాత్రి
17999	-12.438193	zugreifen
18000	-12.438204	கடல்
18001	-12.438205	begitu
18002	-12.438205	દ્ર
18003	-12.438210	caixa
18004	-12.438229	quién
18005	-12.438231	બનાવો
18006	-12.438243	prossimi
18007	-12.438263	passionate
18008	-12.438267	drawing
18009	-12.438269	तिथे
18010	-12.438274	ermittlung
18011	-12.438307	eventuell
18012	-12.438318	preferenze
18013	-12.438329	wijzen
18014	-12.438354	ਚੋ
18015	-12.438472	करेंगे
18016	-12.438483	سفر
18017	-12.438503	wirkung
18018	-12.438504	غا
18019	-12.438579	libero
18020	-12.438622	nguyen
18021	-12.438651	درس
18022	-12.438663	amazon
18023	-12.438715	storica
18024	-12.438740	suspension
18025	-12.438894	బాల్
18026	-12.438992	addison
18027	-12.439019	canale
18028	-12.439197	onfiguración
18029	-12.439243	boston
18030	-12.439279	erkläre
18031	-12.439316	specificato
18032	-12.439330	eliminar
18033	-12.439491	ergreifen
18034	-12.439551	insider
18035	-12.439626	grandement
18036	-12.439752	jaati
18037	-12.439998	cocina
18038	-12.440083	einzel
18039	-12.440279	iglio
18040	-12.440324	khó
18041	-12.440434	billie
18042	-12.441013	ಟ್ಟೆ
18043	-12.441145	deberá
18044	-12.441264	lingua
18045	-12.441560	borgo
18046	-12.441964	contamina
18047	-12.442433	marchio
18048	-12.442513	तिथि
18049	-12.442681	gomez
18050	-12.443117	ਇਕ
18051	-12.443525	без
18052	-12.443595	tight
18053	-12.443758	വരെ
18054	-12.444173	என
18055	-12.444774	terpretation
18056	-12.445932	её
18057	-12.446527	राजा
18058	-12.446818	creado
18059	-12.446825	ഗ്രാ
18060	-12.447747	sonuppgifter
18061	-12.450417	aperta
18062	-12.450521	contribuir
18063	-12.451037	opmerking
18064	-12.451180	älter
18065	-12.451560	comparta
18066	-12.451816	koordination
18067	-12.451873	కుటుంబ
18068	-12.452223	temperatur
18069	-12.452317	contribue
18070	-12.453455	ত্ত
18071	-12.453480	ఉపయోగ
18072	-12.453827	epidemiologi
18073	-12.453854	klacht
18074	-12.454385	ান্ট
18075	-12.454578	développ
18076	-12.454593	petition
18077	-12.454641	ottima
18078	-12.454648	שלי
18079	-12.454915	లపై
18080	-12.455871	mån
18081	-12.456008	சார்
18082	-12.456416	सोच
18083	-12.456454	தாக்க
18084	-12.456596	oleh
18085	-12.456900	சியா
18086	-12.457358	ম্যান
18087	-12.457610	spraak
18088	-12.457707	zähl
18089	-12.457713	wachstum
18090	-12.457713	ল্ড
18091	-12.457713	ಆಹಾರ
18092	-12.457714	aggiuntive
18093	-12.457714	beïnvloed
18094	-12.457714	conscious
18095	-12.457714	doelstelling
18096	-12.457714	neighborhood
18097	-12.457714	occurrence
18098	-12.457714	précédent
18099	-12.457714	शुरुआत
18100	-12.457714	सूचीबद्ध
18101	-12.457714	যখন
18102	-12.457714	সংক্ষিপ্ত
18103	-12.457714	યુનાઇટેડ
18104	-12.457714	இனங்கள்
18105	-12.457714	சிறிய
18106	-12.457714	நன்மை
18107	-12.457714	பயிற்சி
18108	-12.457714	ఏర్పాటు
18109	-12.457714	తరువాత
18110	-12.457714	వివరాలను
18111	-12.457714	సముద్ర
18112	-12.457714	ಅನೇಕ
18113	-12.457714	ದಕ್ಷಿಣ
18114	-12.457714	ನಿಮಗೆ
18115	-12.457714	ಸಂಬಂಧ
18116	-12.457714	ಸೌಮ್ಯ
18117	-12.457714	ചരിത്ര
18118	-12.457714	പ്രദേശ
18119	-12.457714	ശ്രീജിത്ത്
18120	-12.457715	competencia
18121	-12.457715	consistency
18122	-12.457715	kimberly
18123	-12.457715	origami
18124	-12.457715	página
18125	-12.457715	அணு
18126	-12.457715	சேர்ந்த
18127	-12.457715	ಠ
18128	-12.457716	orgeschlagen
18129	-12.457717	cañada
18130	-12.457719	reputation
18131	-12.457720	अंश
18132	-12.457721	സുനിൽ
18133	-12.457722	conscient
18134	-12.457722	संबंध
18135	-12.457723	mexico
18136	-12.457724	prairie
18137	-12.457726	झोप
18138	-12.457728	höchste
18139	-12.457729	getätigt
18140	-12.457731	ദിവസ
18141	-12.457734	ਪਹਿਲਾਂ
18142	-12.457738	יכול
18143	-12.457740	gebucht
18144	-12.457740	కారణం
18145	-12.457742	хочу
18146	-12.457744	собак
18147	-12.457745	betrug
18148	-12.457745	massimo
18149	-12.457746	చేసే
18150	-12.457750	ਬ੍ਰ
18151	-12.457759	frankfurt
18152	-12.457760	confermiamo
18153	-12.457760	leverans
18154	-12.457768	ट्यू
18155	-12.457774	rahenge
18156	-12.457778	ಅವುಗಳನ್ನು
18157	-12.457780	konzept
18158	-12.457783	ങ്ങളാണ്
18159	-12.457788	گئے
18160	-12.457794	openbare
18161	-12.457797	दुबे
18162	-12.457800	intereses
18163	-12.457816	collier
18164	-12.457816	ஒளி
18165	-12.457817	ാനുള്ള
18166	-12.457826	standardized
18167	-12.457829	ત્રણ
18168	-12.457858	ഫെ
18169	-12.457867	విలువ
18170	-12.457870	কাছে
18171	-12.457876	மொ
18172	-12.457888	solidaire
18173	-12.457901	ವಿಶ್ವದ
18174	-12.457911	ਕੋਈ
18175	-12.457920	discutiamo
18176	-12.457927	avocat
18177	-12.457943	बाहर
18178	-12.457946	andreea
18179	-12.457963	ränta
18180	-12.457980	કયો
18181	-12.458013	స్కో
18182	-12.458050	તું
18183	-12.458168	cuanto
18184	-12.458169	वहाँ
18185	-12.458250	desideri
18186	-12.458255	alexandre
18187	-12.458381	ಅವು
18188	-12.458534	ఇవి
18189	-12.458541	fintech
18190	-12.458614	prenons
18191	-12.458652	politie
18192	-12.458714	recentemente
18193	-12.458737	poesie
18194	-12.458740	walsh
18195	-12.458816	ायची
18196	-12.458857	आठ
18197	-12.458879	ಾನಿ
18198	-12.458902	சிய
18199	-12.459263	umsetzung
18200	-12.459679	ucba
18201	-12.459807	ਹੋਣ
18202	-12.459871	பெரு
18203	-12.460610	சரி
18204	-12.460670	वो
18205	-12.460826	lettori
18206	-12.460950	வயது
18207	-12.461203	ியம்
18208	-12.461509	بند
18209	-12.461604	ivamente
18210	-12.462534	öffentlich
18211	-12.462633	herramienta
18212	-12.463675	drew
18213	-12.464333	vriendelijk
18214	-12.466383	િયમ
18215	-12.467027	ટીમ
18216	-12.468041	वय
18217	-12.468181	conformi
18218	-12.468760	dapat
18219	-12.469256	ryptowährung
18220	-12.470252	פס
18221	-12.470771	બંધ
18222	-12.470874	іль
18223	-12.471397	דים
18224	-12.471472	lichkeit
18225	-12.472072	û
18226	-12.472755	שת
18227	-12.473042	યોગ
18228	-12.473531	महान
18229	-12.475237	persoonlijk
18230	-12.475253	ുണ്ട്
18231	-12.475638	ஃபா
18232	-12.475650	analizar
18233	-12.475758	ുകളും
18234	-12.475761	enfoca
18235	-12.477632	র্থ
18236	-12.477668	बंध
18237	-12.477670	உண்மை
18238	-12.477698	എവിടെ
18239	-12.477714	akzeptiert
18240	-12.477714	arquitectura
18241	-12.477714	betrifft
18242	-12.477714	communiquer
18243	-12.477714	difícil
18244	-12.477714	gevoelige
18245	-12.477714	herausgeber
18246	-12.477714	intellettual
18247	-12.477714	körpergröße
18248	-12.477714	marchandises
18249	-12.477714	obbligatori
18250	-12.477714	paramètres
18251	-12.477714	substantial
18252	-12.477714	terapeutico
18253	-12.477714	vastrentende
18254	-12.477714	xjanvn
18255	-12.477714	échéance
18256	-12.477714	صدیقی
18257	-12.477714	अनुरोध
18258	-12.477714	क्रिकेट
18259	-12.477714	पक्षी
18260	-12.477714	पटेल
18261	-12.477714	ਹਰਪ੍ਰੀਤ
18262	-12.477714	జనాభా
18263	-12.477714	తిరిగి
18264	-12.477714	తెలియ
18265	-12.477714	దేనికి
18266	-12.477714	పరిశోధన
18267	-12.477714	పెంపుడు
18268	-12.477714	ഫുട്ബോൾ
18269	-12.477714	മീര
18270	-12.477714	സാധാരണയായി
18271	-12.477715	bepalingen
18272	-12.477715	competenza
18273	-12.477715	fastighets
18274	-12.477715	inkluder
18275	-12.477715	utbildning
18276	-12.477715	veillez
18277	-12.477715	झील
18278	-12.477715	গাড়ি
18279	-12.477715	హ్యా
18280	-12.477715	eingriff
18281	-12.477715	exploitation
18282	-12.477715	jeffrey
18283	-12.477715	subvention
18284	-12.477716	memiliki
18285	-12.477717	anbieter
18286	-12.477718	జాతీయ
18287	-12.477719	आमतौर
18288	-12.477721	asociada
18289	-12.477723	troverai
18290	-12.477724	rürup
18291	-12.477725	stewart
18292	-12.477725	vortrag
18293	-12.477727	sospette
18294	-12.477730	ল্যান্ড
18295	-12.477733	province
18296	-12.477735	reuniones
18297	-12.477735	మూల
18298	-12.477736	sueño
18299	-12.477736	preciso
18300	-12.477740	empezar
18301	-12.477742	soccorso
18302	-12.477748	evaluierung
18303	-12.477750	facteurs
18304	-12.477750	чому
18305	-12.477765	নীতি
18306	-12.477771	তাঁর
18307	-12.477775	heather
18308	-12.477777	hartford
18309	-12.477777	সরকার
18310	-12.477778	ஆனால்
18311	-12.477781	tejido
18312	-12.477783	كتب
18313	-12.477786	bonsoir
18314	-12.477794	하지
18315	-12.477800	comitato
18316	-12.477802	있어요
18317	-12.477804	எனது
18318	-12.477820	بنیادی
18319	-12.477825	mostró
18320	-12.477826	हवाई
18321	-12.477832	studentesco
18322	-12.477832	பாதை
18323	-12.477858	cuisine
18324	-12.477871	déterminé
18325	-12.477928	aapko
18326	-12.477934	பங்கு
18327	-12.477957	börja
18328	-12.477973	உதவ
18329	-12.477979	stretto
18330	-12.477991	sách
18331	-12.477993	tutoría
18332	-12.478016	seduta
18333	-12.478018	वाढ
18334	-12.478018	బెర్
18335	-12.478024	মানুষের
18336	-12.478031	inoltra
18337	-12.478036	ডো
18338	-12.478044	medicatie
18339	-12.478063	especializad
18340	-12.478087	tokyo
18341	-12.478092	promozione
18342	-12.478142	anmeldedaten
18343	-12.478238	favorire
18344	-12.478245	betracht
18345	-12.478322	integrazione
18346	-12.478354	libera
18347	-12.478359	acceptable
18348	-12.478420	wetter
18349	-12.478428	ઇન્
18350	-12.478533	verteilung
18351	-12.478558	zeitraum
18352	-12.478560	वर्षों
18353	-12.478605	prefiere
18354	-12.478616	retain
18355	-12.478681	खाना
18356	-12.478689	einleitung
18357	-12.478847	מדבר
18358	-12.478852	rivedere
18359	-12.478875	solely
18360	-12.478876	revisando
18361	-12.478951	jarige
18362	-12.478986	లిన్
18363	-12.479042	escucha
18364	-12.479082	correctement
18365	-12.479083	comunale
18366	-12.479146	arbeta
18367	-12.479184	schäden
18368	-12.479200	вона
18369	-12.479206	ఇచ్చ
18370	-12.479699	బెల్
18371	-12.479762	princess
18372	-12.480107	sunday
18373	-12.480339	dergetekende
18374	-12.480611	portementale
18375	-12.481189	interval
18376	-12.481877	nseignements
18377	-12.482087	பேச
18378	-12.482204	pieza
18379	-12.482373	ിട്ടു
18380	-12.483028	determinar
18381	-12.483468	chris
18382	-12.484418	ங்களுக்கு
18383	-12.484532	గర్
18384	-12.484623	ombre
18385	-12.485327	ੀਅਰ
18386	-12.486099	tegenwoordig
18387	-12.486530	తెలుసుకోవ
18388	-12.487044	égulièrement
18389	-12.487204	soddisfa
18390	-12.487478	گیم
18391	-12.488652	correspondan
18392	-12.488728	ઉપ
18393	-12.489091	cryptographi
18394	-12.489463	кра
18395	-12.489526	monatlich
18396	-12.489632	emissione
18397	-12.492322	ayez
18398	-12.492859	maurice
18399	-12.493469	glaube
18400	-12.493767	پاس
18401	-12.494128	ಿವೆ
18402	-12.494612	storico
18403	-12.494899	어요
18404	-12.495298	endocrinolog
18405	-12.495384	పుస్తక
18406	-12.495448	చెంద
18407	-12.495630	ઘર
18408	-12.496032	രൂപ
18409	-12.496149	मानव
18410	-12.496180	dentist
18411	-12.496299	ातून
18412	-12.496526	rispetta
18413	-12.497052	യുള്ള
18414	-12.498041	मध्य
18415	-12.498122	analyzing
18416	-12.498122	ausgewählt
18417	-12.498122	bevorzugt
18418	-12.498122	fransızca
18419	-12.498122	gerelateerd
18420	-12.498122	goedkeuring
18421	-12.498122	gratulazioni
18422	-12.498122	kümmern
18423	-12.498122	navigating
18424	-12.498122	ontworpen
18425	-12.498122	organizando
18426	-12.498122	proprietario
18427	-12.498122	pubblici
18428	-12.498122	pubblico
18429	-12.498122	purchasing
18430	-12.498122	symptômes
18431	-12.498122	unterstützt
18432	-12.498122	verfolgung
18433	-12.498122	wettelijke
18434	-12.498122	éléments
18435	-12.498122	אינני
18436	-12.498122	آلہ
18437	-12.498122	طریقے
18438	-12.498122	तुम्हारी
18439	-12.498122	पश्चिम
18440	-12.498122	पार्टी
18441	-12.498122	बेसबॉल
18442	-12.498122	लकड़ी
18443	-12.498122	शुक्ला
18444	-12.498122	सुरक्षित
18445	-12.498122	দেবজানী
18446	-12.498122	ਤੁਹਾਨੂੰ
18447	-12.498122	ਨਵਨੀਤ
18448	-12.498122	ਸਥਿਤ
18449	-12.498122	ਸ਼ਾਮਲ
18450	-12.498122	પુસ્તક
18451	-12.498122	રમેશ
18452	-12.498122	શ્રેણી
18453	-12.498122	સ્થળ
18454	-12.498122	கிருஷ்ணன்
18455	-12.498122	ప్పటికీ
18456	-12.498122	మిమ్మల్ని
18457	-12.498122	రకమైన
18458	-12.498122	రక్షణ
18459	-12.498122	లక్ష్మి
18460	-12.498122	ಅದನ್ನು
18461	-12.498122	ಆಧಾರದ
18462	-12.498122	ಮಂಜುನಾಥ್
18463	-12.498123	alimentare
18464	-12.498123	ansökan
18465	-12.498123	movimiento
18466	-12.498123	ஆகியவற்ற
18467	-12.498123	மண்டல
18468	-12.498124	mendengar
18469	-12.498125	verstoß
18470	-12.498127	eficiente
18471	-12.498127	mitteilung
18472	-12.498128	bougies
18473	-12.498129	cerveza
18474	-12.498129	jacques
18475	-12.498130	غیر
18476	-12.498130	ലോകത്തിലെ
18477	-12.498131	erzählen
18478	-12.498131	régler
18479	-12.498132	bekerja
18480	-12.498133	தலைநகரம்
18481	-12.498134	এখন
18482	-12.498136	conduite
18483	-12.498139	wanderung
18484	-12.498141	warranties
18485	-12.498143	attribué
18486	-12.498143	naturaleza
18487	-12.498147	نظر
18488	-12.498149	olivier
18489	-12.498149	ઘણી
18490	-12.498156	paquete
18491	-12.498157	ఉండాలి
18492	-12.498157	భారతదేశంలో
18493	-12.498160	fourniture
18494	-12.498160	কয়েকটি
18495	-12.498164	arcrole
18496	-12.498179	cumple
18497	-12.498179	دنیا
18498	-12.498179	దో
18499	-12.498192	tracciamento
18500	-12.498205	అధిక
18501	-12.498206	xlsx
18502	-12.498217	terapie
18503	-12.498217	ఇప్పుడు
18504	-12.498218	opoulos
18505	-12.498219	వేగం
18506	-12.498225	inggeris
18507	-12.498229	내가
18508	-12.498237	विक्रम
18509	-12.498240	brooklyn
18510	-12.498246	ਹਾਰ
18511	-12.498252	वर्मा
18512	-12.498270	stattfindet
18513	-12.498279	applicabili
18514	-12.498292	interacción
18515	-12.498296	pérez
18516	-12.498304	kerzen
18517	-12.498316	కవిత
18518	-12.498320	দুটি
18519	-12.498322	verdant
18520	-12.498327	enrolled
18521	-12.498336	hdfc
18522	-12.498336	ಟೈ
18523	-12.498336	ರಮ್ಯಾ
18524	-12.498341	झाली
18525	-12.498405	payenge
18526	-12.498407	klinkt
18527	-12.498407	одно
18528	-12.498420	culturelle
18529	-12.498454	querida
18530	-12.498483	waaronder
18531	-12.498506	biodiversity
18532	-12.498538	असते
18533	-12.498559	vironnementa
18534	-12.498607	hobby
18535	-12.498610	strikt
18536	-12.498614	ensayo
18537	-12.498615	എൽ
18538	-12.498631	parterna
18539	-12.498638	गेले
18540	-12.498648	flavor
18541	-12.498660	ਵਾਲੀ
18542	-12.498783	assureur
18543	-12.498833	ionut
18544	-12.498838	như
18545	-12.498884	versement
18546	-12.498885	הזה
18547	-12.498902	ಸಸ್ಯ
18548	-12.498938	cabane
18549	-12.499006	gesagt
18550	-12.499126	aspectos
18551	-12.499126	लाई
18552	-12.499182	preparazione
18553	-12.499235	സിൽ
18554	-12.499386	voorschrift
18555	-12.499460	ਸੂ
18556	-12.499744	underwriting
18557	-12.499775	kepada
18558	-12.499794	publicación
18559	-12.499862	unterhalten
18560	-12.499984	ifikation
18561	-12.499986	crypté
18562	-12.500070	shoot
18563	-12.500094	एच
18564	-12.500810	nordic
18565	-12.500836	બનાવવા
18566	-12.501078	trustee
18567	-12.501272	strumento
18568	-12.501606	ുമായി
18569	-12.501781	şey
18570	-12.501931	ಪ್ಯಾ
18571	-12.502036	guerra
18572	-12.502305	ిస్తున్న
18573	-12.503056	કાર્ય
18574	-12.503164	ಲೂ
18575	-12.503692	lösen
18576	-12.504299	నెట్
18577	-12.504386	слов
18578	-12.505458	condivider
18579	-12.505728	medisch
18580	-12.506038	ఉప
18581	-12.506377	ರಿಂದ
18582	-12.507532	cipant
18583	-12.507735	ഫോ
18584	-12.508252	temporaneo
18585	-12.508480	کتاب
18586	-12.508639	efectos
18587	-12.509920	moeilijk
18588	-12.510382	anhalt
18589	-12.511287	אחר
18590	-12.511614	देशों
18591	-12.512252	beteiligt
18592	-12.512653	technik
18593	-12.513193	ದ್ಯ
18594	-12.513655	ਧੀ
18595	-12.513661	aufgabe
18596	-12.513957	kontaktiere
18597	-12.514604	מים
18598	-12.514710	హార్
18599	-12.515015	apporté
18600	-12.516072	பணி
18601	-12.516178	צו
18602	-12.516281	দেয়
18603	-12.517408	ುತ್ತಿದ್ದ
18604	-12.517658	ানোর
18605	-12.518096	ിരുന്ന
18606	-12.518191	പൈ
18607	-12.518238	schiff
18608	-12.518483	patience
18609	-12.518557	ांचे
18610	-12.518946	führer
18611	-12.518954	প্ত
18612	-12.518954	ಪೂರ್ಣ
18613	-12.518954	ವಿಧಾನ
18614	-12.518955	aquitaine
18615	-12.518955	behaviour
18616	-12.518955	bespreking
18617	-12.518955	einzelheiten
18618	-12.518955	expéditeur
18619	-12.518955	freiwilliger
18620	-12.518955	gezamenlijk
18621	-12.518955	grüezi
18622	-12.518955	membuat
18623	-12.518955	overeenstemm
18624	-12.518955	penalties
18625	-12.518955	privilege
18626	-12.518955	propriétaire
18627	-12.518955	préventive
18628	-12.518955	ringrazio
18629	-12.518955	silvestre
18630	-12.518955	speichern
18631	-12.518955	suficiente
18632	-12.518955	surrounding
18633	-12.518955	terapéutico
18634	-12.518955	vereniging
18635	-12.518955	कृष्ण
18636	-12.518955	खिलाड़ी
18637	-12.518955	जास्त
18638	-12.518955	टेनिस
18639	-12.518955	तस्वीर
18640	-12.518955	बैठक
18641	-12.518955	रहते
18642	-12.518955	লিখুন
18643	-12.518955	ਜਦੋਂ
18644	-12.518955	ਫੁੱਟਬਾਲ
18645	-12.518955	ਸਮੇਂ
18646	-12.518955	દરેક
18647	-12.518955	પાંચ
18648	-12.518955	સ્થિત
18649	-12.518955	காண்க
18650	-12.518955	விஜய்
18651	-12.518955	ுப்பிரமணியன்
18652	-12.518955	ఆయన
18653	-12.518955	ఎందుకంటే
18654	-12.518955	జరిగింది
18655	-12.518955	దక్షిణ
18656	-12.518955	ప్రపంచంలోనే
18657	-12.518955	ప్రస్తుత
18658	-12.518955	స్థిర
18659	-12.518955	ಲೀಗ್
18660	-12.518955	ಲ್ಯಾಂಡ್
18661	-12.518955	ಸಂಕ್ಷಿಪ್ತ
18662	-12.518955	മൂന്ന്
18663	-12.518955	ുന്നതിനുള്ള
18664	-12.518956	collaborare
18665	-12.518956	elisabeth
18666	-12.518956	karlsson
18667	-12.518956	också
18668	-12.518956	preservación
18669	-12.518956	गिटार
18670	-12.518956	परिणाम
18671	-12.518956	సిద్ధం
18672	-12.518956	ವಾಕ್ಯವೃಂದದ
18673	-12.518957	arrêt
18674	-12.518957	geltenden
18675	-12.518957	régulation
18676	-12.518957	voltooid
18677	-12.518957	வெப்ப
18678	-12.518960	evolución
18679	-12.518960	नकोस
18680	-12.518961	ingevuld
18681	-12.518962	llegada
18682	-12.518962	यादव
18683	-12.518963	midlands
18684	-12.518968	उघड
18685	-12.518969	سلمان
18686	-12.518970	protetti
18687	-12.518971	beschermen
18688	-12.518973	riduzione
18689	-12.518973	ఇష్టపడతారు
18690	-12.518975	יותר
18691	-12.518977	onkologie
18692	-12.518978	effectieve
18693	-12.518978	injuries
18694	-12.518979	verzorger
18695	-12.518980	சட்ட
18696	-12.518981	האם
18697	-12.518985	dovrà
18698	-12.518995	autorizado
18699	-12.518996	வடிவ
18700	-12.519004	త్వం
18701	-12.519005	counselling
18702	-12.519015	день
18703	-12.519019	probado
18704	-12.519021	సమాధానం
18705	-12.519027	pericolo
18706	-12.519028	ння
18707	-12.519035	ermöglicht
18708	-12.519042	టీవీ
18709	-12.519049	பகுதியில்
18710	-12.519050	servono
18711	-12.519056	entretien
18712	-12.519058	говорить
18713	-12.519073	patricia
18714	-12.519073	యింగ్
18715	-12.519075	privada
18716	-12.519079	सेंट
18717	-12.519087	আগে
18718	-12.519096	जर्मनी
18719	-12.519105	momenteel
18720	-12.519126	লেখা
18721	-12.519128	prospect
18722	-12.519175	ಬೈ
18723	-12.519179	план
18724	-12.519184	ર્જ
18725	-12.519249	டூ
18726	-12.519271	भाई
18727	-12.519300	పాటు
18728	-12.519360	christina
18729	-12.519376	ಪೊ
18730	-12.519402	sendiri
18731	-12.519403	lengte
18732	-12.519430	idioma
18733	-12.519453	deckung
18734	-12.519480	samesite
18735	-12.519514	respectively
18736	-12.519549	announcement
18737	-12.519561	కార్యక్రమం
18738	-12.519567	vanwege
18739	-12.519660	ٹیم
18740	-12.519773	explica
18741	-12.519903	trabajador
18742	-12.519990	cnrb
18743	-12.520007	utilidad
18744	-12.520056	consistently
18745	-12.520125	खोज
18746	-12.520216	गेला
18747	-12.520299	ియల్
18748	-12.520487	obtained
18749	-12.520510	راک
18750	-12.520531	automobile
18751	-12.520547	ിരിക്കുന്നു
18752	-12.520572	kecil
18753	-12.520666	करनी
18754	-12.520675	ਕੀਤੇ
18755	-12.520863	sanità
18756	-12.521117	ടീമ
18757	-12.521148	emisor
18758	-12.521344	chercheur
18759	-12.521575	શાહ
18760	-12.521671	సమయ
18761	-12.522150	മാറ്റ
18762	-12.522153	especialista
18763	-12.522621	anpassen
18764	-12.523856	ಾಗಿದೆ
18765	-12.524721	féli
18766	-12.525086	temporanea
18767	-12.525923	pallet
18768	-12.526662	ernest
18769	-12.527014	മാൻ
18770	-12.527042	etico
18771	-12.527061	பிரிக்க
18772	-12.528185	mettere
18773	-12.528228	nvestigating
18774	-12.528356	erstattung
18775	-12.528526	ग्रा
18776	-12.528929	ासाठी
18777	-12.529254	होतो
18778	-12.529811	ternazionale
18779	-12.531126	થો
18780	-12.531148	കളും
18781	-12.531508	ஷி
18782	-12.531572	লোক
18783	-12.531826	یئر
18784	-12.532161	assume
18785	-12.533178	nutze
18786	-12.535872	presentada
18787	-12.536474	ರೊ
18788	-12.536495	був
18789	-12.536816	టానికి
18790	-12.537752	படை
18791	-12.538106	zeichnung
18792	-12.538423	രാജ
18793	-12.538583	visión
18794	-12.538598	spreken
18795	-12.538624	earnings
18796	-12.539819	emergen
18797	-12.540216	писа
18798	-12.540231	பல்கலைக்கழக
18799	-12.540232	apologize
18800	-12.540232	clínico
18801	-12.540232	durchschnitt
18802	-12.540232	efficienza
18803	-12.540232	françois
18804	-12.540232	gesgeldkonto
18805	-12.540232	incontrarci
18806	-12.540232	introducing
18807	-12.540232	opgeslagen
18808	-12.540232	surveiller
18809	-12.540232	trasparenza
18810	-12.540232	uitstekend
18811	-12.540232	verifizieren
18812	-12.540232	مشہور
18813	-12.540232	इंग्रजी
18814	-12.540232	पर्यंत
18815	-12.540232	मांजर
18816	-12.540232	यंत्र
18817	-12.540232	रात्री
18818	-12.540232	वस्तु
18819	-12.540232	ਕਿਹਡ਼ੇ
18820	-12.540232	ਭਾਸ਼ਾ
18821	-12.540232	ਲਿਖੋ
18822	-12.540232	ਹਵਾਲਾ
18823	-12.540232	સારાંશ
18824	-12.540232	பறவை
18825	-12.540232	வித்தியாசம்
18826	-12.540232	விருது
18827	-12.540232	ದಯವಿಟ್ಟು
18828	-12.540232	ಶಾಸ್ತ್ರ
18829	-12.540232	സൃഷ്ടി
18830	-12.540233	floating
18831	-12.540233	inspektion
18832	-12.540233	monstration
18833	-12.540233	published
18834	-12.540233	sostanze
18835	-12.540233	uitgaven
18836	-12.540233	கடைசி
18837	-12.540233	విడుదల
18838	-12.540233	సేకరించ
18839	-12.540233	ವಿಷಯ
18840	-12.540233	പുസ്തക
18841	-12.540234	bullying
18842	-12.540234	henderson
18843	-12.540235	svolgerà
18844	-12.540236	colleghi
18845	-12.540236	membaca
18846	-12.540236	năm
18847	-12.540236	महिला
18848	-12.540237	elektronisch
18849	-12.540238	thursday
18850	-12.540238	जवाब
18851	-12.540239	koffie
18852	-12.540242	kenteken
18853	-12.540245	qwerty
18854	-12.540249	ferrari
18855	-12.540250	einreichen
18856	-12.540250	எடுத்த
18857	-12.540253	onboarding
18858	-12.540257	treated
18859	-12.540259	difficulties
18860	-12.540267	speaking
18861	-12.540281	disposizioni
18862	-12.540283	delighted
18863	-12.540288	quisiera
18864	-12.540288	urchzuführen
18865	-12.540288	చేయబడింది
18866	-12.540289	customized
18867	-12.540289	ಫೈ
18868	-12.540307	ചെയ്യാൻ
18869	-12.540317	લેન્ડ
18870	-12.540318	tuesday
18871	-12.540318	wedding
18872	-12.540353	melihat
18873	-12.540361	emerson
18874	-12.540362	அரச
18875	-12.540366	samuel
18876	-12.540369	artifact
18877	-12.540369	passionnant
18878	-12.540375	પુર
18879	-12.540423	ும்போது
18880	-12.540442	انسان
18881	-12.540448	ന്യൂ
18882	-12.540456	মতো
18883	-12.540460	empleo
18884	-12.540460	కాబట్టి
18885	-12.540472	prioridad
18886	-12.540472	ऐसा
18887	-12.540493	köln
18888	-12.540519	suivez
18889	-12.540528	വിവര
18890	-12.540532	த்தார்
18891	-12.540571	ssumme
18892	-12.540606	க்காக
18893	-12.540610	aquellos
18894	-12.540623	formeel
18895	-12.540624	anfibios
18896	-12.540641	segnalazione
18897	-12.540645	కాదు
18898	-12.540703	sierra
18899	-12.540799	stijl
18900	-12.540835	దానిని
18901	-12.540841	questionario
18902	-12.540912	fammi
18903	-12.540921	facebook
18904	-12.541131	jonathan
18905	-12.541152	ця
18906	-12.541202	सीमा
18907	-12.541305	excuse
18908	-12.541348	betreffende
18909	-12.541370	opgenomen
18910	-12.541453	आकार
18911	-12.541484	र्थ
18912	-12.541505	आधारित
18913	-12.541549	łeś
18914	-12.541559	யைக்
18915	-12.541638	funny
18916	-12.541879	titoli
18917	-12.541989	eswary
18918	-12.542105	editing
18919	-12.542105	घरी
18920	-12.542508	ਗਰਮ
18921	-12.543081	ഉൾപ്പെട
18922	-12.543148	tutela
18923	-12.543272	autentica
18924	-12.543458	hành
18925	-12.543903	قة
18926	-12.544003	rahman
18927	-12.544733	ін
18928	-12.545008	ಇಲ್ಲ
18929	-12.545018	ungsprogramm
18930	-12.545892	вони
18931	-12.546464	ಬ್ಬ
18932	-12.547404	ому
18933	-12.547910	ಮಾಡಿದ
18934	-12.548093	anastas
18935	-12.548600	єш
18936	-12.548618	dépend
18937	-12.548853	తెలుసు
18938	-12.549945	ദാ
18939	-12.551575	رہا
18940	-12.551837	ग्रे
18941	-12.552132	alicia
18942	-12.552198	દેશો
18943	-12.552248	നിൽ
18944	-12.552851	prescrit
18945	-12.552990	ಬಲ
18946	-12.553989	kredietkaart
18947	-12.554092	grass
18948	-12.554223	हवा
18949	-12.554650	jährlich
18950	-12.555161	trasferiment
18951	-12.555264	krankheit
18952	-12.556255	జీవ
18953	-12.556560	ందుకు
18954	-12.558711	בוא
18955	-12.560047	schluss
18956	-12.560217	ট্রা
18957	-12.560236	מכ
18958	-12.560595	setzt
18959	-12.560799	erfügbarkeit
18960	-12.561817	রায়
18961	-12.561950	habituel
18962	-12.561971	associazione
18963	-12.561971	atteristiche
18964	-12.561971	benadrukt
18965	-12.561971	corruption
18966	-12.561971	disbursement
18967	-12.561971	enthousiast
18968	-12.561971	esfuerzo
18969	-12.561971	fondamentali
18970	-12.561971	gewijzigd
18971	-12.561971	histórica
18972	-12.561971	juárez
18973	-12.561971	jóvenes
18974	-12.561971	législation
18975	-12.561971	rücksichtigt
18976	-12.561971	stipendio
18977	-12.561971	sufficiency
18978	-12.561971	متحدہ
18979	-12.561971	कुत्ते
18980	-12.561971	चाहती
18981	-12.561971	ध्यान
18982	-12.561971	फक्त
18983	-12.561971	माझं
18984	-12.561971	समुदाय
18985	-12.561971	যেখানে
18986	-12.561971	ਕੰਮ
18987	-12.561971	તમારી
18988	-12.561971	દેસાઈ
18989	-12.561971	இயந்திர
18990	-12.561971	தொலைக்காட்சி
18991	-12.561971	పురాతన
18992	-12.561971	ప్రశ్న
18993	-12.561971	ಅರ್ಥ
18994	-12.561971	ಕಂಪನಿ
18995	-12.561971	ಕ್ರೀಡೆ
18996	-12.561971	ജീവിച്ചിരി
18997	-12.561971	ദിവ്യ
18998	-12.561972	brochure
18999	-12.561972	dibattito
19000	-12.561972	effectuez
19001	-12.561972	regolarmente
19002	-12.561972	स्कूल
19003	-12.561972	ਕਿੰਨੀ
19004	-12.561972	ദേശീയ
19005	-12.561973	elencati
19006	-12.561973	måste
19007	-12.561973	אוהב
19008	-12.561974	anxiété
19009	-12.561974	envoyant
19010	-12.561975	betreft
19011	-12.561975	protetto
19012	-12.561975	remitente
19013	-12.561975	கிறேன்
19014	-12.561975	sospetto
19015	-12.561976	minorenni
19016	-12.561976	oiseaux
19017	-12.561977	commencé
19018	-12.561978	anstieg
19019	-12.561979	einnahmen
19020	-12.561979	produzione
19021	-12.561979	కాలాలలో
19022	-12.561980	elaborato
19023	-12.561981	موجود
19024	-12.561985	trên
19025	-12.561989	भरपूर
19026	-12.561995	beyond
19027	-12.561995	వెళ్ళ
19028	-12.561996	football
19029	-12.561997	notizie
19030	-12.561997	planeando
19031	-12.562003	fisico
19032	-12.562006	yardım
19033	-12.562008	cutting
19034	-12.562014	संबंधित
19035	-12.562015	مندرجہ
19036	-12.562018	ökning
19037	-12.562018	શોધ
19038	-12.562023	કરવું
19039	-12.562024	evalueren
19040	-12.562037	tavolo
19041	-12.562044	ళ్ళు
19042	-12.562046	सौर
19043	-12.562049	daripada
19044	-12.562054	చేస్తారు
19045	-12.562057	analysiert
19046	-12.562059	capacity
19047	-12.562060	చేయవచ్చు
19048	-12.562077	capabilities
19049	-12.562091	తోట
19050	-12.562123	hilft
19051	-12.562141	प्रदर्शनी
19052	-12.562144	లీగ్
19053	-12.562158	প্রিয়া
19054	-12.562161	methodologie
19055	-12.562180	onderdeel
19056	-12.562188	kundendienst
19057	-12.562197	গেম
19058	-12.562197	ങ്ക്
19059	-12.562199	emergenze
19060	-12.562202	فرق
19061	-12.562223	membresía
19062	-12.562273	operaties
19063	-12.562339	investigando
19064	-12.562386	clearance
19065	-12.562393	റുകൾ
19066	-12.562407	విండ్
19067	-12.562485	wachsen
19068	-12.562489	healthier
19069	-12.562536	podríamos
19070	-12.562642	stanley
19071	-12.562701	mettons
19072	-12.562794	tunnel
19073	-12.562842	einloggen
19074	-12.562879	rehna
19075	-12.563262	शील
19076	-12.563309	handbook
19077	-12.563355	finley
19078	-12.563625	confiar
19079	-12.563757	rachel
19080	-12.563777	الگ
19081	-12.563799	frère
19082	-12.563973	اصل
19083	-12.564185	holly
19084	-12.564819	sstörungen
19085	-12.565464	rink
19086	-12.565831	vertrouwe
19087	-12.566327	epidemi
19088	-12.566414	superior
19089	-12.566578	ಷ್ಟು
19090	-12.567016	tenticazione
19091	-12.567717	corrisponde
19092	-12.567842	ालय
19093	-12.567902	begleit
19094	-12.569036	accessibili
19095	-12.569114	relacionado
19096	-12.569126	práctica
19097	-12.569158	diagnosi
19098	-12.569227	ablauf
19099	-12.569433	crime
19100	-12.570638	পাওয়া
19101	-12.570796	वेग
19102	-12.571009	colomb
19103	-12.572092	টাই
19104	-12.572266	எழுத
19105	-12.573269	ఉపయోగిస్త
19106	-12.573364	possess
19107	-12.573958	਼
19108	-12.574512	ranscription
19109	-12.575002	carmel
19110	-12.575791	assert
19111	-12.576791	फु
19112	-12.576791	ున్నాము
19113	-12.577056	בים
19114	-12.577627	رائ
19115	-12.579453	ভাগ
19116	-12.580646	tribuciones
19117	-12.580834	variant
19118	-12.580905	আজ
19119	-12.581005	గలను
19120	-12.581067	ordinateur
19121	-12.581367	editor
19122	-12.581570	િયો
19123	-12.582199	שלו
19124	-12.582900	க்கப்பட்டது
19125	-12.583873	ارے
19126	-12.583984	coincide
19127	-12.584095	ళ్ళ
19128	-12.584117	പ്പെടുന്ന
19129	-12.584127	disrupt
19130	-12.584193	addebitato
19131	-12.584193	aquaponie
19132	-12.584193	bénéfice
19133	-12.584193	chirurgico
19134	-12.584193	competizione
19135	-12.584193	conséquence
19136	-12.584193	costruire
19137	-12.584193	efficacy
19138	-12.584193	equilibrio
19139	-12.584193	erspectieven
19140	-12.584193	förbättra
19141	-12.584193	insolvenz
19142	-12.584193	leverancier
19143	-12.584193	littératie
19144	-12.584193	nutrición
19145	-12.584193	plumbing
19146	-12.584193	raadpleeg
19147	-12.584193	remarquable
19148	-12.584193	revoked
19149	-12.584193	risarcimento
19150	-12.584193	statistiques
19151	-12.584193	stipendien
19152	-12.584193	straight
19153	-12.584193	síntomas
19154	-12.584193	trascrizione
19155	-12.584193	uitgebreid
19156	-12.584193	voortdurend
19157	-12.584193	ещё
19158	-12.584193	завтра
19159	-12.584193	تاریخ
19160	-12.584193	قریشی
19161	-12.584193	अंतरिक्ष
19162	-12.584193	उदाहरण
19163	-12.584193	दूध
19164	-12.584193	द्वितीय
19165	-12.584193	फूल
19166	-12.584193	बॉल
19167	-12.584193	साइकिल
19168	-12.584193	পাঁচটি
19169	-12.584193	বিলুপ্ত
19170	-12.584193	সুভাষ
19171	-12.584193	ਸਿੰਘ
19172	-12.584193	ਹਰੇਕ
19173	-12.584193	ઘણા
19174	-12.584193	દરમિયાન
19175	-12.584193	પછી
19176	-12.584193	ஏற்ப
19177	-12.584193	களுடன்
19178	-12.584193	காலத்திலும்
19179	-12.584193	ఉదాహరణ
19180	-12.584193	కాలిఫోర్నియా
19181	-12.584193	కావాలి
19182	-12.584193	జరిగిన
19183	-12.584193	తర్వాత
19184	-12.584193	నమస్తే
19185	-12.584193	ప్రాథమిక
19186	-12.584193	ఫారమ్
19187	-12.584193	లక్షణాల
19188	-12.584193	శతాబ్ద
19189	-12.584193	సరస్సు
19190	-12.584193	ವರೆಗೆ
19191	-12.584193	ಸಂಗೀತ
19192	-12.584193	സംഗീത
19193	-12.584194	hälsning
19194	-12.584194	lphabetisier
19195	-12.584194	mình
19196	-12.584194	offiziell
19197	-12.584194	unforeseen
19198	-12.584194	veicoli
19199	-12.584194	ಪ್ರಶಸ್ತಿ
19200	-12.584195	estándares
19201	-12.584195	geestelijke
19202	-12.584195	missbrauch
19203	-12.584195	münchen
19204	-12.584195	reproduktive
19205	-12.584195	ärztliche
19206	-12.584195	ഭക്ഷണ
19207	-12.584196	bilingual
19208	-12.584197	effectief
19209	-12.584197	ಪಠ್ಯದಿಂದ
19210	-12.584198	పర్వత
19211	-12.584198	വെള്ള
19212	-12.584199	mitzuteilen
19213	-12.584199	poesía
19214	-12.584199	restoration
19215	-12.584201	gregory
19216	-12.584202	mascota
19217	-12.584203	विश्वास
19218	-12.584204	thirty
19219	-12.584205	వస్తువుల
19220	-12.584207	bonsaï
19221	-12.584208	gelezen
19222	-12.584209	explosion
19223	-12.584216	பத்தியைப்
19224	-12.584217	અર્થ
19225	-12.584219	ആദ്യത്തെ
19226	-12.584220	energetic
19227	-12.584221	denominata
19228	-12.584221	गोल्फ
19229	-12.584226	affairs
19230	-12.584228	grondig
19231	-12.584230	భవన
19232	-12.584238	rendered
19233	-12.584239	landesbank
19234	-12.584241	easily
19235	-12.584241	ricerche
19236	-12.584244	அமைந்துள்ளது
19237	-12.584246	dangerous
19238	-12.584252	ਹਨਃ
19239	-12.584254	retreat
19240	-12.584256	händelse
19241	-12.584258	câu
19242	-12.584276	unirsi
19243	-12.584276	ஜே
19244	-12.584279	standardisé
19245	-12.584282	anwalt
19246	-12.584283	tissage
19247	-12.584290	piazza
19248	-12.584336	sawyer
19249	-12.584337	ные
19250	-12.584361	çık
19251	-12.584370	mensajería
19252	-12.584402	nursing
19253	-12.584408	தாவர
19254	-12.584412	moderator
19255	-12.584442	noodzakelijk
19256	-12.584451	வீரர்கள்
19257	-12.584498	దూర
19258	-12.584501	schuluniform
19259	-12.584509	coordinación
19260	-12.584511	vorgenommen
19261	-12.584528	registreren
19262	-12.584571	क्यू
19263	-12.584602	carrera
19264	-12.584662	patrick
19265	-12.584814	reinigung
19266	-12.584889	motivate
19267	-12.584944	स्तर
19268	-12.584980	corretti
19269	-12.585001	texas
19270	-12.585003	instellungen
19271	-12.585039	kendall
19272	-12.585057	macchina
19273	-12.585242	abbess
19274	-12.585284	காபி
19275	-12.585294	pasaje
19276	-12.585336	richiediamo
19277	-12.585362	gelegt
19278	-12.585393	ਡ਼੍ਹ
19279	-12.585423	वाई
19280	-12.585526	assicurativo
19281	-12.585574	dominic
19282	-12.585583	trouverez
19283	-12.585880	devoirs
19284	-12.585891	protein
19285	-12.586736	conosce
19286	-12.586864	feliz
19287	-12.587481	ਗੋਲ
19288	-12.587603	ರೆಯಲಾಗುತ್ತದೆ
19289	-12.587697	पणे
19290	-12.588549	один
19291	-12.588694	attract
19292	-12.588704	visuel
19293	-12.588951	sönlichkeit
19294	-12.589172	trabaja
19295	-12.589461	वाक्य
19296	-12.589500	impuls
19297	-12.589620	wohnung
19298	-12.589926	organizzativ
19299	-12.591529	పార్క్
19300	-12.592716	elangrijkste
19301	-12.592791	נות
19302	-12.593881	דבר
19303	-12.596249	ليس
19304	-12.596324	أنت
19305	-12.596579	ಟಕ
19306	-12.596750	hannah
19307	-12.597439	ljub
19308	-12.600486	పోయ
19309	-12.601084	нов
19310	-12.601591	traditionell
19311	-12.601750	ಅಮೆರಿಕದ
19312	-12.602213	dynamique
19313	-12.602508	ologue
19314	-12.603909	erfordern
19315	-12.604459	ował
19316	-12.604853	кого
19317	-12.605890	люби
19318	-12.605960	respondent
19319	-12.606276	fight
19320	-12.606484	soluzione
19321	-12.606711	হন
19322	-12.606747	प्रदर्शन
19323	-12.606892	nötig
19324	-12.606919	உணர்
19325	-12.606919	ప్రయోజన
19326	-12.606920	acuaponía
19327	-12.606920	attrezzature
19328	-12.606920	bemühungen
19329	-12.606920	biglietto
19330	-12.606920	boundaries
19331	-12.606920	cummings
19332	-12.606920	entusiasta
19333	-12.606920	entwurf
19334	-12.606920	inclusivity
19335	-12.606920	incredible
19336	-12.606920	intégrer
19337	-12.606920	optimierung
19338	-12.606920	phoenix
19339	-12.606920	potentiële
19340	-12.606920	prestamista
19341	-12.606920	prohibited
19342	-12.606920	pubbliche
19343	-12.606920	riepilogo
19344	-12.606920	southampton
19345	-12.606920	stipendium
19346	-12.606920	whistleblow
19347	-12.606920	अग्रवाल
19348	-12.606920	तुझी
19349	-12.606920	पत्नी
19350	-12.606920	प्राथमिक
19351	-12.606920	प्रोग्राम
19352	-12.606920	बिंदु
19353	-12.606920	लक्ष्मी
19354	-12.606920	सहायता
19355	-12.606920	তখন
19356	-12.606920	পর্ব
19357	-12.606920	পূর্ণ
19358	-12.606920	ਅਮਰੀਕੀ
19359	-12.606920	ਘੱਟ
19360	-12.606920	ਜਨਮ
19361	-12.606920	ਦੇਖਦੇ
19362	-12.606920	ਸੰਖੇਪ
19363	-12.606920	તેમના
19364	-12.606920	પટેલ
19365	-12.606920	મહેશ
19366	-12.606920	લખો
19367	-12.606920	கோப்பை
19368	-12.606920	வெள்ளை
19369	-12.606920	కేంద్ర
19370	-12.606920	తక్కువ
19371	-12.606920	వచనాన్ని
19372	-12.606920	సంగ్రహించండి
19373	-12.606920	ಗಣೇಶ್
19374	-12.606920	ರಂದು
19375	-12.606920	ഉപയോഗിച്ച്
19376	-12.606921	autovía
19377	-12.606921	collision
19378	-12.606921	desarrollar
19379	-12.606921	illustrative
19380	-12.606921	जानना
19381	-12.606921	द्वीप
19382	-12.606921	पुरुष
19383	-12.606921	वरील
19384	-12.606921	સ્ટેટ્સ
19385	-12.606921	ದತ್ತಾಂಶ
19386	-12.606921	ആവശ്യ
19387	-12.606922	appointed
19388	-12.606922	grateful
19389	-12.606922	istituzione
19390	-12.606922	নতুন
19391	-12.606922	వ్యాయామ
19392	-12.606923	custody
19393	-12.606923	disfrute
19394	-12.606923	uccelli
19395	-12.606923	पाहता
19396	-12.606924	diferencia
19397	-12.606924	readiness
19398	-12.606925	utgifter
19399	-12.606926	surgical
19400	-12.606926	ಸರಣಿ
19401	-12.606927	beinhaltet
19402	-12.606928	നൽകിയാൽ
19403	-12.606929	requiring
19404	-12.606930	accessibile
19405	-12.606930	friesland
19406	-12.606932	extreme
19407	-12.606933	compulsi
19408	-12.606933	embargo
19409	-12.606933	будет
19410	-12.606934	decrease
19411	-12.606934	बाहेर
19412	-12.606936	प्रमाण
19413	-12.606937	situazioni
19414	-12.606937	তোমার
19415	-12.606938	contient
19416	-12.606940	geleverd
19417	-12.606940	gestartet
19418	-12.606944	räkning
19419	-12.606947	terwijl
19420	-12.606956	troverà
19421	-12.606964	كتاب
19422	-12.606964	సౌర
19423	-12.606968	bardzo
19424	-12.606968	tätigkeit
19425	-12.606968	अजूनही
19426	-12.606976	elevate
19427	-12.606980	bennett
19428	-12.606987	olduğunu
19429	-12.606989	kürze
19430	-12.607001	diffusion
19431	-12.607006	nimmt
19432	-12.607014	ڈیٹا
19433	-12.607018	defense
19434	-12.607021	லீக்
19435	-12.607028	పిల్లలు
19436	-12.607029	försök
19437	-12.607052	belastung
19438	-12.607073	ചെയ്യുന്നത്
19439	-12.607082	apertura
19440	-12.607083	زمین
19441	-12.607089	ক্ষণ
19442	-12.607090	actualice
19443	-12.607105	ટ્રે
19444	-12.607107	erneut
19445	-12.607108	organizar
19446	-12.607134	чер
19447	-12.607173	దీనిని
19448	-12.607185	abierto
19449	-12.607188	शादी
19450	-12.607215	ஜான்
19451	-12.607246	inviarti
19452	-12.607269	cashflow
19453	-12.607278	zentral
19454	-12.607290	کرتی
19455	-12.607316	ஹார்
19456	-12.607317	ਦਿਨ
19457	-12.607328	आपल्याला
19458	-12.607347	bernhard
19459	-12.607354	निशा
19460	-12.607395	ूँ
19461	-12.607405	married
19462	-12.607413	davies
19463	-12.607447	antigua
19464	-12.607503	tourism
19465	-12.607541	entrevista
19466	-12.607597	skyler
19467	-12.607683	நகரம்
19468	-12.607728	limitations
19469	-12.608046	acknowledg
19470	-12.608225	spät
19471	-12.608300	bloque
19472	-12.608350	grief
19473	-12.608399	decline
19474	-12.608412	vigore
19475	-12.608453	દે
19476	-12.608624	heinz
19477	-12.609583	मालिक
19478	-12.610533	utib
19479	-12.610774	ajustar
19480	-12.611217	లైన్
19481	-12.611799	રોજ
19482	-12.612926	िश्वविद्यालय
19483	-12.613556	பார்க்க
19484	-12.613979	vitamin
19485	-12.614189	ਰੰਗ
19486	-12.614829	ısı
19487	-12.614880	leute
19488	-12.615204	ायचा
19489	-12.617299	geschlossen
19490	-12.617348	acquire
19491	-12.617992	standpunt
19492	-12.619059	వంట
19493	-12.619208	ർട്ട്
19494	-12.620250	ceuticals
19495	-12.621186	authentic
19496	-12.621419	చార
19497	-12.621808	erifizierung
19498	-12.623405	чен
19499	-12.624288	மனித
19500	-12.625014	ுவதற்கு
19501	-12.627306	lösning
19502	-12.627401	தயாரிக்க
19503	-12.628474	trekking
19504	-12.630100	administrat
19505	-12.630145	ओळख
19506	-12.630154	पांडे
19507	-12.630175	ಪ್ರಭೇದ
19508	-12.630176	भावना
19509	-12.630176	చంద్ర
19510	-12.630176	ಸಂಸ್ಥೆ
19511	-12.630176	സീസ
19512	-12.630177	atmosphere
19513	-12.630177	besprochen
19514	-12.630177	bovenstaande
19515	-12.630177	direttamente
19516	-12.630177	discrepancia
19517	-12.630177	duurzaamheid
19518	-12.630177	equipped
19519	-12.630177	gevestigd
19520	-12.630177	glückwunsch
19521	-12.630177	hbgcioijiuzi
19522	-12.630177	hebdomadaire
19523	-12.630177	inspanningen
19524	-12.630177	intelectual
19525	-12.630177	príncipe
19526	-12.630177	reembolso
19527	-12.630177	reflexión
19528	-12.630177	scegliere
19529	-12.630177	scolarité
19530	-12.630177	structuur
19531	-12.630177	tirocinio
19532	-12.630177	uszutauschen
19533	-12.630177	wöchentlich
19534	-12.630177	zeitstempel
19535	-12.630177	почему
19536	-12.630177	ذهب
19537	-12.630177	ریاستہائے
19538	-12.630177	شروع
19539	-12.630177	واقع
19540	-12.630177	अधिकांश
19541	-12.630177	उपयुक्त
19542	-12.630177	जाएगा
19543	-12.630177	ठाकुर
19544	-12.630177	प्रक्रिया
19545	-12.630177	विजय
19546	-12.630177	ফ্রি
19547	-12.630177	বিজ্ঞান
19548	-12.630177	ল্ট
19549	-12.630177	সঙ্গীত
19550	-12.630177	ਸਥਾਨ
19551	-12.630177	હેતલ
19552	-12.630177	சூப்பர்
19553	-12.630177	ரேவதி
19554	-12.630177	ாம்பியன்ஷிப்
19555	-12.630177	అర్థం
19556	-12.630177	ఇమెయిల్
19557	-12.630177	ధన్యవాదాలు
19558	-12.630177	ప్రభుత్వ
19559	-12.630177	ಅಧ್ಯಕ್ಷ
19560	-12.630177	ತಮ್ಮ
19561	-12.630177	പുതിയ
19562	-12.630177	ഭാഗത്തിൽ
19563	-12.630177	amortization
19564	-12.630177	bedeutende
19565	-12.630177	establecida
19566	-12.630177	दशक
19567	-12.630177	െങ്കിൽ
19568	-12.630178	inspección
19569	-12.630178	remarkable
19570	-12.630179	colaborar
19571	-12.630179	వంతమైన
19572	-12.630180	ज़रूर
19573	-12.630183	aangepast
19574	-12.630184	puzzel
19575	-12.630185	bereikt
19576	-12.630185	incurred
19577	-12.630186	tranquil
19578	-12.630188	wonderful
19579	-12.630190	પાર્થ
19580	-12.630194	gekauft
19581	-12.630194	psychomotri
19582	-12.630196	pfalz
19583	-12.630196	సూచించ
19584	-12.630198	perancis
19585	-12.630198	canadian
19586	-12.630203	beroep
19587	-12.630212	மணி
19588	-12.630214	vielzahl
19589	-12.630214	গুলো
19590	-12.630235	முன்பு
19591	-12.630240	durabilité
19592	-12.630252	régime
19593	-12.630253	ப்பட்டுள்ளது
19594	-12.630254	కారణాల
19595	-12.630259	తగ్గ
19596	-12.630263	ermöglichen
19597	-12.630264	ஜூ
19598	-12.630266	आवडतात
19599	-12.630273	чем
19600	-12.630275	ricercatore
19601	-12.630284	chambre
19602	-12.630296	masalah
19603	-12.630296	welcoming
19604	-12.630301	நாள்
19605	-12.630302	aspetto
19606	-12.630332	mobiel
19607	-12.630347	दर्ज
19608	-12.630352	آخر
19609	-12.630373	ść
19610	-12.630383	utilisons
19611	-12.630388	jugendkonto
19612	-12.630407	healing
19613	-12.630419	township
19614	-12.630419	vorliegen
19615	-12.630468	स्थिति
19616	-12.630471	villanueva
19617	-12.630562	zugänglich
19618	-12.630580	lorenzo
19619	-12.630588	হো
19620	-12.630600	భాషలు
19621	-12.630609	ਚੇ
19622	-12.630609	ਜੂ
19623	-12.630639	లాగ్
19624	-12.630651	छा
19625	-12.630780	blank
19626	-12.630799	fueron
19627	-12.630818	royalty
19628	-12.630843	inmediato
19629	-12.630851	obtenu
19630	-12.630853	cucina
19631	-12.630867	marktanalyse
19632	-12.630961	tycker
19633	-12.630972	factuur
19634	-12.630979	validity
19635	-12.631083	lawyer
19636	-12.631109	nochmal
19637	-12.631191	rehne
19638	-12.631207	ingrese
19639	-12.631216	barbara
19640	-12.631671	सुना
19641	-12.631698	eingabe
19642	-12.632125	noël
19643	-12.632188	yên
19644	-12.632330	capito
19645	-12.632627	ஃபெ
19646	-12.632725	ਲਿਆ
19647	-12.634017	interagi
19648	-12.634072	analysé
19649	-12.634204	सुधार
19650	-12.634793	ಗಾಗಿ
19651	-12.635859	repeat
19652	-12.635910	ગીત
19653	-12.636761	ਹਾਈ
19654	-12.636882	umbria
19655	-12.638040	hitta
19656	-12.638731	गीता
19657	-12.641675	attuali
19658	-12.641883	ಒದಗಿಸಿ
19659	-12.642705	лет
19660	-12.643542	taglia
19661	-12.643572	ચાલ
19662	-12.644251	anterior
19663	-12.644871	gnol
19664	-12.645494	ooit
19665	-12.645676	realize
19666	-12.647097	دیکھ
19667	-12.647289	techniek
19668	-12.647897	براہ
19669	-12.651419	شکل
19670	-12.652721	stimmung
19671	-12.653433	exhaust
19672	-12.653579	erlyingasset
19673	-12.653786	invoic
19674	-12.653974	എഴുത
19675	-12.653985	വളരെ
19676	-12.653986	aanbevolen
19677	-12.653986	académica
19678	-12.653986	apprezzato
19679	-12.653986	beeindrucken
19680	-12.653986	botanical
19681	-12.653986	cerámica
19682	-12.653986	colaborador
19683	-12.653986	diskutiert
19684	-12.653986	entdeckt
19685	-12.653986	episodio
19686	-12.653986	fotografía
19687	-12.653986	giocatore
19688	-12.653986	gouvernance
19689	-12.653986	hygiene
19690	-12.653986	pproximately
19691	-12.653986	satisfacción
19692	-12.653986	suscripción
19693	-12.653986	tellectuelle
19694	-12.653986	transparence
19695	-12.653986	vogliamo
19696	-12.653986	vêtements
19697	-12.653986	wednesday
19698	-12.653986	zaragoza
19699	-12.653986	сколько
19700	-12.653986	اقتباس
19701	-12.653986	उत्साहित
19702	-12.653986	पतंग
19703	-12.653986	विलुप्त
19704	-12.653986	संजय
19705	-12.653986	ইতিহাস
19706	-12.653986	বর্ণনা
19707	-12.653986	রাহুল
19708	-12.653986	ਗਿੱਲ
19709	-12.653986	ਢਿੱਲੋਂ
19710	-12.653986	નિર્
19711	-12.653986	இயற்கை
19712	-12.653986	கிரிக்கெட்
19713	-12.653986	ஜனாதிபதி
19714	-12.653986	நியூயார்க்
19715	-12.653986	ப்பதற்கான
19716	-12.653986	అధికారిక
19717	-12.653986	అధ్యక్ష
19718	-12.653986	క్లబ్
19719	-12.653986	ಆದರೆ
19720	-12.653986	മുതൽ
19721	-12.653986	യുദ്ധ
19722	-12.653987	disfruta
19723	-12.653987	jefferson
19724	-12.653987	konstruktiv
19725	-12.653987	präferenz
19726	-12.653987	pérdida
19727	-12.653988	ragazzi
19728	-12.653988	troverete
19729	-12.653988	ड्राइव
19730	-12.653988	विकास
19731	-12.653989	advocaat
19732	-12.653989	gráfica
19733	-12.653989	praktische
19734	-12.653990	fissata
19735	-12.653990	fornitura
19736	-12.653990	maternelle
19737	-12.653990	réalité
19738	-12.653991	girokonto
19739	-12.653991	వ్రాయ
19740	-12.653993	tangible
19741	-12.653994	artefakt
19742	-12.653994	ontvanger
19743	-12.653996	übermitteln
19744	-12.653996	bradley
19745	-12.653996	engelska
19746	-12.653997	groningen
19747	-12.653999	cheezein
19748	-12.654007	giáo
19749	-12.654008	आनंद
19750	-12.654011	médiation
19751	-12.654017	hughes
19752	-12.654018	mientras
19753	-12.654018	organizacion
19754	-12.654020	நடந்த
19755	-12.654022	കഴിയും
19756	-12.654024	ricordo
19757	-12.654028	precise
19758	-12.654033	డైరీ
19759	-12.654046	hausaufgaben
19760	-12.654050	pensieri
19761	-12.654058	پارک
19762	-12.654064	لوگوں
19763	-12.654068	טום
19764	-12.654069	beheersing
19765	-12.654079	कलाकार
19766	-12.654088	বৈ
19767	-12.654092	geverifieerd
19768	-12.654097	بنایا
19769	-12.654098	முக்கியமான
19770	-12.654111	യാത്ര
19771	-12.654116	beperkt
19772	-12.654128	pháp
19773	-12.654159	divorce
19774	-12.654178	ஹாரி
19775	-12.654186	psychomotor
19776	-12.654204	دیے
19777	-12.654204	जंगल
19778	-12.654259	जोशी
19779	-12.654284	esprit
19780	-12.654300	auswahl
19781	-12.654302	franklin
19782	-12.654334	વખત
19783	-12.654384	aayegi
19784	-12.654386	spricht
19785	-12.654392	omzet
19786	-12.654396	sportivo
19787	-12.654405	प्यार
19788	-12.654412	मार्क
19789	-12.654455	succession
19790	-12.654537	प्ले
19791	-12.654567	చేసుక
19792	-12.654570	करणार
19793	-12.654584	جانے
19794	-12.654604	directement
19795	-12.654643	untersucht
19796	-12.654684	filosof
19797	-12.654724	jegliche
19798	-12.654730	sportive
19799	-12.654744	locazione
19800	-12.654748	येते
19801	-12.654796	piante
19802	-12.655037	photographie
19803	-12.655165	வதற்கான
19804	-12.655276	romantic
19805	-12.655606	vantaggi
19806	-12.655696	spécifié
19807	-12.655826	gezet
19808	-12.655961	ammonta
19809	-12.657081	বেল
19810	-12.657546	ಲಾಗಿದೆ
19811	-12.657674	ముఖ్యం
19812	-12.657972	گے
19813	-12.659079	ಜಾನ್
19814	-12.659235	vivian
19815	-12.660009	जवळ
19816	-12.662216	chicken
19817	-12.662293	ರಚಿಸ
19818	-12.663442	suggestion
19819	-12.664299	আয়
19820	-12.664991	பயன்படுத்தி
19821	-12.665740	häus
19822	-12.666003	ception
19823	-12.666257	أكل
19824	-12.667463	zufrieden
19825	-12.669665	তুল
19826	-12.670175	élio
19827	-12.671636	చేస్తున్న
19828	-12.671990	reign
19829	-12.673238	యుద్ధ
19830	-12.673987	খুব
19831	-12.676030	అమెరికాలో
19832	-12.676531	avancé
19833	-12.676937	ollah
19834	-12.677268	ungsort
19835	-12.677649	ಮಾನವ
19836	-12.677653	ministro
19837	-12.678257	aggiungi
19838	-12.678291	உயர
19839	-12.678320	bewusst
19840	-12.678365	closure
19841	-12.678375	અમેરિકા
19842	-12.678375	கேள்வி
19843	-12.678376	academische
19844	-12.678376	antécédents
19845	-12.678376	asegúrense
19846	-12.678376	bourgogne
19847	-12.678376	cijfers
19848	-12.678376	cortesemente
19849	-12.678376	criptovalute
19850	-12.678376	eccellente
19851	-12.678376	excursion
19852	-12.678376	extremadura
19853	-12.678376	financieel
19854	-12.678376	gesammelt
19855	-12.678376	gusikowski
19856	-12.678376	ingeniería
19857	-12.678376	legislación
19858	-12.678376	modified
19859	-12.678376	nauwkeurig
19860	-12.678376	recepción
19861	-12.678376	reibungslos
19862	-12.678376	rifiuti
19863	-12.678376	satisfactory
19864	-12.678376	sensitivity
19865	-12.678376	stimolante
19866	-12.678376	troisième
19867	-12.678376	usgezeichnet
19868	-12.678376	verjaardag
19869	-12.678376	verzonden
19870	-12.678376	پہلی
19871	-12.678376	ہندوستان
19872	-12.678376	पहुँच
19873	-12.678376	पालतू
19874	-12.678376	मैरी
19875	-12.678376	উপাদান
19876	-12.678376	খেলোয়াড়
19877	-12.678376	তথ্য
19878	-12.678376	পৃথিবী
19879	-12.678376	ਪੱਛਮ
19880	-12.678376	ਵਿਅਕਤੀ
19881	-12.678376	ਸਿੱਖ
19882	-12.678376	કોમલ
19883	-12.678376	ચિરાગ
19884	-12.678376	જીગ્નેશ
19885	-12.678376	બહાર
19886	-12.678376	அவரது
19887	-12.678376	இந்தியாவின்
19888	-12.678376	கணினி
19889	-12.678376	கலிபோர்னியா
19890	-12.678376	கல்லூரி
19891	-12.678376	கூடைப்பந்து
19892	-12.678376	தொடக்க
19893	-12.678376	நிறுவப்பட்ட
19894	-12.678376	ఉండటం
19895	-12.678376	కృత
19896	-12.678376	బడతాయి
19897	-12.678376	సహాయపడ
19898	-12.678376	ಕಡಿಮೆ
19899	-12.678376	ಶಕ್ತಿ
19900	-12.678376	ಸಣ್ಣ
19901	-12.678376	ಹೊಸ
19902	-12.678376	കായിക
19903	-12.678376	ദയവായി
19904	-12.678377	diputado
19905	-12.678377	einwilligung
19906	-12.678377	irritation
19907	-12.678377	mindestens
19908	-12.678377	modalità
19909	-12.678377	mouvement
19910	-12.678377	restauration
19911	-12.678377	इतना
19912	-12.678377	ਮੈਨ
19913	-12.678377	నాలుగు
19914	-12.678377	విద్యుత్
19915	-12.678377	കമ്പനി
19916	-12.678378	boomhut
19917	-12.678378	complainant
19918	-12.678378	vorbereitet
19919	-12.678378	ભૂત
19920	-12.678379	aiutarci
19921	-12.678379	berkshire
19922	-12.678379	kahaniyan
19923	-12.678379	mitzubringen
19924	-12.678379	soluzioni
19925	-12.678381	व्यायाम
19926	-12.678381	ುದರಿಂದ
19927	-12.678382	alcalá
19928	-12.678383	gehoord
19929	-12.678384	bulletin
19930	-12.678384	gefühl
19931	-12.678385	reducción
19932	-12.678390	রূপ
19933	-12.678391	empathy
19934	-12.678391	bewohner
19935	-12.678391	ങ്ങളുണ്ട്
19936	-12.678392	aayenge
19937	-12.678394	સંગીત
19938	-12.678397	চেয়ে
19939	-12.678399	ವಿಭಿನ್ನ
19940	-12.678400	aankoop
19941	-12.678405	yyyy
19942	-12.678409	ಕೊನೆಯ
19943	-12.678411	absence
19944	-12.678411	మంచు
19945	-12.678425	anleihe
19946	-12.678425	einzelnen
19947	-12.678427	મૂળ
19948	-12.678447	lavorativo
19949	-12.678452	écoute
19950	-12.678452	ਪਸੰਦ
19951	-12.678455	conformidad
19952	-12.678459	प्रजाति
19953	-12.678461	hotline
19954	-12.678461	వచ్చింది
19955	-12.678474	schwester
19956	-12.678476	પાસે
19957	-12.678480	phrase
19958	-12.678495	medieval
19959	-12.678511	cây
19960	-12.678514	కాఫీ
19961	-12.678521	திட்ட
19962	-12.678524	स्पेन
19963	-12.678533	بنانے
19964	-12.678540	geschenk
19965	-12.678541	déposé
19966	-12.678554	aceptación
19967	-12.678563	ఉపయోగించే
19968	-12.678568	grundlage
19969	-12.678576	preventivo
19970	-12.678579	webseite
19971	-12.678586	realtà
19972	-12.678601	preferida
19973	-12.678607	utilization
19974	-12.678608	schuster
19975	-12.678615	உயர்
19976	-12.678620	spreek
19977	-12.678633	प्रेम
19978	-12.678637	nfrastruktur
19979	-12.678638	wrote
19980	-12.678673	ਸਾਜ਼
19981	-12.678689	ਹੋਈ
19982	-12.678710	माँ
19983	-12.678713	झाले
19984	-12.678733	sensibilizza
19985	-12.678757	असेल
19986	-12.678767	geistige
19987	-12.678778	autorità
19988	-12.678785	integridad
19989	-12.678810	colonia
19990	-12.678830	கொடுக்க
19991	-12.678852	дома
19992	-12.678862	ఫిల్
19993	-12.678869	ாமல்
19994	-12.678888	built
19995	-12.678926	habitación
19996	-12.678928	बिना
19997	-12.678959	chemische
19998	-12.678962	ಕೈ
19999	-12.678971	‌లను
20000	-12.679006	toscana
20001	-12.679021	కోడ్
20002	-12.679128	casual
20003	-12.679171	integración
20004	-12.679244	వలసిన
20005	-12.679321	रखने
20006	-12.679955	inventar
20007	-12.680055	eimbursement
20008	-12.680068	ವಾಸಿಸ
20009	-12.680762	loyal
20010	-12.680885	akhir
20011	-12.681190	venezia
20012	-12.681761	వేయ
20013	-12.681864	implementado
20014	-12.682339	બાળકો
20015	-12.682560	ഫാ
20016	-12.682804	कृति
20017	-12.685074	రాష్ట్రం
20018	-12.685420	ദിന
20019	-12.686573	mediator
20020	-12.687033	extern
20021	-12.688094	proxima
20022	-12.688320	prestatie
20023	-12.689408	ஏரி
20024	-12.690177	щи
20025	-12.690310	ब्रि
20026	-12.690333	nteracciones
20027	-12.690479	archiduc
20028	-12.691501	நாட்கள
20029	-12.691691	יך
20030	-12.691696	crypt
20031	-12.691949	vulnerabili
20032	-12.693566	nternacional
20033	-12.695019	sonalisierte
20034	-12.696527	environ
20035	-12.697130	krijg
20036	-12.697742	entrar
20037	-12.697988	erhöht
20038	-12.698393	sponibilidad
20039	-12.698755	ಚಿತ್ರ
20040	-12.699021	мен
20041	-12.699663	ਵਰਗ
20042	-12.700083	લેવા
20043	-12.700996	oller
20044	-12.701706	interessi
20045	-12.701863	torizzazione
20046	-12.701893	பதில்
20047	-12.702342	ിപ്പിക്ക
20048	-12.702479	ostantemente
20049	-12.702765	svolge
20050	-12.702941	ಪವನ್
20051	-12.702951	ਃ
20052	-12.703150	effekt
20053	-12.703285	tailor
20054	-12.703356	களால்
20055	-12.703375	পূর্ব
20056	-12.703376	appraisal
20057	-12.703376	arbitrato
20058	-12.703376	beoordelen
20059	-12.703376	conseguenza
20060	-12.703376	differenza
20061	-12.703376	dévouement
20062	-12.703376	düsseldorf
20063	-12.703376	expédition
20064	-12.703376	fwpmejf
20065	-12.703376	gäller
20066	-12.703376	hallazgos
20067	-12.703376	künstler
20068	-12.703376	mempunyai
20069	-12.703376	máximo
20070	-12.703376	narrativa
20071	-12.703376	révélé
20072	-12.703376	scolastici
20073	-12.703376	unbefugte
20074	-12.703376	venerdì
20075	-12.703376	vigionamento
20076	-12.703376	waardigheid
20077	-12.703376	سکتی
20078	-12.703376	هذه
20079	-12.703376	پہلا
20080	-12.703376	کھلاڑی
20081	-12.703376	एल्बम
20082	-12.703376	छोटी
20083	-12.703376	ज्योति
20084	-12.703376	न्यूयॉर्क
20085	-12.703376	पारंपरिक
20086	-12.703376	पाहिलं
20087	-12.703376	लगभग
20088	-12.703376	वरुण
20089	-12.703376	श्रेया
20090	-12.703376	অরিন্দম
20091	-12.703376	গুরুত্বপূর্ণ
20092	-12.703376	জন্ম
20093	-12.703376	মৌমিতা
20094	-12.703376	ਐੱਫ
20095	-12.703376	ਜਿਨ੍ਹਾਂ
20096	-12.703376	ਪ੍ਰਾਪਤ
20097	-12.703376	ਸ਼੍ਰੇਣੀਬੱਧ
20098	-12.703376	અન્ય
20099	-12.703376	પ્રખ્યાત
20100	-12.703376	இங்கிலாந்த
20101	-12.703376	கீழே
20102	-12.703376	குறுகிய
20103	-12.703376	சதவீத
20104	-12.703376	முதலில்
20105	-12.703376	నిర్ణయించ
20106	-12.703376	రచయిత
20107	-12.703376	శిక్షణ
20108	-12.703376	ాల్సిన
20109	-12.703376	ಒದಗಿಸಲಾದ
20110	-12.703376	ವರ್ಗೀಕರಿಸಿ
20111	-12.703376	ಹೌಸ್
20112	-12.703376	ആരായിരുന്നു
20113	-12.703377	admitted
20114	-12.703377	brittany
20115	-12.703377	chocolate
20116	-12.703377	clarify
20117	-12.703377	devrions
20118	-12.703377	erlebnis
20119	-12.703377	exploración
20120	-12.703377	glucose
20121	-12.703377	nutrient
20122	-12.703377	producción
20123	-12.703377	realizzare
20124	-12.703377	बांध
20125	-12.703377	लेखक
20126	-12.703377	পাখি
20127	-12.703377	જીવન
20128	-12.703377	சுருக்கமாக
20129	-12.703377	తయారీ
20130	-12.703377	నమూనా
20131	-12.703377	ಯಾಸ್ಕೆಟ್ಬಾಲ್
20132	-12.703377	കണ്ടെത്ത
20133	-12.703378	cksichtigung
20134	-12.703378	nanciamiento
20135	-12.703378	sostenere
20136	-12.703379	nettoyage
20137	-12.703379	vancouver
20138	-12.703380	adeguata
20139	-12.703380	aragón
20140	-12.703380	gioielli
20141	-12.703380	সিরিজ
20142	-12.703381	gespannt
20143	-12.703382	asistente
20144	-12.703382	வெளியே
20145	-12.703383	bonsái
20146	-12.703383	häufig
20147	-12.703383	versterken
20148	-12.703383	చైనా
20149	-12.703384	chartered
20150	-12.703384	গ্রাম
20151	-12.703386	ferrovia
20152	-12.703386	vorbereiten
20153	-12.703387	gesloten
20154	-12.703387	statistik
20155	-12.703387	జన్మించారు
20156	-12.703387	ഉള്ള
20157	-12.703390	વાદ્ય
20158	-12.703391	instalación
20159	-12.703391	similaire
20160	-12.703394	geliefert
20161	-12.703398	ਕਿਸਮਾਂ
20162	-12.703398	സിനിമ
20163	-12.703401	categoriz
20164	-12.703402	అడుగు
20165	-12.703406	வழங்கவும்
20166	-12.703413	ಎಲ್ಲಿದೆ
20167	-12.703417	nicholas
20168	-12.703421	endeavor
20169	-12.703422	gezogen
20170	-12.703430	gallery
20171	-12.703431	bayern
20172	-12.703433	negozio
20173	-12.703438	ડેટા
20174	-12.703444	immediato
20175	-12.703451	સાધન
20176	-12.703459	ಬರೆದ
20177	-12.703473	torneo
20178	-12.703477	तकनीक
20179	-12.703486	sottolinea
20180	-12.703492	limpia
20181	-12.703493	ketika
20182	-12.703500	condurre
20183	-12.703501	உரையின்
20184	-12.703502	urbain
20185	-12.703503	ögon
20186	-12.703505	viernes
20187	-12.703509	இடங்கள்
20188	-12.703517	schrieb
20189	-12.703518	sonstige
20190	-12.703526	എഫ്
20191	-12.703531	আরও
20192	-12.703532	violazioni
20193	-12.703585	saperne
20194	-12.703608	rapeutische
20195	-12.703612	প্রায়
20196	-12.703648	gefallen
20197	-12.703663	contattarti
20198	-12.703679	মাত্র
20199	-12.703685	સારી
20200	-12.703687	કરવાની
20201	-12.703693	வழக்க
20202	-12.703695	جگہ
20203	-12.703772	hoppas
20204	-12.703779	ascolta
20205	-12.703783	inspectie
20206	-12.703793	kredietscore
20207	-12.703794	സിലെ
20208	-12.703807	મારા
20209	-12.703814	hydrat
20210	-12.703825	গণ
20211	-12.703872	défaut
20212	-12.703954	echnologieën
20213	-12.703970	nessuno
20214	-12.703983	anjing
20215	-12.704057	indossa
20216	-12.704309	ాలనుకుంటున్న
20217	-12.704373	refleja
20218	-12.704612	maximale
20219	-12.704743	israel
20220	-12.704965	കളുണ്ട്
20221	-12.705642	spent
20222	-12.706021	തിനാൽ
20223	-12.706427	aliyah
20224	-12.706646	presencia
20225	-12.707001	separate
20226	-12.708576	ಯೋಗ
20227	-12.708832	నగరంలో
20228	-12.709117	procesado
20229	-12.709892	respectful
20230	-12.710191	ിരിക്കുന്നത്
20231	-12.712557	צי
20232	-12.712820	ിലുള്ള
20233	-12.713061	پانی
20234	-12.713219	convalida
20235	-12.714021	negocio
20236	-12.716577	செய்யப்பட்ட
20237	-12.717155	పంపించ
20238	-12.717975	étend
20239	-12.718108	ntinuierlich
20240	-12.720947	ஆல்ப
20241	-12.721841	ियम
20242	-12.723810	window
20243	-12.724206	verander
20244	-12.726410	лось
20245	-12.727033	esitate
20246	-12.727481	klären
20247	-12.728110	ாகவும்
20248	-12.728520	nachfrage
20249	-12.728930	அல்ல
20250	-12.728993	பிறந்த
20251	-12.729012	வேறு
20252	-12.729016	ఛాంపియన్షిప్
20253	-12.729017	achtsamkeit
20254	-12.729017	aggiuntivi
20255	-12.729017	aktieägar
20256	-12.729017	appassionato
20257	-12.729017	bénéfique
20258	-12.729017	controversia
20259	-12.729017	derpädagogik
20260	-12.729017	executing
20261	-12.729017	gerçekten
20262	-12.729017	gottlieb
20263	-12.729017	immunization
20264	-12.729017	infectious
20265	-12.729017	inteligencia
20266	-12.729017	intrusion
20267	-12.729017	iscellaneous
20268	-12.729017	kombination
20269	-12.729017	konuşma
20270	-12.729017	málaga
20271	-12.729017	piattaforme
20272	-12.729017	popolazione
20273	-12.729017	riflessioni
20274	-12.729017	récupérer
20275	-12.729017	statistical
20276	-12.729017	succursale
20277	-12.729017	téléphonique
20278	-12.729017	válido
20279	-12.729017	wilkinson
20280	-12.729017	åtgärder
20281	-12.729017	думаю
20282	-12.729017	درمیان
20283	-12.729017	لکھیں
20284	-12.729017	अमेरिकन
20285	-12.729017	उपहार
20286	-12.729017	कोशिश
20287	-12.729017	जॉर्ज
20288	-12.729017	रिपोर्ट
20289	-12.729017	सामाजिक
20290	-12.729017	অমিত
20291	-12.729017	ব্যবহৃত
20292	-12.729017	সাহায্য
20293	-12.729017	ਐੱਨ
20294	-12.729017	ਤਿੰਨ
20295	-12.729017	ਤੁਹਾਡੇ
20296	-12.729017	ਰਾਸ਼ਟਰੀ
20297	-12.729017	ਵੱਡਾ
20298	-12.729017	ਹਿੱਸੇ
20299	-12.729017	બિલાડી
20300	-12.729017	સમાવેશ
20301	-12.729017	இறுதி
20302	-12.729017	குளிர்
20303	-12.729017	சாப்பிட
20304	-12.729017	நிகழ்ச்சி
20305	-12.729017	மின்சார
20306	-12.729017	யோசனை
20307	-12.729017	అవార్డు
20308	-12.729017	ఏళ్ల
20309	-12.729017	చెల్లించ
20310	-12.729017	తనిఖీ
20311	-12.729017	పిల్లి
20312	-12.729017	బాస్కెట్బాల్
20313	-12.729017	సమస్య
20314	-12.729018	erkrankung
20315	-12.729018	stiedemann
20316	-12.729018	vielfalt
20317	-12.729018	காற்புள்ளிய
20318	-12.729018	పాయింట్
20319	-12.729018	ತಂತ್ರ
20320	-12.729018	അവസാന
20321	-12.729018	ഉണ്ടാക്ക
20322	-12.729019	kleidung
20323	-12.729019	plezier
20324	-12.729019	regulatorio
20325	-12.729019	राकेश
20326	-12.729021	déchets
20327	-12.729021	déclare
20328	-12.729021	riportati
20329	-12.729022	practicing
20330	-12.729023	mottagare
20331	-12.729024	malattia
20332	-12.729024	modifier
20333	-12.729025	infirmière
20334	-12.729026	défense
20335	-12.729026	innovación
20336	-12.729026	منزل
20337	-12.729027	acquistato
20338	-12.729027	zweitadresse
20339	-12.729028	fontaine
20340	-12.729029	definizione
20341	-12.729029	ਬਣਾਉਣ
20342	-12.729029	பத்தியைக்
20343	-12.729031	couture
20344	-12.729033	conosciuto
20345	-12.729034	precoce
20346	-12.729035	universiteit
20347	-12.729037	schwarz
20348	-12.729038	nuttig
20349	-12.729039	samantha
20350	-12.729040	boîte
20351	-12.729041	angepasst
20352	-12.729043	కార్డు
20353	-12.729046	fotografie
20354	-12.729049	abbott
20355	-12.729057	anzugeben
20356	-12.729057	voldoet
20357	-12.729059	ലിസ്റ്റ്
20358	-12.729061	reliance
20359	-12.729063	aanpassing
20360	-12.729064	माझ्याकडे
20361	-12.729064	பூமி
20362	-12.729066	supervisión
20363	-12.729067	gevaar
20364	-12.729070	సందేశం
20365	-12.729071	amenities
20366	-12.729071	হওয়ার
20367	-12.729077	parliamo
20368	-12.729079	thrift
20369	-12.729079	అంశాలను
20370	-12.729085	clothes
20371	-12.729090	ispezione
20372	-12.729090	sebagb
20373	-12.729091	दीपक
20374	-12.729092	ಬಳಸುವ
20375	-12.729100	எங்கு
20376	-12.729107	virtud
20377	-12.729112	ಮೊದಲು
20378	-12.729117	भूमि
20379	-12.729120	வார்த்தைகள்
20380	-12.729134	mapping
20381	-12.729159	oxford
20382	-12.729159	ఉన్నాము
20383	-12.729161	ricordi
20384	-12.729167	כך
20385	-12.729174	રીતો
20386	-12.729188	belastet
20387	-12.729196	verhaal
20388	-12.729213	viktig
20389	-12.729225	inclusión
20390	-12.729231	blessure
20391	-12.729232	vorsorge
20392	-12.729250	pessoa
20393	-12.729254	ஸ்டார்
20394	-12.729257	सरकार
20395	-12.729260	unirme
20396	-12.729271	enfrenta
20397	-12.729286	madison
20398	-12.729302	стро
20399	-12.729307	ospite
20400	-12.729318	souvent
20401	-12.729340	assistente
20402	-12.729367	faible
20403	-12.729428	ਕਿਸੇ
20404	-12.729468	ుందా
20405	-12.729471	couvre
20406	-12.729534	reagan
20407	-12.729636	چار
20408	-12.729645	ogelijkheden
20409	-12.729866	crowd
20410	-12.729881	verbeterd
20411	-12.730165	stuck
20412	-12.730200	నివాస
20413	-12.730223	artnerschaft
20414	-12.731117	limitado
20415	-12.734022	riflette
20416	-12.734039	व्यवस्था
20417	-12.734586	freud
20418	-12.734682	privé
20419	-12.736269	breath
20420	-12.736793	ரங்க
20421	-12.739059	rippin
20422	-12.739641	טוב
20423	-12.740087	rofitability
20424	-12.740438	resultado
20425	-12.741980	bravo
20426	-12.742343	gelegenheit
20427	-12.742618	ocupación
20428	-12.742623	länder
20429	-12.743026	விட்ட
20430	-12.748075	ём
20431	-12.748636	wijziging
20432	-12.748953	schmuck
20433	-12.749260	risponde
20434	-12.749285	malfunction
20435	-12.749645	അറിയപ്പെട
20436	-12.749773	ಇಷ್ಟ
20437	-12.749834	koordinate
20438	-12.749954	inmediata
20439	-12.749999	গাছ
20440	-12.750278	പ്പെടുത്ത
20441	-12.750978	ப்பாக
20442	-12.754162	cuerda
20443	-12.755155	जर्मन
20444	-12.755269	ફકરા
20445	-12.755278	अजून
20446	-12.755332	ণ্ড
20447	-12.755332	দক্ষিণ
20448	-12.755332	সূর্য
20449	-12.755332	ಕೆಲಸ
20450	-12.755332	ചൈന
20451	-12.755333	adquisición
20452	-12.755333	asturias
20453	-12.755333	barclays
20454	-12.755333	comprometido
20455	-12.755333	consumenten
20456	-12.755333	diplôme
20457	-12.755333	erwähnt
20458	-12.755333	exemplaire
20459	-12.755333	expedition
20460	-12.755333	gouvernement
20461	-12.755333	hackathon
20462	-12.755333	membantu
20463	-12.755333	ontvangst
20464	-12.755333	pacchetto
20465	-12.755333	persuasion
20466	-12.755333	prévoyons
20467	-12.755333	rápido
20468	-12.755333	singulier
20469	-12.755333	tijdstempel
20470	-12.755333	timmigkeiten
20471	-12.755333	understood
20472	-12.755333	utveckling
20473	-12.755333	voluntariado
20474	-12.755333	ytterligare
20475	-12.755333	ziekenhuis
20476	-12.755333	больше
20477	-12.755333	بڑا
20478	-12.755333	دوران
20479	-12.755333	شخص
20480	-12.755333	پکارکشن
20481	-12.755333	आयोजन
20482	-12.755333	डॉक्टर
20483	-12.755333	ण्याचा
20484	-12.755333	पदार्थ
20485	-12.755333	मुळे
20486	-12.755333	यूरोप
20487	-12.755333	वर्तमान
20488	-12.755333	संगठन
20489	-12.755333	सायकल
20490	-12.755333	स्वास्थ्य
20491	-12.755333	हमेशा
20492	-12.755333	हिस्सा
20493	-12.755333	উদ্ভ
20494	-12.755333	এখানে
20495	-12.755333	কিন্তু
20496	-12.755333	তিনটি
20497	-12.755333	যিনি
20498	-12.755333	ਆਪਣੀ
20499	-12.755333	પસંદ
20500	-12.755333	પૂર્વ
20501	-12.755333	શરૂ
20502	-12.755333	கரடி
20503	-12.755333	குறிக்கிறது
20504	-12.755333	பாறை
20505	-12.755333	விடுமுறை
20506	-12.755333	అభిప్రాయ
20507	-12.755333	గెలుచుకుంది
20508	-12.755333	గోల్ఫ్
20509	-12.755333	ప్రదర్శించ
20510	-12.755333	ఫ్రాన్సిస్కో
20511	-12.755333	సభ్యుల
20512	-12.755333	ವಿವರಿಸಿ
20513	-12.755334	fotografia
20514	-12.755334	scrittura
20515	-12.755334	spaziale
20516	-12.755334	मुकेश
20517	-12.755334	துறை
20518	-12.755334	వృత్త
20519	-12.755334	ಮಧ್ಯ
20520	-12.755335	automatique
20521	-12.755335	onderstaande
20522	-12.755335	tentativo
20523	-12.755336	stagiaire
20524	-12.755336	ಪಾರ್ಕ್
20525	-12.755337	logistique
20526	-12.755337	étaient
20527	-12.755338	consignment
20528	-12.755338	cuándo
20529	-12.755338	jesteś
20530	-12.755339	accueil
20531	-12.755340	abogada
20532	-12.755340	exitosa
20533	-12.755340	ప్లాన్
20534	-12.755345	caught
20535	-12.755347	inviarci
20536	-12.755348	citoyen
20537	-12.755349	aventura
20538	-12.755349	elaborazione
20539	-12.755354	вечер
20540	-12.755356	riportato
20541	-12.755357	അമേരിക്കയിലെ
20542	-12.755358	entrance
20543	-12.755362	લખાણમાંથી
20544	-12.755366	చెందింది
20545	-12.755367	ുടെ
20546	-12.755370	entspricht
20547	-12.755372	ਪਾਰਕ
20548	-12.755381	বয়স
20549	-12.755385	никогда
20550	-12.755386	aanwezigheid
20551	-12.755390	இருந்தார்
20552	-12.755392	arbeitsplatz
20553	-12.755396	emozioni
20554	-12.755403	marlowe
20555	-12.755407	urbanización
20556	-12.755409	lausanne
20557	-12.755416	પ્રતિ
20558	-12.755418	précision
20559	-12.755427	ransparencia
20560	-12.755429	ಕಿಂಗ್
20561	-12.755430	எதை
20562	-12.755432	വിജയ
20563	-12.755442	lebensmittel
20564	-12.755444	förstå
20565	-12.755447	musique
20566	-12.755466	martín
20567	-12.755474	માત્ર
20568	-12.755509	його
20569	-12.755513	स्थल
20570	-12.755519	உரையில்
20571	-12.755535	రాజు
20572	-12.755537	பாடல்
20573	-12.755555	entiendo
20574	-12.755575	kreditkort
20575	-12.755583	voogd
20576	-12.755606	பந்து
20577	-12.755614	खरीदा
20578	-12.755620	respeto
20579	-12.755642	tentang
20580	-12.755658	अंत
20581	-12.755700	incluido
20582	-12.755716	regelungen
20583	-12.755728	ಪೈ
20584	-12.755742	ിനും
20585	-12.755804	wheat
20586	-12.755877	jeugd
20587	-12.755907	tytraderole
20588	-12.756053	doubt
20589	-12.756158	terrasse
20590	-12.756763	जहाज
20591	-12.757609	எழுதிய
20592	-12.757615	bindung
20593	-12.757635	hessel
20594	-12.759354	nthiran
20595	-12.762057	ofessionisti
20596	-12.762138	enbezogene
20597	-12.764249	స్తున్నారు
20598	-12.765124	್ಯಾಕ್
20599	-12.766428	лись
20600	-12.767389	र्व
20601	-12.767997	structural
20602	-12.768684	రాష్ట్రాల
20603	-12.769104	ається
20604	-12.770213	களையும்
20605	-12.770328	ಬಾರಿ
20606	-12.770330	criteri
20607	-12.770638	شدہ
20608	-12.772391	ував
20609	-12.773241	പ്പെടുന്നു
20610	-12.774594	aratnam
20611	-12.775064	docrinologie
20612	-12.775367	rispetti
20613	-12.775700	দ্র
20614	-12.775971	ిస్తాయి
20615	-12.778150	ముఖ్య
20616	-12.780158	ಆಗಿ
20617	-12.781020	ுவதற்கான
20618	-12.781298	unabhängig
20619	-12.782327	रचना
20620	-12.782359	ঘোষ
20621	-12.782359	ಕುಟುಂಬ
20622	-12.782360	abschnitt
20623	-12.782360	afspraken
20624	-12.782360	beobachtet
20625	-12.782360	bezeichnet
20626	-12.782360	contingency
20627	-12.782360	deutdeff
20628	-12.782360	ekonomisk
20629	-12.782360	ermutigen
20630	-12.782360	essaggistica
20631	-12.782360	geholpen
20632	-12.782360	initiatief
20633	-12.782360	obligatoire
20634	-12.782360	panoramica
20635	-12.782360	pediatrische
20636	-12.782360	película
20637	-12.782360	runolfsson
20638	-12.782360	supposed
20639	-12.782360	terapéutica
20640	-12.782360	wedstrijd
20641	-12.782360	zabardast
20642	-12.782360	сделать
20643	-12.782360	французькою
20644	-12.782360	تلك
20645	-12.782360	अध्ययन
20646	-12.782360	अरुण
20647	-12.782360	कंप्यूटर
20648	-12.782360	पंजीकरण
20649	-12.782360	पुन्हा
20650	-12.782360	मनुष्य
20651	-12.782360	উচ্চ
20652	-12.782360	ক্ষেত্রে
20653	-12.782360	দ্যোপাধ্যায়
20654	-12.782360	সুবিধা
20655	-12.782360	ਕਿਤਾਬ
20656	-12.782360	ઉત્પાદન
20657	-12.782360	ખેલાડી
20658	-12.782360	વર્ગીકૃત
20659	-12.782360	தற்போதைய
20660	-12.782360	நீண்ட
20661	-12.782360	ఉన్నాయా
20662	-12.782360	ఎపిసోడ్
20663	-12.782360	ఏదైనా
20664	-12.782360	మహిళ
20665	-12.782360	విధాన
20666	-12.782360	ಸೂರ್ಯನ
20667	-12.782360	െങ്കിലും
20668	-12.782361	algemene
20669	-12.782361	autorizzo
20670	-12.782361	eingeladen
20671	-12.782361	fantasy
20672	-12.782361	giuseppe
20673	-12.782361	preziose
20674	-12.782361	santiago
20675	-12.782361	scriviamo
20676	-12.782361	speciaal
20677	-12.782361	spoedig
20678	-12.782361	zulassung
20679	-12.782362	schaffung
20680	-12.782362	vertrieb
20681	-12.782363	eingerichtet
20682	-12.782363	schimmel
20683	-12.782364	klicken
20684	-12.782364	ઉત્તર
20685	-12.782365	goedendag
20686	-12.782366	dioxide
20687	-12.782366	संस्थापक
20688	-12.782368	creativa
20689	-12.782368	tenidamente
20690	-12.782368	ਗੀਤ
20691	-12.782369	contattateci
20692	-12.782369	renuncia
20693	-12.782370	convenio
20694	-12.782371	ਸੂਰਜ
20695	-12.782372	വഴികൾ
20696	-12.782374	fachleute
20697	-12.782375	caregiver
20698	-12.782379	pouvoir
20699	-12.782380	brandenburg
20700	-12.782381	grundstück
20701	-12.782382	শিশু
20702	-12.782383	করবেন
20703	-12.782388	respektvoll
20704	-12.782391	poiché
20705	-12.782392	നടത്ത
20706	-12.782393	wagner
20707	-12.782395	medikation
20708	-12.782396	coinvolgente
20709	-12.782397	ओळखा
20710	-12.782398	스어를
20711	-12.782404	ఫోటో
20712	-12.782404	హెచ్
20713	-12.782405	spesso
20714	-12.782407	genderqueer
20715	-12.782413	permanent
20716	-12.782417	engagé
20717	-12.782417	કર્યું
20718	-12.782418	ઝડપ
20719	-12.782419	anonymized
20720	-12.782424	bewusstsein
20721	-12.782424	ీకరణ
20722	-12.782426	ਤਿਆਰ
20723	-12.782434	eigenaar
20724	-12.782434	klopt
20725	-12.782435	mensili
20726	-12.782450	fellow
20727	-12.782451	சேவை
20728	-12.782453	johnston
20729	-12.782455	northern
20730	-12.782468	risposte
20731	-12.782472	த்திலிருந்து
20732	-12.782473	वर्षीय
20733	-12.782495	emmerich
20734	-12.782495	estimation
20735	-12.782500	countries
20736	-12.782513	berdiri
20737	-12.782517	മാക്കി
20738	-12.782526	secretaria
20739	-12.782528	consumo
20740	-12.782534	ोल्ड
20741	-12.782534	করণ
20742	-12.782539	vederti
20743	-12.782548	impostazioni
20744	-12.782550	destacados
20745	-12.782562	tôt
20746	-12.782567	divulgation
20747	-12.782577	ಮೂಲಕ
20748	-12.782590	தேதி
20749	-12.782600	syfte
20750	-12.782610	fluctu
20751	-12.782655	த்தால்
20752	-12.782691	હુ
20753	-12.782729	bäck
20754	-12.782743	livelli
20755	-12.782787	elevato
20756	-12.782798	visitors
20757	-12.782818	रखता
20758	-12.782940	produktion
20759	-12.782990	deutlich
20760	-12.783069	risposto
20761	-12.783241	clusivamente
20762	-12.784254	antoine
20763	-12.784989	वर्ण
20764	-12.785463	lijkheden
20765	-12.786353	collaborator
20766	-12.788116	розум
20767	-12.788253	abilir
20768	-12.790580	ದವರು
20769	-12.792611	psychoanalys
20770	-12.794496	அழைக்க
20771	-12.794638	ജനപ്രിയ
20772	-12.795033	endorsement
20773	-12.795209	cionado
20774	-12.797723	rückerstatt
20775	-12.798019	anstaltungen
20776	-12.799967	जापान
20777	-12.800452	ದಾರ
20778	-12.803080	farmaco
20779	-12.803501	übung
20780	-12.803994	పంచ
20781	-12.807498	मूल्य
20782	-12.808768	ുന്നതിന്
20783	-12.809422	annunci
20784	-12.809896	gebrauch
20785	-12.809993	opdracht
20786	-12.810069	sélection
20787	-12.810114	ഉപകരണ
20788	-12.810115	mäßig
20789	-12.810126	apprécie
20790	-12.810130	तौर
20791	-12.810137	કંપની
20792	-12.810137	கனடா
20793	-12.810137	சுதந்திர
20794	-12.810137	ശാസ്ത്ര
20795	-12.810138	appuntamenti
20796	-12.810138	badajoz
20797	-12.810138	bagaimana
20798	-12.810138	calendrier
20799	-12.810138	chaîne
20800	-12.810138	conducendo
20801	-12.810138	critères
20802	-12.810138	financiën
20803	-12.810138	fortalecer
20804	-12.810138	geriatrische
20805	-12.810138	giocatori
20806	-12.810138	hypotheek
20807	-12.810138	increíble
20808	-12.810138	incroyable
20809	-12.810138	menggunakan
20810	-12.810138	parcheggio
20811	-12.810138	pájaros
20812	-12.810138	recibí
20813	-12.810138	riproduttiva
20814	-12.810138	récupération
20815	-12.810138	stylish
20816	-12.810138	tecnológica
20817	-12.810138	tessitura
20818	-12.810138	treffpunkt
20819	-12.810138	wahrnehmung
20820	-12.810138	zorgverlener
20821	-12.810138	äußerst
20822	-12.810138	échantillon
20823	-12.810138	équilibre
20824	-12.810138	تعلق
20825	-12.810138	سیریز
20826	-12.810138	طریقہ
20827	-12.810138	مطلب
20828	-12.810138	ग्राहक
20829	-12.810138	छोटा
20830	-12.810138	पुराने
20831	-12.810138	पौधे
20832	-12.810138	प्रयत्न
20833	-12.810138	मतदान
20834	-12.810138	लग्न
20835	-12.810138	জাতীয়
20836	-12.810138	তালিকাভুক্ত
20837	-12.810138	বর্তমান
20838	-12.810138	ভ্রমণ
20839	-12.810138	শ্রেণীবদ্ধ
20840	-12.810138	ਉਤਪਾਦ
20841	-12.810138	ਖਿਡਾਰੀ
20842	-12.810138	ਜਿੱਥੇ
20843	-12.810138	ਸਬੰਧ
20844	-12.810138	ਸਿੱਧੂ
20845	-12.810138	ਸੈਨ
20846	-12.810138	ਸੰਧੂ
20847	-12.810138	તમામ
20848	-12.810138	ત્રિવેદી
20849	-12.810138	પવન
20850	-12.810138	கோல்ஃப்
20851	-12.810138	பேரரச
20852	-12.810138	ఉంటే
20853	-12.810138	కంప్యూటర్
20854	-12.810138	గ్రూప్
20855	-12.810138	చెల్లింపు
20856	-12.810138	ఫలితాల
20857	-12.810138	బుల్లెటెడ్
20858	-12.810138	బ్రిటిష్
20859	-12.810138	వెలికితీయండి
20860	-12.810138	సెలవు
20861	-12.810138	స్ట్రింగ్
20862	-12.810138	ಇತಿಹಾಸ
20863	-12.810138	ಒಳ್ಳೆಯ
20864	-12.810138	ಕೇಂದ್ರ
20865	-12.810138	ರಾಜಧಾನಿ
20866	-12.810138	ಸಮುದ್ರ
20867	-12.810138	സംഭവിച്ച
20868	-12.810138	സാധാരണ
20869	-12.810139	engagiert
20870	-12.810139	gevaarlijke
20871	-12.810139	kämpf
20872	-12.810139	mazedaar
20873	-12.810139	renouvelable
20874	-12.810139	révèle
20875	-12.810139	veerkracht
20876	-12.810139	verschoben
20877	-12.810139	volontaire
20878	-12.810139	wisselen
20879	-12.810139	تحدث
20880	-12.810140	mémoire
20881	-12.810140	toevoegen
20882	-12.810141	incrocio
20883	-12.810141	vertreter
20884	-12.810141	voedsel
20885	-12.810141	પાયલ
20886	-12.810142	folklore
20887	-12.810142	hampshire
20888	-12.810142	penalty
20889	-12.810142	vervaldatum
20890	-12.810142	zarurat
20891	-12.810142	அளவு
20892	-12.810145	lindgren
20893	-12.810145	préparé
20894	-12.810146	creativo
20895	-12.810146	initiating
20896	-12.810147	कार्यालय
20897	-12.810148	களும்
20898	-12.810149	rápida
20899	-12.810149	situaciones
20900	-12.810151	bewerber
20901	-12.810151	catherine
20902	-12.810151	significatif
20903	-12.810152	écriture
20904	-12.810153	fornirti
20905	-12.810157	vecinos
20906	-12.810159	émotions
20907	-12.810160	revolutioniz
20908	-12.810167	fråga
20909	-12.810174	फोटो
20910	-12.810175	economy
20911	-12.810176	тобі
20912	-12.810181	poésie
20913	-12.810181	prossime
20914	-12.810181	représentée
20915	-12.810181	verlopen
20916	-12.810181	प्रवास
20917	-12.810183	बाजार
20918	-12.810184	수도
20919	-12.810197	బడ్డ
20920	-12.810200	ਵਿਚਾਰ
20921	-12.810205	wertpapier
20922	-12.810206	chalega
20923	-12.810229	mùa
20924	-12.810229	sinistre
20925	-12.810231	प्रकाशित
20926	-12.810233	ത്തിൻ്റെ
20927	-12.810235	peaceful
20928	-12.810237	obligaciones
20929	-12.810251	بدأ
20930	-12.810254	château
20931	-12.810266	applique
20932	-12.810268	పౌర
20933	-12.810273	просто
20934	-12.810284	भरें
20935	-12.810289	если
20936	-12.810289	बद्दलचा
20937	-12.810290	একটা
20938	-12.810291	fuori
20939	-12.810304	நபர்
20940	-12.810313	finalización
20941	-12.810348	standardizza
20942	-12.810356	rocesamiento
20943	-12.810377	larsson
20944	-12.810967	nexus
20945	-12.811267	spiegel
20946	-12.811428	erkannt
20947	-12.812201	relazioni
20948	-12.812637	itergeleitet
20949	-12.812806	ನಿರ್ಮಿಸ
20950	-12.814648	చర్చ
20951	-12.815413	കളിക്കാര
20952	-12.816539	vecchia
20953	-12.817739	insect
20954	-12.819120	intention
20955	-12.819802	друг
20956	-12.823107	égalité
20957	-12.823975	nazionale
20958	-12.825145	specifiek
20959	-12.825871	universit
20960	-12.827298	வாகன
20961	-12.827519	scritta
20962	-12.829235	ചിത്ര
20963	-12.829544	ിനായി
20964	-12.832016	empfehlung
20965	-12.833381	கணக்க
20966	-12.833903	krypto
20967	-12.834283	দ্ব
20968	-12.835185	personnalis
20969	-12.835758	ontamination
20970	-12.835978	zeuge
20971	-12.836075	தொடர
20972	-12.837383	counsel
20973	-12.838638	చర్చి
20974	-12.838647	செயல்பட
20975	-12.838685	జంతు
20976	-12.838705	absolut
20977	-12.838708	स्वयं
20978	-12.838709	accommodate
20979	-12.838709	autenticidad
20980	-12.838709	bedömning
20981	-12.838709	buckridge
20982	-12.838709	conferentie
20983	-12.838709	consumidor
20984	-12.838709	córdoba
20985	-12.838709	discutons
20986	-12.838709	dovremmo
20987	-12.838709	económico
20988	-12.838709	eingegangen
20989	-12.838709	fournissez
20990	-12.838709	geholfen
20991	-12.838709	ingegneria
20992	-12.838709	ingénieur
20993	-12.838709	intitulé
20994	-12.838709	język
20995	-12.838709	mercancía
20996	-12.838709	optimieren
20997	-12.838709	orthopedic
20998	-12.838709	percepción
20999	-12.838709	resiliencia
21000	-12.838709	rilevanti
21001	-12.838709	rilevata
21002	-12.838709	référer
21003	-12.838709	ticolarmente
21004	-12.838709	verzekeraar
21005	-12.838709	énergétique
21006	-12.838709	ücksichtigen
21007	-12.838709	زندگی
21008	-12.838709	پھل
21009	-12.838709	आधुनिक
21010	-12.838709	डिजाइन
21011	-12.838709	दिनेश
21012	-12.838709	दिल्यास
21013	-12.838709	दिव्या
21014	-12.838709	देखभाल
21015	-12.838709	पेशेवर
21016	-12.838709	मैक
21017	-12.838709	मोमबत्ती
21018	-12.838709	वृत्त
21019	-12.838709	शर्मा
21020	-12.838709	समस्या
21021	-12.838709	सीज़न
21022	-12.838709	सुनीता
21023	-12.838709	জায়গা
21024	-12.838709	পৌলমী
21025	-12.838709	বিখ্যাত
21026	-12.838709	বৃদ্ধি
21027	-12.838709	মাধ্যম
21028	-12.838709	ਕੱਢੋ
21029	-12.838709	ਮਹੱਤਵਪੂਰਨ
21030	-12.838709	ਸੀਜ਼ਨ
21031	-12.838709	કયું
21032	-12.838709	જીવંત
21033	-12.838709	ஆப்பிள்
21034	-12.838709	கலைஞர்
21035	-12.838709	தோட்ட
21036	-12.838709	பிரெஞ்சு
21037	-12.838709	பிறகு
21038	-12.838709	అక్షర
21039	-12.838709	చికాగో
21040	-12.838709	నారింజ
21041	-12.838709	పిల్లుల
21042	-12.838709	ప్రజాదరణ
21043	-12.838709	ಫೋನ್
21044	-12.838709	ಬೆಕ್ಕು
21045	-12.838710	fermieristic
21046	-12.838710	flevoland
21047	-12.838710	microsoft
21048	-12.838710	neuigkeiten
21049	-12.838710	rembourser
21050	-12.838710	simulatie
21051	-12.838710	succeed
21052	-12.838710	रहना
21053	-12.838710	सलाह
21054	-12.838710	পুরস্কার
21055	-12.838710	বোর্ড
21056	-12.838710	ਕੰਪਨੀ
21057	-12.838710	ਪਹਿਲੀ
21058	-12.838710	ఆపిల్
21059	-12.838710	గుర్తు
21060	-12.838711	kautzer
21061	-12.838711	partenariat
21062	-12.838711	ಸ್ಥಾನ
21063	-12.838712	religion
21064	-12.838712	только
21065	-12.838713	worthiness
21066	-12.838714	inscribir
21067	-12.838714	memorable
21068	-12.838714	ವಿಮಾನ
21069	-12.838715	పోర్ట్
21070	-12.838716	continent
21071	-12.838716	immersive
21072	-12.838716	instagram
21073	-12.838716	valioso
21074	-12.838716	केवल
21075	-12.838717	qualitativ
21076	-12.838717	rekommendera
21077	-12.838717	limpieza
21078	-12.838718	gatuadress
21079	-12.838720	పాల్గొన్న
21080	-12.838722	संग्रहालय
21081	-12.838727	تعلم
21082	-12.838732	asignación
21083	-12.838732	chakkar
21084	-12.838732	probieren
21085	-12.838732	कॉलेज
21086	-12.838734	simpson
21087	-12.838736	niisinr
21088	-12.838738	injured
21089	-12.838738	mohamed
21090	-12.838744	lavoratore
21091	-12.838758	jayenge
21092	-12.838758	్గీకరించండిః
21093	-12.838758	பூமியில்
21094	-12.838760	ஆகிய
21095	-12.838761	మరణించ
21096	-12.838767	shelter
21097	-12.838776	attractive
21098	-12.838784	influir
21099	-12.838789	சுற்று
21100	-12.838803	చేస్తున్నారు
21101	-12.838822	హాకీ
21102	-12.838847	पाणी
21103	-12.838849	свои
21104	-12.838860	ساعد
21105	-12.838871	والد
21106	-12.838873	hpbn
21107	-12.838876	kiehn
21108	-12.838881	prioriteit
21109	-12.838913	geschikt
21110	-12.838929	ದೂರ
21111	-12.838938	generous
21112	-12.838946	lombard
21113	-12.838958	annuo
21114	-12.838968	denominato
21115	-12.838993	চীন
21116	-12.839046	rdnungsgemäß
21117	-12.839106	invertir
21118	-12.839158	പറയ
21119	-12.839174	absorb
21120	-12.839215	übereinstimm
21121	-12.839398	ıdır
21122	-12.839635	ibilità
21123	-12.839850	చేశా
21124	-12.840146	anstehende
21125	-12.840981	వలస
21126	-12.841625	chnologische
21127	-12.842747	சொல்ல
21128	-12.842992	आवाज
21129	-12.843393	ಹೆಸರಿಸಿ
21130	-12.845956	livro
21131	-12.848400	যাওয়া
21132	-12.849484	otorga
21133	-12.850122	cionales
21134	-12.850698	rnacionales
21135	-12.850704	সংস্থা
21136	-12.851017	direccion
21137	-12.851333	pubblicazion
21138	-12.852771	వంటకాల
21139	-12.854314	జట్ల
21140	-12.855651	ग्राफ
21141	-12.855969	తీసుకోవ
21142	-12.856318	видел
21143	-12.856354	ccessibilità
21144	-12.856437	yptowährungs
21145	-12.860485	laboratori
21146	-12.862076	கருத
21147	-12.863120	निर्
21148	-12.864652	ப்பட்டுள்ள
21149	-12.867553	schlecht
21150	-12.868048	வார்த்தை
21151	-12.868081	fehlen
21152	-12.868120	ਵਿਸ਼ੇਸ਼
21153	-12.868120	இசைக்குழு
21154	-12.868120	பொருளாதார
21155	-12.868120	ధృవీకరించ
21156	-12.868120	వాస్తవ
21157	-12.868121	achieving
21158	-12.868121	aggiuntiva
21159	-12.868121	aggregate
21160	-12.868121	agradezco
21161	-12.868121	albacete
21162	-12.868121	appassionati
21163	-12.868121	aquaponik
21164	-12.868121	arricchire
21165	-12.868121	begonnen
21166	-12.868121	beräkna
21167	-12.868121	bibliotheek
21168	-12.868121	chirurgische
21169	-12.868121	consommation
21170	-12.868121	dipendenza
21171	-12.868121	emphasizing
21172	-12.868121	entusiasmo
21173	-12.868121	erbjuder
21174	-12.868121	expediente
21175	-12.868121	feasibility
21176	-12.868121	gebeurtenis
21177	-12.868121	hinsichtlich
21178	-12.868121	independence
21179	-12.868121	linguaggio
21180	-12.868121	obblighi
21181	-12.868121	probably
21182	-12.868121	reciclaje
21183	-12.868121	redacted
21184	-12.868121	restauración
21185	-12.868121	riciclaggio
21186	-12.868121	schroeder
21187	-12.868121	substanz
21188	-12.868121	uitdagingen
21189	-12.868121	verstöße
21190	-12.868121	wirksamkeit
21191	-12.868121	éventuelle
21192	-12.868121	אנגלית
21193	-12.868121	بڑی
21194	-12.868121	سیزن
21195	-12.868121	مطابق
21196	-12.868121	مغرب
21197	-12.868121	کمپنی
21198	-12.868121	अंग्रेजी
21199	-12.868121	आशीष
21200	-12.868121	उपन्यास
21201	-12.868121	गैर
21202	-12.868121	घटक
21203	-12.868121	चांगला
21204	-12.868121	पात्र
21205	-12.868121	पैटर्न
21206	-12.868121	प्रस्तुत
21207	-12.868121	बिल्ली
21208	-12.868121	महेश
21209	-12.868121	मोहन
21210	-12.868121	विकल्प
21211	-12.868121	विश्लेषण
21212	-12.868121	গল্প
21213	-12.868121	দীর্ঘ
21214	-12.868121	দ্বিতীয়
21215	-12.868121	পুরুষ
21216	-12.868121	প্রকাশ
21217	-12.868121	বৃহত্তম
21218	-12.868121	ਐੱਸ
21219	-12.868121	ਪੱਕਰੂਸ਼ਨ
21220	-12.868121	થયું
21221	-12.868121	உடல்
21222	-12.868121	கடற்கரை
21223	-12.868121	பிரான்சிஸ்கோ
21224	-12.868121	மஞ்சள்
21225	-12.868121	மட்டுமே
21226	-12.868121	ఉత్పత్తుల
21227	-12.868121	కార్యకలాపాల
21228	-12.868121	చర్య
21229	-12.868121	తెలుగు
21230	-12.868121	నివేదిక
21231	-12.868121	మాత్రమే
21232	-12.868121	రాశారు
21233	-12.868121	వీడియో
21234	-12.868121	శైలి
21235	-12.868121	స్నేహితుల
21236	-12.868121	ಅಳಿವ
21237	-12.868121	ಗೊಂಡ
21238	-12.868121	ಜೀವಂತ
21239	-12.868121	ನ್ಯೂಯಾರ್ಕ್
21240	-12.868121	ಬೇಕಾದ
21241	-12.868121	ಮಕ್ಕಳ
21242	-12.868121	ವಿದ್ಯುತ್
21243	-12.868121	ಹಳೆಯ
21244	-12.868121	ಹೆಚ್ಚಿನ
21245	-12.868121	എൻ്റെ
21246	-12.868121	പെർകഷൻ
21247	-12.868121	വംശനാശം
21248	-12.868121	വ്യക്തി
21249	-12.868122	affiliate
21250	-12.868122	aquilone
21251	-12.868122	streitigkeit
21252	-12.868122	केव्हा
21253	-12.868122	जानते
21254	-12.868122	সর্ব
21255	-12.868122	కనుగొన్న
21256	-12.868122	ജ്ഞ
21257	-12.868123	addendum
21258	-12.868123	arbeitgeber
21259	-12.868123	bahringer
21260	-12.868123	boeiende
21261	-12.868123	gewaardeerd
21262	-12.868123	heidenreich
21263	-12.868123	impressed
21264	-12.868123	inteligente
21265	-12.868123	réalisation
21266	-12.868123	कर्ता
21267	-12.868123	জিনিস
21268	-12.868123	ಗೇಮ್
21269	-12.868125	focalizza
21270	-12.868125	pseudo
21271	-12.868125	vídeo
21272	-12.868126	verslaving
21273	-12.868127	ansioso
21274	-12.868127	polygender
21275	-12.868128	apparaten
21276	-12.868128	नृत्य
21277	-12.868129	articoli
21278	-12.868129	indonesia
21279	-12.868130	rogahn
21280	-12.868132	فضل
21281	-12.868134	وجہ
21282	-12.868134	relatif
21283	-12.868134	residuo
21284	-12.868134	ziffern
21285	-12.868136	maximize
21286	-12.868137	গিটার
21287	-12.868137	ാണെന്ന്
21288	-12.868138	lelystad
21289	-12.868138	schmerz
21290	-12.868140	േജ്
21291	-12.868141	nilsson
21292	-12.868141	సూపర్
21293	-12.868142	ಪಾತ್ರ
21294	-12.868142	ಹಣ್ಣು
21295	-12.868143	gränd
21296	-12.868146	trasporti
21297	-12.868148	சரியான
21298	-12.868149	immersion
21299	-12.868150	turnpike
21300	-12.868153	ತಿಳಿಸಿಃ
21301	-12.868154	స్టేషన్
21302	-12.868155	humaines
21303	-12.868155	zinssatz
21304	-12.868155	ఒక్కటి
21305	-12.868157	செய்வது
21306	-12.868157	పార్టీ
21307	-12.868160	cubrir
21308	-12.868160	privado
21309	-12.868167	कोणाला
21310	-12.868168	సైన్స్
21311	-12.868169	ਪੰਜ
21312	-12.868170	தொடரில்
21313	-12.868171	ెక్షన్
21314	-12.868173	পার্থ
21315	-12.868173	வடிவத்தில்
21316	-12.868183	स्थानीय
21317	-12.868183	சின்ன
21318	-12.868186	اچھا
21319	-12.868187	denuncia
21320	-12.868187	உண்மையில்
21321	-12.868189	حاصل
21322	-12.868194	telefonico
21323	-12.868194	પાણી
21324	-12.868195	পেয়ে
21325	-12.868196	könig
21326	-12.868198	anställda
21327	-12.868198	ನಡೆಯ
21328	-12.868199	பதிவு
21329	-12.868203	emociones
21330	-12.868206	electricity
21331	-12.868213	harmony
21332	-12.868217	ప్రదేశాల
21333	-12.868217	라고
21334	-12.868221	sponsorship
21335	-12.868224	detección
21336	-12.868237	composant
21337	-12.868239	implicazioni
21338	-12.868241	kozey
21339	-12.868242	wight
21340	-12.868243	polizze
21341	-12.868247	accetto
21342	-12.868250	maskierte
21343	-12.868252	alliance
21344	-12.868254	ప్రేమ
21345	-12.868256	arbeitnehmer
21346	-12.868257	અંત
21347	-12.868269	embark
21348	-12.868270	champion
21349	-12.868271	బ్రూ
21350	-12.868307	diseñar
21351	-12.868355	livré
21352	-12.868419	difesa
21353	-12.868428	ключ
21354	-12.868611	टेबल
21355	-12.869175	ości
21356	-12.869720	bransch
21357	-12.870006	ఆంగ్ల
21358	-12.871499	ગ્રહ
21359	-12.872333	referente
21360	-12.873240	कदम
21361	-12.873889	করছে
21362	-12.873922	ਅਰਥ
21363	-12.874114	orsaka
21364	-12.874631	ccessibilité
21365	-12.875105	cionamiento
21366	-12.875945	భారతదేశ
21367	-12.877166	monument
21368	-12.884370	atientenakte
21369	-12.887074	வீச
21370	-12.888294	எழு
21371	-12.891997	много
21372	-12.892618	ivatgeschäft
21373	-12.894203	வயத
21374	-12.895318	verschil
21375	-12.895432	ਾਈਟ
21376	-12.895666	cdefghijklmn
21377	-12.896138	பங்க
21378	-12.896539	सवाल
21379	-12.897287	ء
21380	-12.898311	ிறார்
21381	-12.898383	దర్శకత్వం
21382	-12.898423	accomplish
21383	-12.898424	accettiamo
21384	-12.898424	afhankelijk
21385	-12.898424	criptovaluta
21386	-12.898424	disbursed
21387	-12.898424	earthquake
21388	-12.898424	erklärt
21389	-12.898424	expansión
21390	-12.898424	expédié
21391	-12.898424	infettive
21392	-12.898424	inizierà
21393	-12.898424	lópez
21394	-12.898424	manufactured
21395	-12.898424	merseyside
21396	-12.898424	ngilizce
21397	-12.898424	någon
21398	-12.898424	nützlich
21399	-12.898424	occitanie
21400	-12.898424	proximité
21401	-12.898424	redovisning
21402	-12.898424	regulierung
21403	-12.898424	relaterade
21404	-12.898424	soneelszaken
21405	-12.898424	språk
21406	-12.898424	targetcompid
21407	-12.898424	unolfsdottir
21408	-12.898424	vegetarian
21409	-12.898424	wünscht
21410	-12.898424	можу
21411	-12.898424	הזאת
21412	-12.898424	طرف
21413	-12.898424	अजय
21414	-12.898424	अर्जुन
21415	-12.898424	असलेल्या
21416	-12.898424	ऐतिहासिक
21417	-12.898424	करूँगा
21418	-12.898424	चैट
21419	-12.898424	दृश्य
21420	-12.898424	पुष्टि
21421	-12.898424	पूर्वजों
21422	-12.898424	पॉल
21423	-12.898424	राजेश
21424	-12.898424	विद्युत
21425	-12.898424	वीडियो
21426	-12.898424	व्यवसाय
21427	-12.898424	सुरेश
21428	-12.898424	हस्ताक्षर
21429	-12.898424	শিল্প
21430	-12.898424	সর্বকালের
21431	-12.898424	ਚਾਹੀਦਾ
21432	-12.898424	ਹਿੱਸਾ
21433	-12.898424	બેઝબોલ
21434	-12.898424	உடற்பயிற்சி
21435	-12.898424	சமூக
21436	-12.898424	சராசரி
21437	-12.898424	டச்சு
21438	-12.898424	பட்டியலில்
21439	-12.898424	பெரும்பாலான
21440	-12.898424	மேலும்
21441	-12.898424	வ்வொன்றையும்
21442	-12.898424	ఉద్యోగ
21443	-12.898424	చేసింది
21444	-12.898424	దిగువ
21445	-12.898424	పేర్లను
21446	-12.898424	ప్రముఖ
21447	-12.898424	ప్రాజెక్టు
21448	-12.898424	బోర్డు
21449	-12.898424	సార్లు
21450	-12.898424	ಗಾಲ್ಫ್
21451	-12.898424	ದಶಕದ
21452	-12.898424	ಪ್ರತಿಯೊಂದ
21453	-12.898424	ಮಾರಾಟ
21454	-12.898424	ಸಾಧ್ಯ
21455	-12.898424	അംഗ
21456	-12.898424	എന്നിങ്ങനെ
21457	-12.898424	തരത്തിലുള്ള
21458	-12.898424	പരമ്പര
21459	-12.898424	വാചകത്തിൽ
21460	-12.898425	exklusiv
21461	-12.898425	lieferkette
21462	-12.898425	nidwalden
21463	-12.898425	schleswig
21464	-12.898425	transkript
21465	-12.898425	vergroten
21466	-12.898425	फरक
21467	-12.898425	स्पष्ट
21468	-12.898426	abgerufen
21469	-12.898426	humanistic
21470	-12.898426	planifié
21471	-12.898427	ottenuto
21472	-12.898427	équitable
21473	-12.898427	மாதிரி
21474	-12.898428	صحت
21475	-12.898429	lieferanten
21476	-12.898430	мій
21477	-12.898430	জিতেছে
21478	-12.898433	rolfson
21479	-12.898433	அறிவியல்
21480	-12.898434	consigliarmi
21481	-12.898434	deeltijds
21482	-12.898435	schaefer
21483	-12.898436	pericoli
21484	-12.898439	croniche
21485	-12.898440	ingresso
21486	-12.898441	editorial
21487	-12.898441	habitudes
21488	-12.898441	lloyd
21489	-12.898443	essayé
21490	-12.898446	selfkant
21491	-12.898449	navarra
21492	-12.898450	अनुवाद
21493	-12.898450	স্কুল
21494	-12.898450	ஹாக்கி
21495	-12.898456	കാരണം
21496	-12.898457	deckow
21497	-12.898461	subsidie
21498	-12.898462	deborah
21499	-12.898464	katherine
21500	-12.898466	फाइल
21501	-12.898468	అంశాలు
21502	-12.898473	భూమిపై
21503	-12.898478	gemeente
21504	-12.898485	ਵਿਸ਼ਵ
21505	-12.898489	ശ്ര
21506	-12.898500	teoría
21507	-12.898500	உயிர
21508	-12.898503	widget
21509	-12.898507	sospeso
21510	-12.898520	hybrid
21511	-12.898528	জাপান
21512	-12.898532	inspirerend
21513	-12.898532	jörg
21514	-12.898561	traject
21515	-12.898566	கிளப்
21516	-12.898567	fornendo
21517	-12.898590	column
21518	-12.898627	docenti
21519	-12.898763	ফেল
21520	-12.898807	maschine
21521	-12.899003	అయిన
21522	-12.899061	విమాన
21523	-12.899267	causé
21524	-12.899411	знал
21525	-12.899508	olsson
21526	-12.899516	legitim
21527	-12.900008	städt
21528	-12.900944	ился
21529	-12.901262	universitair
21530	-12.901756	കളെക്കുറിച്ച
21531	-12.904051	länge
21532	-12.908092	utenticación
21533	-12.910023	ают
21534	-12.911437	habilitation
21535	-12.912329	буду
21536	-12.912420	ಯಂತ್ರ
21537	-12.913697	verwende
21538	-12.914234	കൂട
21539	-12.914600	restriction
21540	-12.914650	sostenibili
21541	-12.917111	сер
21542	-12.917677	जपान
21543	-12.918008	philosophi
21544	-12.925228	nächst
21545	-12.925280	ੈਂਟ
21546	-12.926879	ospita
21547	-12.928395	christoph
21548	-12.929567	stoornis
21549	-12.929652	lógica
21550	-12.929673	పదార్థాల
21551	-12.929673	ప్రమాద
21552	-12.929673	നിർമ്മിച്ച
21553	-12.929674	architektur
21554	-12.929674	athlète
21555	-12.929674	bercakap
21556	-12.929674	constitute
21557	-12.929674	cynthia
21558	-12.929674	dickinson
21559	-12.929674	dimenticate
21560	-12.929674	dinámica
21561	-12.929674	escursione
21562	-12.929674	grievance
21563	-12.929674	guarigione
21564	-12.929674	göteborg
21565	-12.929674	hypertension
21566	-12.929674	ikpxvcj
21567	-12.929674	impressive
21568	-12.929674	ingénierie
21569	-12.929674	medewerking
21570	-12.929674	modifié
21571	-12.929674	nécessitant
21572	-12.929674	obbligazioni
21573	-12.929674	primordial
21574	-12.929674	rodríguez
21575	-12.929674	shropshire
21576	-12.929674	sospechosa
21577	-12.929674	speicherung
21578	-12.929674	suggerimento
21579	-12.929674	sungguh
21580	-12.929674	symposium
21581	-12.929674	veroorzaakt
21582	-12.929674	зробити
21583	-12.929674	работа
21584	-12.929674	خلاصہ
21585	-12.929674	طرح
21586	-12.929674	इटली
21587	-12.929674	खिला
21588	-12.929674	दुकान
21589	-12.929674	पत्थर
21590	-12.929674	प्रेरित
21591	-12.929674	मनोज
21592	-12.929674	रेलवे
21593	-12.929674	रेसिपी
21594	-12.929674	विकसित
21595	-12.929674	शिक्षा
21596	-12.929674	संक्षेप
21597	-12.929674	सप्ताह
21598	-12.929674	দেখতে
21599	-12.929674	রাজধানী
21600	-12.929674	ਕੁੱਝ
21601	-12.929674	ਗੱਲ
21602	-12.929674	ਚੰਗਾ
21603	-12.929674	ਤਰੀਕੇ
21604	-12.929674	ਦੌਰਾਨ
21605	-12.929674	ਪਾਣੀ
21606	-12.929674	ਰਿਹਾ
21607	-12.929674	ਸਕੂਲ
21608	-12.929674	ઇતિહાસ
21609	-12.929674	કૃત
21610	-12.929674	મહેતા
21611	-12.929674	મોટું
21612	-12.929674	લુપ્ત
21613	-12.929674	વ્યાસ
21614	-12.929674	સ્થાન
21615	-12.929674	સ્વરૂપ
21616	-12.929674	கதாபாத்திர
21617	-12.929674	கிழக்கு
21618	-12.929674	குறித்த
21619	-12.929674	சிறு
21620	-12.929674	தொடர்புடைய
21621	-12.929674	த்திற்கான
21622	-12.929674	பிடித்த
21623	-12.929674	முதன்மை
21624	-12.929674	ுக்காட்டுகள
21625	-12.929674	ఇంట్లో
21626	-12.929674	ఉన్నాయో
21627	-12.929674	నిర్వహిస్త
21628	-12.929674	నృత్య
21629	-12.929674	రైల్వే
21630	-12.929674	ಎರಡನೇ
21631	-12.929674	ಕಲಿಯ
21632	-12.929674	ದೂರದರ್ಶನ
21633	-12.929674	ನಾಲ್ಕು
21634	-12.929674	ಯುದ್ಧ
21635	-12.929674	ವೆಂದರೆ
21636	-12.929674	ಸಹಾಯ
21637	-12.929674	അദ്ദേഹം
21638	-12.929674	ചരടാണ്
21639	-12.929674	തന്ത്ര
21640	-12.929674	നിന്നുള്ള
21641	-12.929674	യഥാർത്ഥ
21642	-12.929675	ambulance
21643	-12.929675	browsing
21644	-12.929675	exterior
21645	-12.929675	granskning
21646	-12.929675	hobbies
21647	-12.929675	insegnamento
21648	-12.929675	jürgen
21649	-12.929675	khushboo
21650	-12.929675	preziosi
21651	-12.929675	showcasing
21652	-12.929675	sparkasse
21653	-12.929675	stiftung
21654	-12.929675	vielfältig
21655	-12.929675	نظام
21656	-12.929675	ठिकाण
21657	-12.929675	मात्र
21658	-12.929675	വസ്തു
21659	-12.929676	afzender
21660	-12.929676	bezirk
21661	-12.929676	diepgaande
21662	-12.929676	monstrating
21663	-12.929676	pulizia
21664	-12.929676	कल्पना
21665	-12.929677	assicuratevi
21666	-12.929677	fácil
21667	-12.929677	genoteerd
21668	-12.929677	verwalten
21669	-12.929677	xenogender
21670	-12.929677	শক্তি
21671	-12.929678	baggage
21672	-12.929678	definizioni
21673	-12.929678	moedigen
21674	-12.929678	கோழி
21675	-12.929679	autoestima
21676	-12.929679	gestalten
21677	-12.929680	avanzate
21678	-12.929680	candidatura
21679	-12.929681	respetar
21680	-12.929681	ప్రాంతాల
21681	-12.929683	pluriel
21682	-12.929684	broadcast
21683	-12.929684	inspiré
21684	-12.929684	latlng
21685	-12.929684	münster
21686	-12.929685	militaire
21687	-12.929685	ఉండటానికి
21688	-12.929685	పుట్టినరోజు
21689	-12.929687	prudent
21690	-12.929688	ுகிறீர்கள்
21691	-12.929688	േഷൻ
21692	-12.929691	ਸੰਗੀਤ
21693	-12.929692	cardiaque
21694	-12.929693	exención
21695	-12.929693	onroerend
21696	-12.929694	वाटतं
21697	-12.929695	curious
21698	-12.929696	म्हणतात
21699	-12.929697	complies
21700	-12.929698	encargado
21701	-12.929698	ritchie
21702	-12.929699	cardiology
21703	-12.929701	erbjuda
21704	-12.929702	voorgestelde
21705	-12.929705	సంతోష
21706	-12.929706	shiloh
21707	-12.929708	beeinflussen
21708	-12.929709	schlussreich
21709	-12.929712	basketball
21710	-12.929714	ravenna
21711	-12.929717	libertà
21712	-12.929717	zugangscode
21713	-12.929719	juristische
21714	-12.929720	asylum
21715	-12.929739	begleichen
21716	-12.929742	había
21717	-12.929747	isolation
21718	-12.929758	ಿಸಬಹುದು
21719	-12.929761	dooley
21720	-12.929763	incontrare
21721	-12.929768	fahrgestell
21722	-12.929770	gräns
21723	-12.929775	regolamenti
21724	-12.929777	allgemeine
21725	-12.929779	വിളിക്ക
21726	-12.929790	ಪ್ರವಾಸ
21727	-12.929803	perfekt
21728	-12.929806	senaste
21729	-12.929831	pratici
21730	-12.929893	dietrich
21731	-12.929906	arbeids
21732	-12.930052	abordé
21733	-12.930115	ografía
21734	-12.930161	ejecut
21735	-12.930186	palette
21736	-12.930233	owicz
21737	-12.930302	ಜನರ
21738	-12.930544	nordosten
21739	-12.931093	exhaustiva
21740	-12.931718	ప్రాజెక్ట్‌
21741	-12.933676	tionalamount
21742	-12.935308	विधि
21743	-12.935992	nloggegevens
21744	-12.937472	sekundär
21745	-12.938344	cumpla
21746	-12.938491	ernplattform
21747	-12.939030	istiyor
21748	-12.939959	গেছে
21749	-12.947434	ജനപ്രിയമായ
21750	-12.953414	భారత
21751	-12.953829	ಹೊಂದಿದ್ದ
21752	-12.957784	ения
21753	-12.957993	ouverture
21754	-12.959760	கிறதா
21755	-12.960925	औ
21756	-12.961670	sourcing
21757	-12.961817	graphique
21758	-12.961923	அறிவ
21759	-12.961931	প্রতিষ্ঠা
21760	-12.961931	ಕೃತ
21761	-12.961932	acquaponica
21762	-12.961932	adhésion
21763	-12.961932	afgelopen
21764	-12.961932	associata
21765	-12.961932	assumption
21766	-12.961932	beeindruckt
21767	-12.961932	benadrukken
21768	-12.961932	büyük
21769	-12.961932	credenciales
21770	-12.961932	dysmorphi
21771	-12.961932	eisenbahn
21772	-12.961932	estremamente
21773	-12.961932	estructuring
21774	-12.961932	exkursion
21775	-12.961932	expiración
21776	-12.961932	fabetización
21777	-12.961932	fantastisch
21778	-12.961932	ffectiviteit
21779	-12.961932	försäljning
21780	-12.961932	gegenseitig
21781	-12.961932	goedemiddag
21782	-12.961932	heathcote
21783	-12.961932	hochgeladen
21784	-12.961932	hodkiewicz
21785	-12.961932	hábitos
21786	-12.961932	ijoxnte
21787	-12.961932	imminente
21788	-12.961932	intäkter
21789	-12.961932	investisseur
21790	-12.961932	kandersteg
21791	-12.961932	matemáticas
21792	-12.961932	mutuatario
21793	-12.961932	negligence
21794	-12.961932	netflix
21795	-12.961932	passwörter
21796	-12.961932	physics
21797	-12.961932	redemption
21798	-12.961932	retrieval
21799	-12.961932	réaliser
21800	-12.961932	rémunération
21801	-12.961932	suggéré
21802	-12.961932	théâtre
21803	-12.961932	tschuldigung
21804	-12.961932	ttentivement
21805	-12.961932	verifiziert
21806	-12.961932	ương
21807	-12.961932	здесь
21808	-12.961932	сейчас
21809	-12.961932	тельно
21810	-12.961932	צריך
21811	-12.961932	مختصر
21812	-12.961932	وضاحت
21813	-12.961932	کتنا
21814	-12.961932	گھر
21815	-12.961932	अभियान
21816	-12.961932	कैलिफोर्निया
21817	-12.961932	जेम्स
21818	-12.961932	तरीकों
21819	-12.961932	तुम्हारा
21820	-12.961932	तेव्हा
21821	-12.961932	प्रदर्शित
21822	-12.961932	प्रियंका
21823	-12.961932	भुगतान
21824	-12.961932	मृत्यु
21825	-12.961932	लाइसेंस
21826	-12.961932	शाकाहारी
21827	-12.961932	होंगे
21828	-12.961932	কঠিন
21829	-12.961932	ছুটি
21830	-12.961932	তন্ময়
21831	-12.961932	দেখে
21832	-12.961932	নদী
21833	-12.961932	প্রজাতি
21834	-12.961932	মুখোপাধ্যায়
21835	-12.961932	শীর্ষ
21836	-12.961932	ਕਿਹਾ
21837	-12.961932	ਤਰ੍ਹਾਂ
21838	-12.961932	ਭੋਜਨ
21839	-12.961932	ਯਾਤਰਾ
21840	-12.961932	ਸ਼ਬਦ
21841	-12.961932	આધારિત
21842	-12.961932	તેમની
21843	-12.961932	પૃથ્વી
21844	-12.961932	હાઉસ
21845	-12.961932	இரண்டாம்
21846	-12.961932	கண்டறியவும்
21847	-12.961932	சந்தை
21848	-12.961932	சுருக்கத்தை
21849	-12.961932	சைக்கிள்
21850	-12.961932	பெரும்பாலும்
21851	-12.961932	అందుబాటులో
21852	-12.961932	ఆకుపచ్చ
21853	-12.961932	ఇష్టం
21854	-12.961932	గిటార్
21855	-12.961932	తరచుగా
21856	-12.961932	దగ్గర
21857	-12.961932	బరువు
21858	-12.961932	బోర్డ్
21859	-12.961932	మోడల్
21860	-12.961932	వ్యాప్తంగా
21861	-12.961932	శ్వవిద్యాలయం
21862	-12.961932	సరైన
21863	-12.961932	సూచిస్తుంది
21864	-12.961932	స్థాయి
21865	-12.961932	ಆಧರಿಸಿ
21866	-12.961932	ಇದನ್ನು
21867	-12.961932	ಖರೀದಿ
21868	-12.961932	ಜನಿಸಿದರು
21869	-12.961932	ಪಕ್ಷಿ
21870	-12.961932	ಪ್ರಯೋಜನ
21871	-12.961932	ಮಾದರಿ
21872	-12.961932	ಸ್ಯಾನ್
21873	-12.961932	അഞ്ച്
21874	-12.961932	സന്ദർശിക്ക
21875	-12.961932	이에요
21876	-12.961933	geleistet
21877	-12.961933	kathryn
21878	-12.961933	leverantör
21879	-12.961933	నిల్వ
21880	-12.961934	atlantic
21881	-12.961934	calibration
21882	-12.961934	compensación
21883	-12.961934	eingetragen
21884	-12.961934	hawkins
21885	-12.961934	investitori
21886	-12.961934	kuhlman
21887	-12.961934	ondricka
21888	-12.961934	utveckla
21889	-12.961935	botanico
21890	-12.961935	controversie
21891	-12.961935	wochenende
21892	-12.961935	यान्नी
21893	-12.961937	abigail
21894	-12.961937	ispirato
21895	-12.961937	tournament
21896	-12.961937	चंद्र
21897	-12.961937	হাউস
21898	-12.961938	battery
21899	-12.961938	membeli
21900	-12.961938	recurring
21901	-12.961939	alimentos
21902	-12.961939	bologna
21903	-12.961940	pleasure
21904	-12.961941	hälso
21905	-12.961941	verminderen
21906	-12.961942	charitable
21907	-12.961942	చట్ట
21908	-12.961944	psychologue
21909	-12.961945	निर्भर
21910	-12.961946	offriamo
21911	-12.961946	ক্রিকেট
21912	-12.961948	verpflichten
21913	-12.961948	ખરીદ
21914	-12.961949	सुनिश्चित
21915	-12.961951	gekocht
21916	-12.961951	logistik
21917	-12.961953	pursuing
21918	-12.961954	ஆஸ்திரேலியா
21919	-12.961955	heißen
21920	-12.961959	गृह
21921	-12.961960	griffin
21922	-12.961963	प्राणी
21923	-12.961967	custodia
21924	-12.961971	خیال
21925	-12.961973	aiutarla
21926	-12.961974	dedicado
21927	-12.961978	scoperte
21928	-12.961988	давай
21929	-12.961992	refusé
21930	-12.961992	rotonda
21931	-12.962004	বাতাস
21932	-12.962012	acağım
21933	-12.962018	ausstehende
21934	-12.962029	felipe
21935	-12.962035	vorlesung
21936	-12.962046	fragile
21937	-12.962065	dentificeerd
21938	-12.962065	ಕೆಳಗಿನವುಗಳ
21939	-12.962068	asignada
21940	-12.962088	ಸಾಧನ
21941	-12.962141	yaptı
21942	-12.962159	dentificeren
21943	-12.962212	conversacion
21944	-12.962225	gregori
21945	-12.962380	reverend
21946	-12.962440	compartida
21947	-12.962527	rmögenswerte
21948	-12.962546	ಅಂತರ
21949	-12.962633	ೆಂಟ್
21950	-12.962696	घोड
21951	-12.962972	verhoogd
21952	-12.963543	ഴ്സ്
21953	-12.964780	সেন্ট
21954	-12.965589	సమావేశ
21955	-12.966922	analiza
21956	-12.972034	geschäft
21957	-12.978933	عرب
21958	-12.980245	coordonnée
21959	-12.988650	ತನ್ನ
21960	-12.990600	eijer
21961	-12.994289	కార్యక్రమ
21962	-12.995228	ਪੈਰ
21963	-12.995229	ಿಸಲಾಯಿತು
21964	-12.995232	ਪਹਿਲਾ
21965	-12.995235	ഞ
21966	-12.995264	வளர்க்க
21967	-12.995265	arbitrage
21968	-12.995265	aufenthalt
21969	-12.995265	botánico
21970	-12.995265	complimenti
21971	-12.995265	comprennent
21972	-12.995265	consecuencia
21973	-12.995265	consommateur
21974	-12.995265	convaincu
21975	-12.995265	crystal
21976	-12.995265	daugherty
21977	-12.995265	encouraging
21978	-12.995265	erhältlich
21979	-12.995265	exámenes
21980	-12.995265	faszinierend
21981	-12.995265	groceries
21982	-12.995265	gériatrique
21983	-12.995265	hydrochloric
21984	-12.995265	impliquer
21985	-12.995265	ingrédients
21986	-12.995265	kassulke
21987	-12.995265	korrigieren
21988	-12.995265	macenamiento
21989	-12.995265	mcclure
21990	-12.995265	naprawdę
21991	-12.995265	penetration
21992	-12.995265	preziosa
21993	-12.995265	recomendado
21994	-12.995265	résilience
21995	-12.995265	schizophreni
21996	-12.995265	specifies
21997	-12.995265	sviluppi
21998	-12.995265	territory
21999	-12.995265	utilizziamo
22000	-12.995265	vandervort
22001	-12.995265	vergütung
22002	-12.995265	время
22003	-12.995265	ничего
22004	-12.995265	دھو
22005	-12.995265	صرف
22006	-12.995265	ضرورت
22007	-12.995265	فاضل
22008	-12.995265	अतिशय
22009	-12.995265	उषा
22010	-12.995265	ज़्यादा
22011	-12.995265	जिन्हें
22012	-12.995265	दिलचस्प
22013	-12.995265	निखिल
22014	-12.995265	फोटोग्राफी
22015	-12.995265	भविष्य
22016	-12.995265	शाळे
22017	-12.995265	सत्र
22018	-12.995265	অস্ট্রেলিয়া
22019	-12.995265	ট্টোপাধ্যায়
22020	-12.995265	ਐੱਲ
22021	-12.995265	ਬਣਾਇਆ
22022	-12.995265	ਮਨੁੱਖ
22023	-12.995265	ખૂબ
22024	-12.995265	இரவு
22025	-12.995265	கருத்து
22026	-12.995265	கற்பனை
22027	-12.995265	டென்னிஸ்
22028	-12.995265	தெற்கு
22029	-12.995265	முதன்முதலில்
22030	-12.995265	வணிக
22031	-12.995265	விளையாட்டில்
22032	-12.995265	விஷயங்கள்
22033	-12.995265	అంతరిక్ష
22034	-12.995265	అన్నీ
22035	-12.995265	ఎవరైనా
22036	-12.995265	క్రికెట్
22037	-12.995265	చెట్టు
22038	-12.995265	టెన్నిస్
22039	-12.995265	న్యూయార్క్
22040	-12.995265	ఫ్రెంచ్
22041	-12.995265	బహుమతి
22042	-12.995265	బోస్టన్
22043	-12.995265	వేర్వేరు
22044	-12.995265	వేసవి
22045	-12.995265	సురక్షిత
22046	-12.995265	స్థానిక
22047	-12.995265	ಏಕೆಂದರೆ
22048	-12.995265	ಸಾರ್ವಕಾಲಿಕ
22049	-12.995265	ಸುಮಾರು
22050	-12.995265	ಾತ್ಮಕ
22051	-12.995265	കണക്കാക്ക
22052	-12.995265	ഗെയിം
22053	-12.995265	ബോർഡ്
22054	-12.995266	beteiligen
22055	-12.995266	hervorragend
22056	-12.995266	tillgänglig
22057	-12.995266	verursacht
22058	-12.995266	étudier
22059	-12.995266	क्लब
22060	-12.995266	दौड़
22061	-12.995266	सार्वजनिक
22062	-12.995266	हवं
22063	-12.995266	গল্ফ
22064	-12.995266	বেসবল
22065	-12.995266	દક્ષિણ
22066	-12.995266	ஜெர்மனி
22067	-12.995266	కనిపించ
22068	-12.995266	గృహ
22069	-12.995266	వనరు
22070	-12.995266	ಚಾಂಪಿಯನ್ಶಿಪ್
22071	-12.995266	ಪರಿಣಾಮ
22072	-12.995266	ഹൌസ്
22073	-12.995267	accreditato
22074	-12.995267	bergstrom
22075	-12.995267	déduction
22076	-12.995267	infirmier
22077	-12.995267	kontoinhaber
22078	-12.995267	siniestro
22079	-12.995267	వ్యాపార
22080	-12.995268	avanzata
22081	-12.995268	garanzia
22082	-12.995268	macgyver
22083	-12.995269	gijón
22084	-12.995269	légaux
22085	-12.995269	ਸ਼ੁਰੂਆਤ
22086	-12.995269	തിരഞ്ഞെടുക്ക
22087	-12.995271	assistentie
22088	-12.995272	déterminer
22089	-12.995273	diputada
22090	-12.995274	automatisier
22091	-12.995274	primäre
22092	-12.995275	ventilation
22093	-12.995275	campania
22094	-12.995275	mottagit
22095	-12.995275	pseudonym
22096	-12.995278	coordonner
22097	-12.995279	alcanzar
22098	-12.995279	manhã
22099	-12.995279	schmeler
22100	-12.995280	bergnaum
22101	-12.995280	સૂર્ય
22102	-12.995281	werkgever
22103	-12.995282	finalizar
22104	-12.995283	landkreis
22105	-12.995284	steigern
22106	-12.995285	সাগর
22107	-12.995286	farrell
22108	-12.995287	framtid
22109	-12.995290	bewertet
22110	-12.995290	puebla
22111	-12.995293	grafico
22112	-12.995294	intimate
22113	-12.995300	emphasis
22114	-12.995301	hungry
22115	-12.995301	wassenaar
22116	-12.995301	wiskunde
22117	-12.995302	সমস্ত
22118	-12.995304	handicap
22119	-12.995309	castillo
22120	-12.995311	игра
22121	-12.995314	ਜਪਾਨ
22122	-12.995318	crooks
22123	-12.995318	ഉണ്ട്
22124	-12.995320	botanische
22125	-12.995321	ttoscrizione
22126	-12.995322	coleccion
22127	-12.995335	ragione
22128	-12.995335	sampai
22129	-12.995348	tính
22130	-12.995364	अधिकार
22131	-12.995384	ण्यास
22132	-12.995385	tempestiva
22133	-12.995397	bunyi
22134	-12.995499	beschermd
22135	-12.995536	शौक
22136	-12.995793	एकत्र
22137	-12.995966	dörren
22138	-12.996311	stablishment
22139	-12.996748	schmied
22140	-12.999038	utomatically
22141	-13.000111	ुद्ध
22142	-13.001293	పనుల
22143	-13.004200	ప్రాంతం
22144	-13.004762	భిన్నంగా
22145	-13.007522	పుస్తకాల
22146	-13.009616	खाद्य
22147	-13.010479	ufriedenheit
22148	-13.012789	ుకోవచ్చు
22149	-13.017943	సహజ
22150	-13.020013	విభిన్న
22151	-13.021287	indirizz
22152	-13.024145	બાળક
22153	-13.024639	ausgabe
22154	-13.028795	connaissants
22155	-13.029716	trekken
22156	-13.029747	onzentration
22157	-13.029747	চ্যাম্পিয়ন
22158	-13.029747	પૂર્ણ
22159	-13.029747	વિસ્તાર
22160	-13.029747	સીઝન
22161	-13.029747	சாதனை
22162	-13.029748	amélioré
22163	-13.029748	apparatuur
22164	-13.029748	bbigliamento
22165	-13.029748	breitenberg
22166	-13.029748	catégorie
22167	-13.029748	considérable
22168	-13.029748	crawford
22169	-13.029748	demiflux
22170	-13.029748	discusiones
22171	-13.029748	eceğim
22172	-13.029748	electrónica
22173	-13.029748	erfüllt
22174	-13.029748	esistenziale
22175	-13.029748	exemplar
22176	-13.029748	fermanagh
22177	-13.029748	gekoppeld
22178	-13.029748	genieurwesen
22179	-13.029748	gesproken
22180	-13.029748	happiness
22181	-13.029748	lootstelling
22182	-13.029748	mdiyfq
22183	-13.029748	montgomery
22184	-13.029748	mosciski
22185	-13.029748	nutrizionale
22186	-13.029748	offenlegung
22187	-13.029748	onderneming
22188	-13.029748	onschatbare
22189	-13.029748	orthopédique
22190	-13.029748	overtreding
22191	-13.029748	publishing
22192	-13.029748	recyclage
22193	-13.029748	riuscito
22194	-13.029748	sebastián
22195	-13.029748	spezialist
22196	-13.029748	spéciaux
22197	-13.029748	visibility
22198	-13.029748	vulnerable
22199	-13.029748	éligible
22200	-13.029748	багато
22201	-13.029748	нужно
22202	-13.029748	اللغة
22203	-13.029748	تبدیل
22204	-13.029748	مدد
22205	-13.029748	ہاؤس
22206	-13.029748	अंडे
22207	-13.029748	अनीता
22208	-13.029748	ण्याची
22209	-13.029748	तारीख
22210	-13.029748	नेहमीच
22211	-13.029748	प्रतिशत
22212	-13.029748	बिल्कुल
22213	-13.029748	मजकूर
22214	-13.029748	मोठ्या
22215	-13.029748	स्वाति
22216	-13.029748	আপনাকে
22217	-13.029748	কেন্দ্র
22218	-13.029748	কোম্পানি
22219	-13.029748	পরিবর্তন
22220	-13.029748	পর্যন্ত
22221	-13.029748	বেশিরভাগ
22222	-13.029748	ভূমি
22223	-13.029748	ਕਿੰਨਾ
22224	-13.029748	ਗੇਮ
22225	-13.029748	ਧਰਤੀ
22226	-13.029748	ਪ੍ਰਭਾਵ
22227	-13.029748	ਬੱਚਿਆਂ
22228	-13.029748	ਬੱਚੇ
22229	-13.029748	ਮੰਨਿਆ
22230	-13.029748	ਸਮੂਹ
22231	-13.029748	પશ્ચિમ
22232	-13.029748	શકાય
22233	-13.029748	સંખ્યા
22234	-13.029748	அடங்கும்
22235	-13.029748	தோன்ற
22236	-13.029748	நிகழ்வு
22237	-13.029748	நிரலாக்க
22238	-13.029748	பச்சை
22239	-13.029748	பனிச்சறுக்கு
22240	-13.029748	பொறுத்தது
22241	-13.029748	வீடு
22242	-13.029748	வீட்டு
22243	-13.029748	ఆల్బమ్
22244	-13.029748	ఎత్తు
22245	-13.029748	ఏప్రిల్
22246	-13.029748	గార్డెన్
22247	-13.029748	పత్రం
22248	-13.029748	పత్రాల
22249	-13.029748	పర్యావరణ
22250	-13.029748	మార్కెట్
22251	-13.029748	వీటిలో
22252	-13.029748	శాతం
22253	-13.029748	శ్రేణి
22254	-13.029748	సంక్షిప్త
22255	-13.029748	సంభాషణ
22256	-13.029748	సాంకేతిక
22257	-13.029748	ಕೊಟ್ಟಿರುವ
22258	-13.029748	ಚೀನಾ
22259	-13.029748	ನೀರು
22260	-13.029748	ಬೇಸ್ಬಾಲ್
22261	-13.029748	ಮಹಾಯುದ್ಧ
22262	-13.029748	ക്കാലത്തെയും
22263	-13.029748	ക്കുന്നതോ
22264	-13.029748	താളവാദ്യമാണ്
22265	-13.029748	വാക്കുകൾ
22266	-13.029749	adéquat
22267	-13.029749	delicious
22268	-13.029749	företagsnamn
22269	-13.029749	ikpvag
22270	-13.029749	komplex
22271	-13.029749	langfristige
22272	-13.029749	magazine
22273	-13.029749	spectrum
22274	-13.029749	suggère
22275	-13.029749	يمكن
22276	-13.029749	ইউরোপ
22277	-13.029749	நெதர்லாந்த
22278	-13.029749	అగ్ని
22279	-13.029749	కళాశాల
22280	-13.029750	complication
22281	-13.029750	destruction
22282	-13.029750	diversifié
22283	-13.029750	licensor
22284	-13.029750	خاندان
22285	-13.029750	तलाश
22286	-13.029751	andeelhouder
22287	-13.029751	ausreichend
22288	-13.029751	cartwright
22289	-13.029752	ispirazione
22290	-13.029752	overdracht
22291	-13.029753	scienze
22292	-13.029755	schmuckstück
22293	-13.029756	illinois
22294	-13.029756	terceros
22295	-13.029757	recuperar
22296	-13.029757	giáng
22297	-13.029757	इमारत
22298	-13.029758	मुक्त
22299	-13.029759	cinéma
22300	-13.029759	körperliche
22301	-13.029759	souvenirs
22302	-13.029760	fysieke
22303	-13.029761	দূর
22304	-13.029761	పూర్వ
22305	-13.029762	apartamento
22306	-13.029762	treutel
22307	-13.029765	টেনিস
22308	-13.029766	ਮੌਤ
22309	-13.029767	vertiefen
22310	-13.029768	pacocha
22311	-13.029771	giúp
22312	-13.029771	خطر
22313	-13.029772	stunning
22314	-13.029773	vorlieben
22315	-13.029778	ಿಸುತ್ತಾರೆ
22316	-13.029782	accessoires
22317	-13.029784	overweging
22318	-13.029794	scelta
22319	-13.029797	vorherige
22320	-13.029799	antiguo
22321	-13.029799	python
22322	-13.029802	ubicado
22323	-13.029807	asimismo
22324	-13.029826	خرید
22325	-13.029840	bastante
22326	-13.029843	ಕುರಿತ
22327	-13.029862	друж
22328	-13.029867	famous
22329	-13.029899	alkohol
22330	-13.029940	ospedali
22331	-13.030058	ছিলাম
22332	-13.030092	увати
22333	-13.030210	ફ્લ
22334	-13.030753	erfassen
22335	-13.031281	पहन
22336	-13.032794	eleidsnummer
22337	-13.034018	್ಯಾಮ್
22338	-13.037070	killed
22339	-13.039665	ಯೋಜಿಸ
22340	-13.040504	ண்டர்
22341	-13.045324	ائز
22342	-13.048641	oddisfazione
22343	-13.049677	rthopädische
22344	-13.050438	ਮਹਾ
22345	-13.058212	অবস্থা
22346	-13.058735	roductbeheer
22347	-13.063191	தங்க
22348	-13.063709	േഴ്
22349	-13.065353	குறிப்ப
22350	-13.065387	posizioni
22351	-13.065424	כול
22352	-13.065437	ుకోవాలి
22353	-13.065454	களுக்கான
22354	-13.065458	ਸ਼ੁਰੂ
22355	-13.065461	météorologi
22356	-13.065461	épidémiologi
22357	-13.065461	ಆರಂಭ
22358	-13.065462	ansprüche
22359	-13.065462	bereikbaar
22360	-13.065462	bestämmelser
22361	-13.065462	communiceren
22362	-13.065462	competency
22363	-13.065462	discrepanza
22364	-13.065462	erleichtern
22365	-13.065462	espansione
22366	-13.065462	excepcional
22367	-13.065462	expliquer
22368	-13.065462	gellyball
22369	-13.065462	geüpdatet
22370	-13.065462	hermosillo
22371	-13.065462	intégrité
22372	-13.065462	iscriviti
22373	-13.065462	itinerary
22374	-13.065462	jakubowski
22375	-13.065462	kwartaal
22376	-13.065462	marquardt
22377	-13.065462	mclaughlin
22378	-13.065462	químico
22379	-13.065462	recopilación
22380	-13.065462	recopilar
22381	-13.065462	respetuoso
22382	-13.065462	réjouissons
22383	-13.065462	woonachtig
22384	-13.065462	zboncak
22385	-13.065462	zugehörige
22386	-13.065462	пожалуйста
22387	-13.065462	проблем
22388	-13.065462	свою
22389	-13.065462	сегодня
22390	-13.065462	اپنا
22391	-13.065462	اچھی
22392	-13.065462	میرے
22393	-13.065462	कक्ष
22394	-13.065462	गाँव
22395	-13.065462	छोटे
22396	-13.065462	निर्धारित
22397	-13.065462	पिछले
22398	-13.065462	पुरानी
22399	-13.065462	प्रतिक्रिया
22400	-13.065462	बुलेट
22401	-13.065462	मछली
22402	-13.065462	विविध
22403	-13.065462	विशिष्ट
22404	-13.065462	वेगळे
22405	-13.065462	समर्थन
22406	-13.065462	साम्राज्य
22407	-13.065462	ইয়র্ক
22408	-13.065462	নিয়ম
22409	-13.065462	রান্না
22410	-13.065462	ਅਲੋਪ
22411	-13.065462	ਜ਼ਿਆਦਾ
22412	-13.065462	ਤਰੀਕਾ
22413	-13.065462	ਬਣਾਓ
22414	-13.065462	ગિટાર
22415	-13.065462	પરંતુ
22416	-13.065462	મૃત્યુ
22417	-13.065462	વસ્તી
22418	-13.065462	கற்றுக்கொள்
22419	-13.065462	தகவல்
22420	-13.065462	நடிகர்
22421	-13.065462	பின்வருவன
22422	-13.065462	போரில்
22423	-13.065462	ఆధారపడి
22424	-13.065462	ఇష్టమైన
22425	-13.065462	జపాన్
22426	-13.065462	పక్షి
22427	-13.065462	పదాలు
22428	-13.065462	పరీక్ష
22429	-13.065462	పిలువబడే
22430	-13.065462	మద్దతు
22431	-13.065462	మొదటిసారి
22432	-13.065462	సామాజిక
22433	-13.065462	స్నేహితుడు
22434	-13.065462	ಆಯ್ಕೆ
22435	-13.065462	ವೃತ್ತಿಪರ
22436	-13.065462	ಸಂಯುಕ್ತ
22437	-13.065462	ಸ್ಥಾಪಕ
22438	-13.065462	അനുസരിച്ച്
22439	-13.065462	അഭി
22440	-13.065462	കാലിഫോർണിയ
22441	-13.065462	ചരടുകളോ
22442	-13.065462	പ്രൊഫഷണൽ
22443	-13.065462	ബേസ്ബോൾ
22444	-13.065463	alternatieve
22445	-13.065463	anzeichen
22446	-13.065463	arbetsgivare
22447	-13.065463	dermatology
22448	-13.065463	erneuerbare
22449	-13.065463	flügel
22450	-13.065463	frustrating
22451	-13.065463	verlängerung
22452	-13.065463	डॉलर
22453	-13.065463	অর্জন
22454	-13.065463	উল্লেখ
22455	-13.065463	કૂતરા
22456	-13.065463	హక్కు
22457	-13.065463	ಪ್ರಸ್ತುತ
22458	-13.065463	ജനസംഖ്യ
22459	-13.065463	ജീവിത
22460	-13.065463	തടാക
22461	-13.065463	നിർമ്മിക്ക
22462	-13.065464	absolue
22463	-13.065464	pequeño
22464	-13.065464	provoking
22465	-13.065464	romaguera
22466	-13.065464	फायदे
22467	-13.065464	ಉದಾಹರಣೆ
22468	-13.065465	avellana
22469	-13.065465	conocido
22470	-13.065465	expresar
22471	-13.065465	keebler
22472	-13.065465	uppnå
22473	-13.065466	elektronik
22474	-13.065466	geheugen
22475	-13.065466	reflète
22476	-13.065466	vittorio
22477	-13.065466	नाटक
22478	-13.065467	derivados
22479	-13.065467	frederick
22480	-13.065467	vivienda
22481	-13.065468	adolph
22482	-13.065468	annuity
22483	-13.065468	drohnen
22484	-13.065468	ುತ್ತಾನೆ
22485	-13.065469	hôtel
22486	-13.065470	décidé
22487	-13.065470	goggles
22488	-13.065470	physische
22489	-13.065470	उड़ान
22490	-13.065470	वुड
22491	-13.065470	দৌড়
22492	-13.065471	torphy
22493	-13.065472	révisé
22494	-13.065473	militär
22495	-13.065473	फ्रांस
22496	-13.065474	corkery
22497	-13.065475	mixture
22498	-13.065475	suffolk
22499	-13.065476	সীমা
22500	-13.065477	quattro
22501	-13.065478	காட்சி
22502	-13.065479	detaljer
22503	-13.065480	dominique
22504	-13.065480	عرف
22505	-13.065481	primaires
22506	-13.065481	വിമാന
22507	-13.065483	handleiding
22508	-13.065485	addebito
22509	-13.065485	firenze
22510	-13.065485	patroon
22511	-13.065490	haciendo
22512	-13.065490	modify
22513	-13.065491	preparing
22514	-13.065491	జోడించ
22515	-13.065492	думал
22516	-13.065493	bogisich
22517	-13.065503	onconforming
22518	-13.065503	পড়ে
22519	-13.065515	brillant
22520	-13.065526	שוב
22521	-13.065543	उंच
22522	-13.065609	influye
22523	-13.065614	शरीर
22524	-13.065646	alloué
22525	-13.065665	міс
22526	-13.065689	geduld
22527	-13.065722	ehlverhalten
22528	-13.065774	terrorism
22529	-13.065879	ਮੂਲ
22530	-13.068232	emprunt
22531	-13.069301	distinct
22532	-13.069417	хотел
22533	-13.070051	قریب
22534	-13.072440	opqrstuvwxyz
22535	-13.077996	racteristics
22536	-13.081491	biologisch
22537	-13.085876	chnologiques
22538	-13.087496	ಿಸುವುದು
22539	-13.090221	शिकव
22540	-13.094533	ificazione
22541	-13.097325	behoefte
22542	-13.098786	rtrouwelijke
22543	-13.099105	facilite
22544	-13.099829	approcci
22545	-13.100406	ಾಂಶ
22546	-13.100747	schutzgesetz
22547	-13.101340	enutzeragent
22548	-13.102001	স্থাপন
22549	-13.102321	condivisi
22550	-13.102429	কয়েক
22551	-13.102439	ভিন্ন
22552	-13.102488	বাংলা
22553	-13.102498	ആശ്രയിച്ച
22554	-13.102499	aggiuntivo
22555	-13.102499	attrezzatura
22556	-13.102499	avventura
22557	-13.102499	bedfordshire
22558	-13.102499	bijgevoegd
22559	-13.102499	ccesibilidad
22560	-13.102499	classified
22561	-13.102499	commodities
22562	-13.102499	compañero
22563	-13.102499	diplômé
22564	-13.102499	divergence
22565	-13.102499	déplacé
22566	-13.102499	económica
22567	-13.102499	emerkenswert
22568	-13.102499	erhöhung
22569	-13.102499	escribimos
22570	-13.102499	estratégica
22571	-13.102499	fernández
22572	-13.102499	fisioterapia
22573	-13.102499	interrupción
22574	-13.102499	intérieur
22575	-13.102499	koordinieren
22576	-13.102499	lenguaje
22577	-13.102499	logística
22578	-13.102499	oberbrunner
22579	-13.102499	powlowski
22580	-13.102499	principado
22581	-13.102499	prospekt
22582	-13.102499	rénovation
22583	-13.102499	satterfield
22584	-13.102499	scrutiny
22585	-13.102499	sculpture
22586	-13.102499	sebastian
22587	-13.102499	spätestens
22588	-13.102499	suggerito
22589	-13.102499	surveillé
22590	-13.102499	technicien
22591	-13.102499	tevredenheid
22592	-13.102499	transmitted
22593	-13.102499	umfangreiche
22594	-13.102499	voluntary
22595	-13.102499	zdwiioiixmjm
22596	-13.102499	עכשיו
22597	-13.102499	جہاں
22598	-13.102499	حصہ
22599	-13.102499	ذریعے
22600	-13.102499	زندہ
22601	-13.102499	معدوم
22602	-13.102499	अभिनेता
22603	-13.102499	आविष्कार
22604	-13.102499	ऑनलाइन
22605	-13.102499	कनाडा
22606	-13.102499	कुत्ता
22607	-13.102499	कौशल
22608	-13.102499	गायक
22609	-13.102499	ग्लास
22610	-13.102499	नागरिक
22611	-13.102499	निवेश
22612	-13.102499	बधाई
22613	-13.102499	ब्रिटिश
22614	-13.102499	समीक्षा
22615	-13.102499	सुरुवात
22616	-13.102499	দ্রুত
22617	-13.102499	পেশাদার
22618	-13.102499	বিন্যাস
22619	-13.102499	ভারতীয়
22620	-13.102499	সর্বোত্তম
22621	-13.102499	ਬਿਜਲੀ
22622	-13.102499	ਸਥਾਪਨਾ
22623	-13.102499	ਸਾਈਕਲ
22624	-13.102499	અનુસાર
22625	-13.102499	મહાન
22626	-13.102499	அசல்
22627	-13.102499	ஆரம்ப
22628	-13.102499	ஆரோக்கிய
22629	-13.102499	காய்கறி
22630	-13.102499	செலுத்த
22631	-13.102499	தேர்ந்தெடு
22632	-13.102499	த்தன்மை
22633	-13.102499	అక్కడ
22634	-13.102499	అడిగారు
22635	-13.102499	అధ్యయన
22636	-13.102499	ఇటీవల
22637	-13.102499	కెనడా
22638	-13.102499	గంటల
22639	-13.102499	గ్లాస్
22640	-13.102499	డ్రైవింగ్
22641	-13.102499	దృష్టి
22642	-13.102499	పశ్చిమ
22643	-13.102499	పురుషుల
22644	-13.102499	మరొక
22645	-13.102499	వినియోగదారు
22646	-13.102499	సుమారు
22647	-13.102499	ಉದ್ದೇಶ
22648	-13.102499	ಪ್ರಾರಂಭಿಸ
22649	-13.102499	ಲ್ಪವಿರಾಮದಿಂದ
22650	-13.102499	ವಿಶೇಷ
22651	-13.102499	ಸ್ಥಿತಿ
22652	-13.102499	താളവാദ്യമോ
22653	-13.102499	സൂര്യ
22654	-13.102500	aanleiding
22655	-13.102500	berbicara
22656	-13.102500	eröffnung
22657	-13.102500	funzionalità
22658	-13.102500	garantendo
22659	-13.102500	gekregen
22660	-13.102500	gesprochen
22661	-13.102500	größte
22662	-13.102500	gutierrez
22663	-13.102500	immagini
22664	-13.102500	konopelski
22665	-13.102500	threshold
22666	-13.102500	язык
22667	-13.102500	आत्म
22668	-13.102500	कुटुंब
22669	-13.102500	पहुंच
22670	-13.102500	মরশুম
22671	-13.102500	সত্য
22672	-13.102500	પરિવાર
22673	-13.102500	પહોંચ
22674	-13.102500	યુદ્ધ
22675	-13.102500	பாரம்பரிய
22676	-13.102500	முயற்சி
22677	-13.102500	முழு
22678	-13.102500	மேம்படுத்த
22679	-13.102500	விருப்ப
22680	-13.102500	வீடியோ
22681	-13.102500	పొడవు
22682	-13.102500	సంస్కృత
22683	-13.102500	ಆರೋಗ್ಯ
22684	-13.102500	ಶೈಲಿ
22685	-13.102500	ഉദാഹരണ
22686	-13.102500	മത്സര
22687	-13.102501	celestial
22688	-13.102501	cœur
22689	-13.102501	आराम
22690	-13.102501	राष्ट्रपति
22691	-13.102501	सगळ्या
22692	-13.102501	सड़क
22693	-13.102501	கண்டுபிடிக்க
22694	-13.102501	ಹಂತ
22695	-13.102502	lavorativi
22696	-13.102502	लहान
22697	-13.102502	প্রত্যেক
22698	-13.102503	franecki
22699	-13.102503	kliniek
22700	-13.102503	mungkin
22701	-13.102503	rilascio
22702	-13.102503	vendredi
22703	-13.102503	ਜੀਵਨ
22704	-13.102503	எளிதா
22705	-13.102503	జరుగుతుంది
22706	-13.102503	పన్ను
22707	-13.102504	superficie
22708	-13.102504	প্রদান
22709	-13.102505	iniciado
22710	-13.102506	eengekomen
22711	-13.102506	insolite
22712	-13.102506	möjligheter
22713	-13.102508	américa
22714	-13.102509	kathleen
22715	-13.102509	posiciones
22716	-13.102509	renouveler
22717	-13.102509	sambhal
22718	-13.102509	sheffield
22719	-13.102510	heinsberg
22720	-13.102510	herinneren
22721	-13.102511	pakistan
22722	-13.102513	étienne
22723	-13.102513	पोहोच
22724	-13.102514	objekt
22725	-13.102516	చేర్చ
22726	-13.102517	noticias
22727	-13.102518	inserito
22728	-13.102520	fayette
22729	-13.102521	hegmann
22730	-13.102521	restauro
22731	-13.102522	જવાબ
22732	-13.102525	judgment
22733	-13.102531	പ്രായ
22734	-13.102534	marathon
22735	-13.102543	पर्वत
22736	-13.102545	ರಸ್ತೆ
22737	-13.102592	రాసిన
22738	-13.102600	கடந்த
22739	-13.102634	ెయిన్
22740	-13.102664	ுபவர்
22741	-13.102727	dialekt
22742	-13.102894	allergic
22743	-13.102901	ਸਕਦੀ
22744	-13.102963	oundbreaking
22745	-13.102995	مصر
22746	-13.103120	కట్ట
22747	-13.103143	одна
22748	-13.103147	खुल
22749	-13.103329	क्लास
22750	-13.103513	தவிர
22751	-13.109071	అనుమతి
22752	-13.109321	ക്കാരന
22753	-13.110423	ప్రయాణించ
22754	-13.113759	nvesteringar
22755	-13.115003	palliativ
22756	-13.115807	randonnée
22757	-13.116486	verloopt
22758	-13.117784	reitstellung
22759	-13.121393	ર્થ
22760	-13.122392	ుకుంటున్నాను
22761	-13.123146	ుకోవడానికి
22762	-13.127307	dividualized
22763	-13.130799	विद्यालय
22764	-13.133072	నేర్చుకోవ
22765	-13.133091	rendimento
22766	-13.138741	स्थापित
22767	-13.140835	ுகிறார்
22768	-13.140849	মধ্য
22769	-13.140873	அமைந்துள்ள
22770	-13.140940	निश्चित
22771	-13.140960	इंजीनियर
22772	-13.140960	ਪ੍ਰੋਗਰਾਮ
22773	-13.140960	શરૂઆત
22774	-13.140961	abgewickelt
22775	-13.140961	accademiche
22776	-13.140961	androgyne
22777	-13.140961	angesichts
22778	-13.140961	cittadini
22779	-13.140961	cláusula
22780	-13.140961	colaborativa
22781	-13.140961	competizioni
22782	-13.140961	conducente
22783	-13.140961	corporativo
22784	-13.140961	criptomoneda
22785	-13.140961	céramique
22786	-13.140961	discretion
22787	-13.140961	déjeuner
22788	-13.140961	elegibilidad
22789	-13.140961	extérieur
22790	-13.140961	fertilizer
22791	-13.140961	físico
22792	-13.140961	guérison
22793	-13.140961	impresionant
22794	-13.140961	irrigation
22795	-13.140961	katastrophen
22796	-13.140961	liiwiawf
22797	-13.140961	llámame
22798	-13.140961	légumes
22799	-13.140961	mcdermott
22800	-13.140961	mecklenburg
22801	-13.140961	participé
22802	-13.140961	pomeriggio
22803	-13.140961	portafolio
22804	-13.140961	prestataire
22805	-13.140961	progettato
22806	-13.140961	psichiatri
22807	-13.140961	ratschläge
22808	-13.140961	rthumberland
22809	-13.140961	référez
22810	-13.140961	suggerisco
22811	-13.140961	swimming
22812	-13.140961	themselves
22813	-13.140961	нравится
22814	-13.140961	человек
22815	-13.140961	اسکول
22816	-13.140961	بنائیں
22817	-13.140961	ممالک
22818	-13.140961	अनुमति
22819	-13.140961	अपडेट
22820	-13.140961	कपड़े
22821	-13.140961	कुत्रा
22822	-13.140961	छुट्टी
22823	-13.140961	झिरी
22824	-13.140961	निर्माता
22825	-13.140961	प्रतियोगिता
22826	-13.140961	प्रवेश
22827	-13.140961	प्रशिक्षण
22828	-13.140961	बैंक
22829	-13.140961	विलियम
22830	-13.140961	शिक्षक
22831	-13.140961	सुनील
22832	-13.140961	গঠিত
22833	-13.140961	চক্রবর্তী
22834	-13.140961	দুর্দান্ত
22835	-13.140961	পরিচালনা
22836	-13.140961	বাস্কেটবল
22837	-13.140961	স্বাধীন
22838	-13.140961	ਪ੍ਰਦਾਨ
22839	-13.140961	ਬਾਅਦ
22840	-13.140961	ਯੂਨੀਵਰਸਿਟੀ
22841	-13.140961	ਲਿਖਿਆਂ
22842	-13.140961	ગોલ્ફ
22843	-13.140961	પહેલા
22844	-13.140961	બંને
22845	-13.140961	મુલાકાત
22846	-13.140961	સ્થાપના
22847	-13.140961	இடையிலான
22848	-13.140961	இந்தியாவில்
22849	-13.140961	கருப்பு
22850	-13.140961	ஜப்பானிய
22851	-13.140961	தனித்துவமான
22852	-13.140961	நாட்டில்
22853	-13.140961	பூங்கா
22854	-13.140961	மில்லியன
22855	-13.140961	ఆటగాడు
22856	-13.140961	ఉంటారు
22857	-13.140961	ఏర్పడ
22858	-13.140961	కొంతమంది
22859	-13.140961	చారిత్రక
22860	-13.140961	జరిగే
22861	-13.140961	పండ్లు
22862	-13.140961	ప్రపంచంలోని
22863	-13.140961	భాగాలు
22864	-13.140961	మమ్మల్ని
22865	-13.140961	లైసెన్స్
22866	-13.140961	సంబంధిత
22867	-13.140961	ಎಂಬುದರ
22868	-13.140961	ಎತ್ತರ
22869	-13.140961	ಕೆಂಪು
22870	-13.140961	ಚಟುವಟಿಕೆ
22871	-13.140961	ಪ್ರಾಥಮಿಕ
22872	-13.140961	ಷ್ಟಪಡುತ್ತಾರೆ
22873	-13.140961	ಸರೋವರ
22874	-13.140961	അവധിക്കാല
22875	-13.140961	ഇംഗ്ലീഷ
22876	-13.140961	ക്രിക്കറ്റ്
22877	-13.140961	നിന്നാണ്
22878	-13.140961	ബുള്ളറ്റ്
22879	-13.140961	വിവിധ
22880	-13.140962	advancing
22881	-13.140962	beigetragen
22882	-13.140962	financiar
22883	-13.140962	kategori
22884	-13.140962	kovacek
22885	-13.140962	minimizing
22886	-13.140962	psicologici
22887	-13.140962	rechtzeitig
22888	-13.140962	samenleving
22889	-13.140962	vergunning
22890	-13.140962	verhältnis
22891	-13.140962	válida
22892	-13.140962	छात्र
22893	-13.140962	महीने
22894	-13.140962	থাকতে
22895	-13.140962	নির্ভর
22896	-13.140962	বৈশিষ্ট্য
22897	-13.140962	મહત્વપૂર્ણ
22898	-13.140962	ప్రయత్నిస్త
22899	-13.140962	బ్లాక్
22900	-13.140962	భారతీయ
22901	-13.140962	స్టిక్
22902	-13.140963	abweichung
22903	-13.140963	galloway
22904	-13.140963	rcestershire
22905	-13.140963	đâu
22906	-13.140963	कानून
22907	-13.140963	எழுத்துக்கள
22908	-13.140964	augmenté
22909	-13.140964	grocery
22910	-13.140964	navigazione
22911	-13.140964	paucek
22912	-13.140964	rimaniamo
22913	-13.140964	tecnici
22914	-13.140964	twój
22915	-13.140965	risorsa
22916	-13.140965	sauvage
22917	-13.140965	trantow
22918	-13.140965	universal
22919	-13.140965	voorlichting
22920	-13.140965	पुनर्
22921	-13.140965	എണ്ണ
22922	-13.140965	intermediate
22923	-13.140965	nieuwsbrief
22924	-13.140965	பெயரிடப்பட்ட
22925	-13.140966	aussteller
22926	-13.140966	bertutur
22927	-13.140966	disegno
22928	-13.140966	stagione
22929	-13.140966	יודע
22930	-13.140967	cubierto
22931	-13.140967	kembali
22932	-13.140967	omnigender
22933	-13.140967	જૂથ
22934	-13.140968	monetary
22935	-13.140969	climatique
22936	-13.140969	மழை
22937	-13.140971	wartungs
22938	-13.140973	સૌર
22939	-13.140975	సాధన
22940	-13.140977	ಒಳಗೊಂಡಿರ
22941	-13.140978	jersey
22942	-13.140978	pesawat
22943	-13.140979	carriage
22944	-13.140979	ingeniera
22945	-13.140979	ುದಿಲ್ಲ
22946	-13.140980	aussichtlich
22947	-13.140980	uitkering
22948	-13.140980	חדש
22949	-13.140986	ફોન
22950	-13.140988	ತಿನ್ನ
22951	-13.140990	ేటప్పుడు
22952	-13.140997	ಯೋಚಿಸ
22953	-13.140998	freigabe
22954	-13.140999	விகித
22955	-13.141029	voorziening
22956	-13.141033	ಪಡೆದ
22957	-13.141041	న్యాయ
22958	-13.141047	ট্যা
22959	-13.141053	ראה
22960	-13.141060	ચલાવ
22961	-13.141064	നാല്
22962	-13.141109	ець
22963	-13.141186	forensische
22964	-13.141306	след
22965	-13.141309	فارم
22966	-13.141389	కలుస్త
22967	-13.141446	anziani
22968	-13.141479	ব্যবস্থা
22969	-13.141566	racconta
22970	-13.142119	xperimentado
22971	-13.142191	géolocalis
22972	-13.142197	જૂન
22973	-13.149685	ctionnalités
22974	-13.154150	ഇഷ്ടപ്പെട
22975	-13.158152	িয়ন
22976	-13.161891	dersteunings
22977	-13.165787	ಕಾರ್ಯನಿರ್ವ
22978	-13.173265	ீர்கள்
22979	-13.174018	धारण
22980	-13.175639	ਾਈਡ
22981	-13.176176	జన్మించి
22982	-13.180842	olduğu
22983	-13.180894	వర్గీకరించ
22984	-13.180943	கொண்டாட
22985	-13.180947	పుట్టిన
22986	-13.180951	दस्तावेज
22987	-13.180953	ుకోవడం
22988	-13.180960	congénita
22989	-13.180961	aanzienlijk
22990	-13.180961	accionista
22991	-13.180961	aiuterà
22992	-13.180961	androgynous
22993	-13.180961	arrangieren
22994	-13.180961	bechtelar
22995	-13.180961	bekräftelse
22996	-13.180961	colaborativo
22997	-13.180961	connecticut
22998	-13.180961	creatividad
22999	-13.180961	ddestramento
23000	-13.180961	dirigimos
23001	-13.180961	découvrez
23002	-13.180961	economische
23003	-13.180961	ermaphrodite
23004	-13.180961	gewährt
23005	-13.180961	hinzugefügt
23006	-13.180961	irgendwelche
23007	-13.180961	itinéraire
23008	-13.180961	legislazione
23009	-13.180961	lisinopril
23010	-13.180961	macejkovic
23011	-13.180961	mencionó
23012	-13.180961	muotathal
23013	-13.180961	nnenzulernen
23014	-13.180961	olympiad
23015	-13.180961	onsidération
23016	-13.180961	ordonnance
23017	-13.180961	practitioner
23018	-13.180961	quantitative
23019	-13.180961	quotidiana
23020	-13.180961	rechazado
23021	-13.180961	respectueuse
23022	-13.180961	rudolph
23023	-13.180961	skräfte
23024	-13.180961	souscription
23025	-13.180961	transparenz
23026	-13.180961	équilibré
23027	-13.180961	צרפתית
23028	-13.180961	الإنجليزية
23029	-13.180961	عظیم
23030	-13.180961	अनन्या
23031	-13.180961	एपिसोड
23032	-13.180961	कार्यशाला
23033	-13.180961	खेळाडू
23034	-13.180961	घरेलू
23035	-13.180961	जगातील
23036	-13.180961	जिन्होंने
23037	-13.180961	टेक्सास
23038	-13.180961	पौधों
23039	-13.180961	बोनसाई
23040	-13.180961	मजेदार
23041	-13.180961	मैनुअल
23042	-13.180961	व्यंजन
23043	-13.180961	व्यावसायिक
23044	-13.180961	संरक्षण
23045	-13.180961	सर्वश्रेष्ठ
23046	-13.180961	सर्वाधिक
23047	-13.180961	सिद्धांत
23048	-13.180961	सिस्टम
23049	-13.180961	অন্যান্য
23050	-13.180961	আলাদা
23051	-13.180961	কৌশল
23052	-13.180961	নিচের
23053	-13.180961	ব্যায়াম
23054	-13.180961	ভারতের
23055	-13.180961	ਆਬਾਦੀ
23056	-13.180961	ਇਨ੍ਹਾਂ
23057	-13.180961	ਜ਼ਰੂਰਤ
23058	-13.180961	ਪੁਰਸਕਾਰ
23059	-13.180961	ਯੁੱਧ
23060	-13.180961	ਵੱਡੇ
23061	-13.180961	ਸਮੁੰਦਰ
23062	-13.180961	પદ્ધતિ
23063	-13.180961	நட்சத்திர
23064	-13.180961	நிர்வாக
23065	-13.180961	நெருப்பின்
23066	-13.180961	முழுவதும்
23067	-13.180961	மேற்கு
23068	-13.180961	மைக்கேல்
23069	-13.180961	வங்கி
23070	-13.180961	జర్మనీ
23071	-13.180961	థ్రోన్స్
23072	-13.180961	ధ్వని
23073	-13.180961	పరుగెత్త
23074	-13.180961	పాఠాన్ని
23075	-13.180961	ప్రయత్నించ
23076	-13.180961	ప్రవేశ
23077	-13.180961	భౌతిక
23078	-13.180961	వయసు
23079	-13.180961	సులభం
23080	-13.180961	ಉತ್ಪನ್ನ
23081	-13.180961	ಕ್ಕಾಗಿ
23082	-13.180961	ಧ್ವನಿ
23083	-13.180961	ಪ್ರಮಾಣ
23084	-13.180961	അതിന്റെ
23085	-13.180961	അർത്ഥ
23086	-13.180961	പൂച്ച
23087	-13.180961	ഫ്രഞ്ച്
23088	-13.180962	alimentation
23089	-13.180962	bogenschieß
23090	-13.180962	daarnaast
23091	-13.180962	dishonesty
23092	-13.180962	inmueble
23093	-13.180962	innebär
23094	-13.180962	murazik
23095	-13.180962	praktika
23096	-13.180962	qualifizier
23097	-13.180962	também
23098	-13.180962	ufgezeichnet
23099	-13.180962	अनिल
23100	-13.180962	वस्तू
23101	-13.180962	समाज
23102	-13.180962	সন্তান
23103	-13.180962	ఉద్యానవన
23104	-13.180962	పర్యటన
23105	-13.180962	ಇಂಗ್ಲಿಷ್
23106	-13.180962	ಬಿಡುಗಡೆ
23107	-13.180962	പുരുഷ
23108	-13.180963	astronaut
23109	-13.180963	betekenis
23110	-13.180963	dirigido
23111	-13.180963	innovativo
23112	-13.180963	wuckert
23113	-13.180963	şarkı
23114	-13.180963	જર્મન
23115	-13.180963	కనిపిస్త
23116	-13.180964	botsford
23117	-13.180964	computador
23118	-13.180964	schamberger
23119	-13.180964	seksuele
23120	-13.180964	verdieping
23121	-13.180964	രണ്ടാം
23122	-13.180964	hermiston
23123	-13.180964	mitigazione
23124	-13.180964	pivotal
23125	-13.180964	recibida
23126	-13.180964	సంఘం
23127	-13.180965	admirable
23128	-13.180965	peinture
23129	-13.180966	vigilant
23130	-13.180967	తెచ్చ
23131	-13.180968	kostüm
23132	-13.180968	મદદ
23133	-13.180968	સમૂહ
23134	-13.180968	ಬಳಿ
23135	-13.180969	constitue
23136	-13.180970	augmenter
23137	-13.180970	kessler
23138	-13.180971	hormonal
23139	-13.180971	soggiorno
23140	-13.180973	উৎস
23141	-13.180973	పండుగ
23142	-13.180973	సమర్ప
23143	-13.180976	vacances
23144	-13.180978	গ্যা
23145	-13.180978	દોડ
23146	-13.180979	sœur
23147	-13.180984	verschickt
23148	-13.180985	policyhållar
23149	-13.180990	தொகுப்ப
23150	-13.181000	gründlich
23151	-13.181004	ಮಳೆ
23152	-13.181008	pueblo
23153	-13.181016	சுற்றி
23154	-13.181027	ਲਿਖੀ
23155	-13.181027	ேஷன்
23156	-13.181030	nichols
23157	-13.181066	orübergehend
23158	-13.181067	готов
23159	-13.181070	contribuzion
23160	-13.181073	ബാൻഡ
23161	-13.181075	शक्ति
23162	-13.181099	वंश
23163	-13.181100	dominant
23164	-13.181129	நடத்த
23165	-13.181141	दाखव
23166	-13.181221	మార్గాల
23167	-13.181529	आसान
23168	-13.182566	intermittent
23169	-13.183080	గడ్డ
23170	-13.184653	mplementando
23171	-13.188197	dokrinologie
23172	-13.191041	ositivamente
23173	-13.196836	вопрос
23174	-13.203255	ಿಸಲಾದ
23175	-13.205700	संस्था
23176	-13.205929	proporcion
23177	-13.207585	credential
23178	-13.208027	ಪರಿಗಣಿಸ
23179	-13.215239	했
23180	-13.217404	reconnaissan
23181	-13.217474	empfehle
23182	-13.219265	figurazione
23183	-13.220366	erantwortung
23184	-13.220382	ുകളാണ്
23185	-13.220607	enfermedad
23186	-13.222558	যন্ত্র
23187	-13.222593	ਸਮਾਂ
23188	-13.222622	जांच
23189	-13.222627	শ্রেণী
23190	-13.222627	ચોક્કસ
23191	-13.222627	முட்டை
23192	-13.222627	అభ్యాస
23193	-13.222628	aanvrager
23194	-13.222628	abernathy
23195	-13.222628	abgelehnt
23196	-13.222628	abzeichen
23197	-13.222628	alessandro
23198	-13.222628	altenwerth
23199	-13.222628	ansässig
23200	-13.222628	apprentice
23201	-13.222628	avkastning
23202	-13.222628	balancing
23203	-13.222628	befriedigend
23204	-13.222628	concession
23205	-13.222628	diskriminier
23206	-13.222628	erläuter
23207	-13.222628	ertfordshire
23208	-13.222628	evacuate
23209	-13.222628	financiación
23210	-13.222628	gesetzgebung
23211	-13.222628	génération
23212	-13.222628	ihtiyacı
23213	-13.222628	imágenes
23214	-13.222628	inserimento
23215	-13.222628	insérer
23216	-13.222628	krajcik
23217	-13.222628	linguistique
23218	-13.222628	lueilwitz
23219	-13.222628	metodología
23220	-13.222628	ninguém
23221	-13.222628	négociation
23222	-13.222628	oklahoma
23223	-13.222628	onderzocht
23224	-13.222628	präsentiert
23225	-13.222628	psiquiátrica
23226	-13.222628	recibió
23227	-13.222628	ripristino
23228	-13.222628	sorveglianza
23229	-13.222628	standigheden
23230	-13.222628	tecnológico
23231	-13.222628	todavía
23232	-13.222628	trasferiti
23233	-13.222628	vertretung
23234	-13.222628	veterinaria
23235	-13.222628	économie
23236	-13.222628	сказать
23237	-13.222628	слишком
23238	-13.222628	телефон
23239	-13.222628	باسکٹ
23240	-13.222628	مثال
23241	-13.222628	موسیقی
23242	-13.222628	आबादी
23243	-13.222628	इंग्लैंड
23244	-13.222628	कुत्र्या
23245	-13.222628	ड्रेस
23246	-13.222628	ण्याचे
23247	-13.222628	तुझं
23248	-13.222628	पीछे
23249	-13.222628	प्रथम
23250	-13.222628	प्रोटीन
23251	-13.222628	रविवार
23252	-13.222628	रोहित
23253	-13.222628	विनाइल
23254	-13.222628	सफरचंद
23255	-13.222628	सिनेमा
23256	-13.222628	सोबत
23257	-13.222628	सोशल
23258	-13.222628	অঞ্চল
23259	-13.222628	অনুসারে
23260	-13.222628	ইংরেজ
23261	-13.222628	উদাহরণ
23262	-13.222628	জন্মগ্রহণ
23263	-13.222628	পদ্ধতি
23264	-13.222628	পরামর্শ
23265	-13.222628	ফরাসি
23266	-13.222628	বসবাস
23267	-13.222628	বুলেটেড
23268	-13.222628	মুক্তি
23269	-13.222628	হিসেবে
23270	-13.222628	ਗਿਟਾਰ
23271	-13.222628	ਨਿਰਭਰ
23272	-13.222628	ਪਹਿਲੇ
23273	-13.222628	ਪਹੁੰਚ
23274	-13.222628	ਲਿਖੇ
23275	-13.222628	દૂર
23276	-13.222628	ધ્યાન
23277	-13.222628	પક્ષી
23278	-13.222628	પેસેજ
23279	-13.222628	મુસાફરી
23280	-13.222628	அற்புதமான
23281	-13.222628	ஆரஞ்சு
23282	-13.222628	இருக்கிறதா
23283	-13.222628	எங்கிருந்து
23284	-13.222628	என்பதற்கான
23285	-13.222628	ஏற்படுத்த
23286	-13.222628	சுழற்சி
23287	-13.222628	தீப்பொறி
23288	-13.222628	பயன்பாடுகள
23289	-13.222628	வருவனவற்றுள்
23290	-13.222628	வானிலை
23291	-13.222628	விண்வெளி
23292	-13.222628	ఆకృతిలో
23293	-13.222628	ఆలోచించ
23294	-13.222628	టెలివిజన్
23295	-13.222628	తరగతి
23296	-13.222628	నిర్దిష్ట
23297	-13.222628	పబ్లిక్
23298	-13.222628	పెట్టండి
23299	-13.222628	ఫ్రాన్స్
23300	-13.222628	భద్రత
23301	-13.222628	సరదా
23302	-13.222628	సింగపూర్
23303	-13.222628	సిమ్యులేషన్
23304	-13.222628	ಅಗ್ರ
23305	-13.222628	ಕಳೆದ
23306	-13.222628	ಬೇರ್ಪಡಿಸಿ
23307	-13.222628	ಮೌಲ್ಯ
23308	-13.222628	ವಿರುದ್ಧ
23309	-13.222628	ಿಶ್ವವಿದ್ಯಾಲಯ
23310	-13.222628	ഇനമാണ്
23311	-13.222628	കുടുംബ
23312	-13.222628	ടെക്സ്റ്റ്
23313	-13.222628	ലാൻഡ്
23314	-13.222628	വളർത്തുമൃഗ
23315	-13.222628	സർവകലാശാല
23316	-13.222629	abgelaufen
23317	-13.222629	assegnazione
23318	-13.222629	empathie
23319	-13.222629	essenziali
23320	-13.222629	figurine
23321	-13.222629	florentina
23322	-13.222629	grampian
23323	-13.222629	intricate
23324	-13.222629	kontrahent
23325	-13.222629	marriott
23326	-13.222629	méditation
23327	-13.222629	täckning
23328	-13.222629	unterkunft
23329	-13.222629	आदमी
23330	-13.222629	पूल
23331	-13.222629	लागली
23332	-13.222629	विजेता
23333	-13.222629	પ્રકાશ
23334	-13.222629	நண்பர
23335	-13.222629	ಕಾರ್ಯಕ್ರಮ
23336	-13.222629	ಮಾತನಾಡ
23337	-13.222629	ವ್ಯವಸ್ಥೆ
23338	-13.222629	ചിഹ്ന
23339	-13.222630	auswertung
23340	-13.222630	brassage
23341	-13.222630	eventually
23342	-13.222630	expedite
23343	-13.222630	koshish
23344	-13.222630	sauvegarde
23345	-13.222630	situated
23346	-13.222630	öppna
23347	-13.222630	बहन
23348	-13.222630	திட்டமிட
23349	-13.222631	autopista
23350	-13.222631	ஒற்றை
23351	-13.222631	bradford
23352	-13.222631	sydney
23353	-13.222631	tributaria
23354	-13.222631	zürcher
23355	-13.222632	beantragung
23356	-13.222632	goyette
23357	-13.222632	procès
23358	-13.222633	chbarschafts
23359	-13.222633	décoration
23360	-13.222635	giornali
23361	-13.222635	sekolah
23362	-13.222635	vakantie
23363	-13.222637	అభి
23364	-13.222638	pesticide
23365	-13.222638	ਵਿਗਿਆਨ
23366	-13.222639	gleason
23367	-13.222639	ುತ್ತೇನೆ
23368	-13.222640	sólida
23369	-13.222646	ergonomi
23370	-13.222646	மத்திய
23371	-13.222651	pacific
23372	-13.222662	pioneer
23373	-13.222667	acordado
23374	-13.222667	शेवट
23375	-13.222677	existencial
23376	-13.222677	ுவதை
23377	-13.222678	misiones
23378	-13.222679	ਬਦਲ
23379	-13.222689	بینک
23380	-13.222707	ಒಟ್ಟ
23381	-13.222708	சேர்க்க
23382	-13.222717	reciproc
23383	-13.222724	ೋಟಾ
23384	-13.222725	गुलाब
23385	-13.222734	అనుకుంటున్నా
23386	-13.222742	ஸ்பெயின
23387	-13.222848	üşü
23388	-13.222919	ముక్క
23389	-13.222934	ಪಂದ್ಯ
23390	-13.223097	ేస్‌హోల్డర్‌
23391	-13.223231	concurrentie
23392	-13.223276	ಅವನ
23393	-13.223310	શ્ર
23394	-13.223388	ശ്വ
23395	-13.223776	tgliedschaft
23396	-13.227585	ायचे
23397	-13.229072	கருதப்படுகிற
23398	-13.231478	నేర్చుక
23399	-13.233404	నల్ల
23400	-13.233935	tfallkontakt
23401	-13.237900	verletzt
23402	-13.244140	بچے
23403	-13.247196	വേഗത
23404	-13.250244	rühkindliche
23405	-13.252717	aracteristic
23406	-13.255110	वाजव
23407	-13.256291	ారని
23408	-13.257344	עול
23409	-13.258355	ीकृत
23410	-13.260128	ಕಟ್ಟ
23411	-13.260357	getekend
23412	-13.260619	execute
23413	-13.263090	reimburse
23414	-13.263887	மண்
23415	-13.264735	recomendar
23416	-13.265364	schwierig
23417	-13.265944	డబ్బు
23418	-13.266019	প্রিয়
23419	-13.266057	रक्षा
23420	-13.266105	ferrocarril
23421	-13.266105	জর্জ
23422	-13.266105	ઓસ્ટ્રેલિયા
23423	-13.266105	ఒలింపిక్
23424	-13.266106	agricoltura
23425	-13.266106	apprezzata
23426	-13.266106	atmosfera
23427	-13.266106	concordano
23428	-13.266106	consumatori
23429	-13.266106	ctéristiques
23430	-13.266106	diagnostiqué
23431	-13.266106	efectividad
23432	-13.266106	enseigner
23433	-13.266106	enseñanza
23434	-13.266106	fertility
23435	-13.266106	giardinaggio
23436	-13.266106	gibraltar
23437	-13.266106	grindelwald
23438	-13.266106	guadalupe
23439	-13.266106	gwynedd
23440	-13.266106	hypothécaire
23441	-13.266106	imperative
23442	-13.266106	insolvency
23443	-13.266106	irregolarità
23444	-13.266106	istruttore
23445	-13.266106	judiciaire
23446	-13.266106	kollektion
23447	-13.266106	koordiniert
23448	-13.266106	lactancia
23449	-13.266106	lebsack
23450	-13.266106	lkxwrjsmekkf
23451	-13.266106	magnifique
23452	-13.266106	memorándum
23453	-13.266106	minnesota
23454	-13.266106	morissette
23455	-13.266106	negotiable
23456	-13.266106	negoziazione
23457	-13.266106	ntimonopolio
23458	-13.266106	optimizar
23459	-13.266106	overwhelmed
23460	-13.266106	patrimoine
23461	-13.266106	potentieel
23462	-13.266106	pouviez
23463	-13.266106	reduktion
23464	-13.266106	rilassamento
23465	-13.266106	schaffhausen
23466	-13.266106	simplicity
23467	-13.266106	simplified
23468	-13.266106	sintonizzati
23469	-13.266106	soprattutto
23470	-13.266106	souffrant
23471	-13.266106	styrelse
23472	-13.266106	tatsächlich
23473	-13.266106	tentativi
23474	-13.266106	toegankelijk
23475	-13.266106	tremblay
23476	-13.266106	unerlässlich
23477	-13.266106	vorpommern
23478	-13.266106	vrijstelling
23479	-13.266106	webbplats
23480	-13.266106	wekelijkse
23481	-13.266106	xtinguishing
23482	-13.266106	éligibilité
23483	-13.266106	übrigens
23484	-13.266106	французьк
23485	-13.266106	זמן
23486	-13.266106	רוצה
23487	-13.266106	اثر
23488	-13.266106	خاص
23489	-13.266106	سكورة
23490	-13.266106	عاصمة
23491	-13.266106	معلوم
23492	-13.266106	هناك
23493	-13.266106	چھوٹے
23494	-13.266106	کیلیفورنیا
23495	-13.266106	کیونکہ
23496	-13.266106	गतिविधियों
23497	-13.266106	घेतला
23498	-13.266106	घोषणा
23499	-13.266106	चांगले
23500	-13.266106	चैंपियनशिप
23501	-13.266106	जाएगी
23502	-13.266106	टेरारियम
23503	-13.266106	नेटवर्क
23504	-13.266106	नेतृत्व
23505	-13.266106	परमाणु
23506	-13.266106	पोर्टफोलियो
23507	-13.266106	बॉस्टनमध्ये
23508	-13.266106	युरोप
23509	-13.266106	रमेश
23510	-13.266106	संगणक
23511	-13.266106	सक्रिय
23512	-13.266106	सफेद
23513	-13.266106	দর্শন
23514	-13.266106	নির্দিষ্ট
23515	-13.266106	পরিকল্পনা
23516	-13.266106	প্রক্রিয়া
23517	-13.266106	বাইরে
23518	-13.266106	বিরুদ্ধে
23519	-13.266106	বৃষ্টি
23520	-13.266106	সুন্দর
23521	-13.266106	ਇਤਿਹਾਸ
23522	-13.266106	ਕੈਲੀਫੋਰਨੀਆ
23523	-13.266106	ਦਹਾਕੇ
23524	-13.266106	ਪਰਿਵਾਰ
23525	-13.266106	ਬਾਸਕਟਬਾਲ
23526	-13.266106	ਯੰਤਰ
23527	-13.266106	આલ્બમ
23528	-13.266106	આવ્યા
23529	-13.266106	ઇંગ્લેન્ડ
23530	-13.266106	ઉચ્ચ
23531	-13.266106	ઓછા
23532	-13.266106	કેલિફોર્નિયા
23533	-13.266106	ક્રિકેટ
23534	-13.266106	નોંધ
23535	-13.266106	રાજધાની
23536	-13.266106	காரணம்
23537	-13.266106	கோட்டை
23538	-13.266106	சர்வதேச
23539	-13.266106	சேமிப்பு
23540	-13.266106	நீளமான
23541	-13.266106	ரோமானிய
23542	-13.266106	ఆహ్వాన
23543	-13.266106	ఇల్లు
23544	-13.266106	నిర్ధారించ
23545	-13.266106	ప్రాధాన్యత
23546	-13.266106	ఫిక్షన్
23547	-13.266106	వివరణ
23548	-13.266106	విశ్లేషణ
23549	-13.266106	సియాటల్
23550	-13.266106	సోషల్
23551	-13.266106	ಅಭ್ಯಾಸ
23552	-13.266106	ತುಂಬಾ
23553	-13.266106	ನೀರಿನ
23554	-13.266106	ಪೂರ್ವ
23555	-13.266106	ಬೇಸಿಗೆ
23556	-13.266106	ಮನುಷ್ಯ
23557	-13.266106	ಯೋಜನೆ
23558	-13.266106	ವೆಂದು
23559	-13.266106	ಸೇರಿವೆ
23560	-13.266106	ಹಲವಾರು
23561	-13.266106	കാലാവസ്ഥ
23562	-13.266107	ausschuss
23563	-13.266107	forniture
23564	-13.266107	fundraiser
23565	-13.266107	förnyelse
23566	-13.266107	halvorson
23567	-13.266107	hochwertige
23568	-13.266107	hydroxide
23569	-13.266107	iscritti
23570	-13.266107	patterson
23571	-13.266107	punctual
23572	-13.266107	simulator
23573	-13.266107	singapore
23574	-13.266107	själv
23575	-13.266107	statistiche
23576	-13.266107	underteckna
23577	-13.266107	öffnen
23578	-13.266107	تله
23579	-13.266107	ढूंढ
23580	-13.266107	मेन्नाद
23581	-13.266107	பழமையான
23582	-13.266107	ంధ్ర
23583	-13.266107	ఉప్పు
23584	-13.266107	ఎన్బీఏ
23585	-13.266107	జిల్లా
23586	-13.266107	ಇಂಗ್ಲೆಂಡ್
23587	-13.266107	വിനോദ
23588	-13.266107	ിലൂടെ
23589	-13.266108	anregungen
23590	-13.266108	bestrebt
23591	-13.266108	didattici
23592	-13.266108	iscriverti
23593	-13.266108	malheureuse
23594	-13.266108	mínima
23595	-13.266108	werkplek
23596	-13.266108	चयन
23597	-13.266108	মডেল
23598	-13.266108	கண்டுபிடித்த
23599	-13.266109	enverrons
23600	-13.266109	geschillen
23601	-13.266109	iluminación
23602	-13.266109	impiego
23603	-13.266109	oofffxxx
23604	-13.266109	prominent
23605	-13.266109	rodrigo
23606	-13.266109	saxony
23607	-13.266109	காரணமாக
23608	-13.266109	മേഖല
23609	-13.266109	considine
23610	-13.266109	éclairé
23611	-13.266109	लवकर
23612	-13.266111	eclamaciones
23613	-13.266113	émographique
23614	-13.266114	malaysia
23615	-13.266114	ognuno
23616	-13.266114	קרוב
23617	-13.266116	veillant
23618	-13.266118	stimuler
23619	-13.266119	ராணி
23620	-13.266123	ುವುದನ್ನು
23621	-13.266127	gorczany
23622	-13.266131	ਚੰਗੀ
23623	-13.266136	ఆకార
23624	-13.266138	டிரம்
23625	-13.266149	onstructieve
23626	-13.266161	ஆட்சி
23627	-13.266162	bisherige
23628	-13.266184	geolocalizza
23629	-13.266205	ುವಿಕೆ
23630	-13.266212	स्रोत
23631	-13.266217	خوش
23632	-13.266243	ਦੂਰ
23633	-13.266267	പരമായ
23634	-13.266289	मंडल
23635	-13.266298	బయట
23636	-13.266317	పదం
23637	-13.266340	ourselves
23638	-13.266447	பாதிக்க
23639	-13.266549	నౌక
23640	-13.266589	ാമത്
23641	-13.266755	nforgettable
23642	-13.267167	बजाय
23643	-13.267576	నవల
23644	-13.267750	ിപ്പിച്ച
23645	-13.276435	ıydı
23646	-13.276481	రాష్ట్ర
23647	-13.283162	konfliktlös
23648	-13.285050	tinuierliche
23649	-13.289391	ള്ള
23650	-13.289752	gistrierungs
23651	-13.292876	வீர
23652	-13.300423	persönlich
23653	-13.300633	incidencia
23654	-13.310698	abcdefghijk
23655	-13.311048	లేస్‌హోల్డర్
23656	-13.311429	ською
23657	-13.311550	പൊതു
23658	-13.311556	महत्व
23659	-13.311559	உரிமை
23660	-13.311560	auseinander
23661	-13.311560	आर्थिक
23662	-13.311560	विद्यापीठ
23663	-13.311560	প্রস্তুত
23664	-13.311560	கப்பல்
23665	-13.311560	கலாச்சார
23666	-13.311560	ಕಥೆಯ
23667	-13.311561	abenteuer
23668	-13.311561	abondamment
23669	-13.311561	acağını
23670	-13.311561	architettura
23671	-13.311561	arlemmermeer
23672	-13.311561	auptsächlich
23673	-13.311561	behilflich
23674	-13.311561	belarusian
23675	-13.311561	beschikbare
23676	-13.311561	considéré
23677	-13.311561	corrosive
23678	-13.311561	costruttivo
23679	-13.311561	crittografat
23680	-13.311561	dimenticato
23681	-13.311561	domiciliari
23682	-13.311561	déclaré
23683	-13.311561	ergriffen
23684	-13.311561	evoluzione
23685	-13.311561	expensive
23686	-13.311561	fahrerlizenz
23687	-13.311561	famiglie
23688	-13.311561	folklorique
23689	-13.311561	fábrica
23690	-13.311561	fällt
23691	-13.311561	gegenstände
23692	-13.311561	générer
23693	-13.311561	impegniamo
23694	-13.311561	inklusion
23695	-13.311561	inmobiliaria
23696	-13.311561	intégré
23697	-13.311561	jacqueline
23698	-13.311561	kertzmann
23699	-13.311561	leitfaden
23700	-13.311561	logistiek
23701	-13.311561	onsignatario
23702	-13.311561	optimizing
23703	-13.311561	pediátrico
23704	-13.311561	prosacco
23705	-13.311561	recevrez
23706	-13.311561	recognizing
23707	-13.311561	recopilados
23708	-13.311561	riscontrando
23709	-13.311561	rozmawia
23710	-13.311561	stoltenberg
23711	-13.311561	struktioner
23712	-13.311561	subsequent
23713	-13.311561	tráfico
23714	-13.311561	tumbuhan
23715	-13.311561	témoignage
23716	-13.311561	vaudoise
23717	-13.311561	versichtlich
23718	-13.311561	verzeichnis
23719	-13.311561	épidémie
23720	-13.311561	пять
23721	-13.311561	сделал
23722	-13.311561	أحب
23723	-13.311561	اسٹار
23724	-13.311561	المدرسة
23725	-13.311561	ایوارڈ
23726	-13.311561	جھیل
23727	-13.311561	رسالة
23728	-13.311561	سمجھا
23729	-13.311561	سورج
23730	-13.311561	سیٹل
23731	-13.311561	مشرق
23732	-13.311561	نیچے
23733	-13.311561	يانّي
23734	-13.311561	کمپیوٹر
23735	-13.311561	अंग्रेज़ी
23736	-13.311561	अंजलि
23737	-13.311561	अंदर
23738	-13.311561	अगले
23739	-13.311561	अनुसंधान
23740	-13.311561	अफ्रीका
23741	-13.311561	अलास्का
23742	-13.311561	एशिया
23743	-13.311561	गणित
23744	-13.311561	गौरव
23745	-13.311561	घेतली
23746	-13.311561	दीजिए
23747	-13.311561	निर्णय
23748	-13.311561	पहेली
23749	-13.311561	पुराना
23750	-13.311561	फैसला
23751	-13.311561	फ्रांसिस्को
23752	-13.311561	बगीचे
23753	-13.311561	बातचीत
23754	-13.311561	बुलेटेड
23755	-13.311561	विद्यार्थी
23756	-13.311561	संक्षिप्त
23757	-13.311561	संस्करण
23758	-13.311561	सुबह
23759	-13.311561	আবিষ্কার
23760	-13.311561	উদ্দেশ্য
23761	-13.311561	কম্পিউটার
23762	-13.311561	গবেষণা
23763	-13.311561	রেকর্ড
23764	-13.311561	ਜਰਮਨ
23765	-13.311561	ਧਿਆਨ
23766	-13.311561	ਪੂਰਬੀ
23767	-13.311561	ਫੋਨ
23768	-13.311561	ਲਡ਼ੀ
23769	-13.311561	ਲੱਕਡ਼
23770	-13.311561	ਹਾਊਸ
23771	-13.311561	કેન્દ્ર
23772	-13.311561	ટેનિસ
23773	-13.311561	ધરાવે
23774	-13.311561	બ્રહ્માંડ
23775	-13.311561	મહિલા
23776	-13.311561	માછલી
23777	-13.311561	વિચારો
23778	-13.311561	વ્યાવસાયિક
23779	-13.311561	શૈલી
23780	-13.311561	ஏப்ரல்
23781	-13.311561	ஒன்றாகும்
23782	-13.311561	காரணங்கள்
23783	-13.311561	சக்தி
23784	-13.311561	பரிசு
23785	-13.311561	பார்வையிட
23786	-13.311561	பிரிட்டிஷ்
23787	-13.311561	மீண்டும்
23788	-13.311561	అంచనా
23789	-13.311561	అణు
23790	-13.311561	ఉదయం
23791	-13.311561	ఎల్లప్పుడూ
23792	-13.311561	ఓపెన్
23793	-13.311561	కెరీర్
23794	-13.311561	నీలం
23795	-13.311561	నెదర్లాండ్స్
23796	-13.311561	ప్రకృతి
23797	-13.311561	బ్రాండ్
23798	-13.311561	మాంసం
23799	-13.311561	మిలియన్
23800	-13.311561	ల్యాండ్
23801	-13.311561	వ్యవసాయ
23802	-13.311561	వ్యవస్థాపకుడ
23803	-13.311561	షెడ్యూల్
23804	-13.311561	ಉತ್ಪಾದಿಸ
23805	-13.311561	ಕೆನಡಾ
23806	-13.311561	ಕ್ಲಬ್
23807	-13.311561	ಗಿಟಾರ್
23808	-13.311561	ಜೀವಂತವಾಗಿವೆ
23809	-13.311561	ದಾಖಲ
23810	-13.311561	ಪದಾರ್ಥ
23811	-13.311561	ಪ್ರಯಾಣಿಸ
23812	-13.311561	ಬುಲೆಟ್
23813	-13.311561	ಶತಮಾನದ
23814	-13.311561	ഏഷ്യ
23815	-13.311561	ഗോൾഫ്
23816	-13.311561	ബന്ധപ്പെട്ട
23817	-13.311562	divertente
23818	-13.311562	exprimé
23819	-13.311562	filtration
23820	-13.311562	gewonnen
23821	-13.311562	gloucester
23822	-13.311562	inglês
23823	-13.311562	istituzioni
23824	-13.311562	ofreciendo
23825	-13.311562	pazienza
23826	-13.311562	sendercompid
23827	-13.311562	terapista
23828	-13.311562	खरं
23829	-13.311562	ફ્રાન્સિસ્કો
23830	-13.311562	ಮಾಹಿತಿ
23831	-13.311562	ഇംഗ്ലണ്ട
23832	-13.311563	auxilios
23833	-13.311563	eclipse
23834	-13.311563	inventaire
23835	-13.311563	thermostat
23836	-13.311563	zuweisung
23837	-13.311563	கொண்டுள்ளன
23838	-13.311563	erledigen
23839	-13.311563	ঘটনা
23840	-13.311564	אחד
23841	-13.311564	শিক্ষা
23842	-13.311565	appropriati
23843	-13.311565	incorporar
23844	-13.311565	quittung
23845	-13.311565	ರಾಗಿದ್ದರು
23846	-13.311566	incontriamoc
23847	-13.311568	bnormalities
23848	-13.311572	رفتار
23849	-13.311572	ভূত
23850	-13.311573	aandoening
23851	-13.311576	এসেছে
23852	-13.311577	گاڑی
23853	-13.311583	ಂತಹ
23854	-13.311590	ಿಸಲಾಗಿದೆ
23855	-13.311595	கட்டமைப்ப
23856	-13.311601	perinatale
23857	-13.311606	ответ
23858	-13.311661	eorganiseerd
23859	-13.311688	ചേർന്ന
23860	-13.311689	પૂર
23861	-13.311730	ીકરણ
23862	-13.311835	બદલ
23863	-13.311847	ಾಯ್
23864	-13.311868	pdrachtgever
23865	-13.312192	ఒక్క
23866	-13.312730	ఆత్మ
23867	-13.319340	తెలుసుకోవాలన
23868	-13.320291	zusätzlich
23869	-13.320603	சங்க
23870	-13.327213	eschäftsjahr
23871	-13.330089	स्पर्धा
23872	-13.333426	edetailleerd
23873	-13.336056	ਭਾਰ
23874	-13.336884	వస్తు
23875	-13.337885	ద్రవ
23876	-13.338552	ज्ञान
23877	-13.345783	ganizzazioni
23878	-13.348586	എന്തിന
23879	-13.354705	spécifi
23880	-13.356763	fertigstell
23881	-13.357092	gewöhnlich
23882	-13.359142	తెలియజేయ
23883	-13.359148	तुलना
23884	-13.359160	ಒಳಗೊಂಡ
23885	-13.359178	पहिल्या
23886	-13.359179	ब्लैक
23887	-13.359179	ास्त्र
23888	-13.359179	ান্স
23889	-13.359179	ફ્રેન્ચ
23890	-13.359179	கிறிஸ்
23891	-13.359179	தொலைபேசி
23892	-13.359179	மெக்னீசிய
23893	-13.359179	బంతి
23894	-13.359179	abbonamento
23895	-13.359179	accompagna
23896	-13.359179	acterísticas
23897	-13.359179	adqssw
23898	-13.359179	amphibian
23899	-13.359179	angehängt
23900	-13.359179	assicuriamo
23901	-13.359179	beneficenza
23902	-13.359179	cloruro
23903	-13.359179	coinvolgono
23904	-13.359179	cruickshank
23905	-13.359179	crítico
23906	-13.359179	często
23907	-13.359179	desarrollado
23908	-13.359179	differenze
23909	-13.359179	dólares
23910	-13.359179	eilenkirchen
23911	-13.359179	enorgullece
23912	-13.359179	estadísticas
23913	-13.359179	estratégico
23914	-13.359179	gewohnheiten
23915	-13.359179	hakkında
23916	-13.359179	infringement
23917	-13.359179	interruzioni
23918	-13.359179	konuşur
23919	-13.359179	koordinator
23920	-13.359179	kshlerin
23921	-13.359179	lagstiftning
23922	-13.359179	marítima
23923	-13.359179	merchandise
23924	-13.359179	mexicali
23925	-13.359179	nödvändig
23926	-13.359179	pekerjaan
23927	-13.359179	peperiksaan
23928	-13.359179	pfannerstill
23929	-13.359179	psychiatrie
23930	-13.359179	raccolto
23931	-13.359179	recomendada
23932	-13.359179	résiliation
23933	-13.359179	satisfactori
23934	-13.359179	steampunk
23935	-13.359179	stärkung
23936	-13.359179	suggerisce
23937	-13.359179	tandarizadas
23938	-13.359179	terapeutiche
23939	-13.359179	verteidigung
23940	-13.359179	veterinary
23941	-13.359179	weaknesses
23942	-13.359179	wiiwibmftzsi
23943	-13.359179	xistentielle
23944	-13.359179	écrivons
23945	-13.359179	évidence
23946	-13.359179	англійською
23947	-13.359179	різдво
23948	-13.359179	свої
23949	-13.359179	כתוב
23950	-13.359179	מולד
23951	-13.359179	انگریزی
23952	-13.359179	بینڈ
23953	-13.359179	حصے
23954	-13.359179	سائیکل
23955	-13.359179	سيارة
23956	-13.359179	مکمل
23957	-13.359179	وجوہات
23958	-13.359179	پیشہ
23959	-13.359179	گزرگاہ
23960	-13.359179	یقین
23961	-13.359179	अध्यक्ष
23962	-13.359179	अनोखा
23963	-13.359179	अल्जेरिया
23964	-13.359179	काल्पनिक
23965	-13.359179	खालीलपैकी
23966	-13.359179	खोलीत
23967	-13.359179	गर्मियों
23968	-13.359179	घड़ी
23969	-13.359179	घेतलं
23970	-13.359179	चीजों
23971	-13.359179	जिवंत
23972	-13.359179	दररोज
23973	-13.359179	दूसरे
23974	-13.359179	नींद
23975	-13.359179	नॉर्
23976	-13.359179	बंदूक
23977	-13.359179	बिजली
23978	-13.589773	ă
23979	-15.456883	়
23980	-17.190163	ञ
23981	-17.190262	ڤ
23982	-17.190363	ঞ
23983	-17.190462	ૃ
23984	-17.190563	ೃ
23985	-17.190662	ৃ
23986	-17.190762	ృ
23987	-17.190863	ğ
23988	-17.190962	ീ
23989	-17.191063	ೀ
23990	-17.191162	ھ
23991	-17.191263	ஸ
23992	-17.191362	ങ
23993	-17.191462	ॉ
23994	-17.191563	ੱ
23995	-17.191662	ங
23996	-17.191763	ੈ
23997	-17.191862	ற
23998	-17.191963	্
23999	-17.192062	ै
